[1;92m[+] [0mEnabled environment variable AFL_SKIP_BIN_CHECK with value 1[0m
[1;92m[+] [0mEnabled environment variable AFL_SKIP_CPUFREQ with value 1[0m
[1;92m[+] [0mEnabled environment variable AFL_NO_UI with value 1[0m
[1;92m[+] [0mEnabled environment variable AFL_PATH with value /media/hahafish/Data/ForUbuntu/SymAFL/AFLplusplus[0m
[0;36mafl-fuzz++4.32c[0m based on afl by Michal Zalewski and a large online community
[1;92m[+] [0mAFL++ is maintained by Marc "van Hauser" Heuse, Dominik Maier, Andrea Fioraldi and Heiko "hexcoder" Eißfeldt[0m
[1;92m[+] [0mAFL++ is open source, get it at https://github.com/AFLplusplus/AFLplusplus[0m
[1;92m[+] [0mNOTE: AFL++ >= v3 has changed defaults and behaviours - see README.md[0m
[1;94m[*] [0mGetting to work...[0m
[1;92m[+] [0mUsing exploration-based constant power schedule (EXPLORE)[0m
[1;92m[+] [0mEnabled testcache with 50 MB[0m
[1;92m[+] [0mGenerating fuzz data with a length of min=1 max=1048576[0m
[1;94m[*] [0mChecking core_pattern...[0m
[1;92m[+] [0mDisabling the UI because AFL_NO_UI is set.[0m
[1;92m[+] [0mYou have 14 CPU cores and 2 runnable tasks (utilization: 14%).[0m
[1;92m[+] [0mTry parallel jobs - see docs/fuzzing_in_depth.md#c-using-multiple-cores[0m
[1;94m[*] [0mSetting up output directories...[0m
[1;94m[*] [0mChecking CPU core loadout...[0m
[1;92m[+] [0mFound a free CPU core, try binding to #0.[0m
[1;93m[!] [1;97mWARNING: [0mno -M main node found. It is recommended to run exactly one main instance.[0m
[1;94m[*] [0mValidating target binary...[0m
[1;94m[*] [0mScanning '/media/hahafish/Data/ForUbuntu/test/Realworld/xz/seeds'...[0m
[1;94m[*] [0mCreating hard links for all input files...[0m
[1;92m[+] [0mLoaded a total of 2 seeds.[0m
[1;94m[*] [0mNo auto-generated dictionary tokens to reuse.[0m
[1;94m[*] [0mAttempting dry run with 'id:000000,time:0,execs:0,orig:malformed'...[0m
[1;94m[*] [0mSpinning up the fork server...[0m
[1;92m[+] [0mAll right - new fork server model v1 is up.[0m
[1;94m[*] [0mTarget map size: 1283[0m
[1;90m    len = 16, map size = 47, exec speed = 95 us, hash = 9aeae3317ab94225
[0m[1;94m[*] [0mAttempting dry run with 'id:000001,time:0,execs:0,orig:valid'...[0m
[1;90m    len = 228, map size = 353, exec speed = 115 us, hash = 6e4876af9cf65c39
[0m[1;92m[+] [0mAll test cases processed.[0m
[1;92m[+] [0mHere are some useful stats:

[1;90m    Test case count : [0m2 favored, 0 variable, 0 ignored, 2 total
[1;90m       Bitmap range : [0m47 to 353 bits (average: 200.00 bits)
[1;90m        Exec timing : [0m95 to 115 us (average: 105 us)
[0m
[1;94m[*] [0m-t option specified. We'll use an exec timeout of 2000 ms.[0m
[1;92m[+] [0mAll set and ready to roll![0m
[1;94m[*] [0mEntering queue cycle 1
[0m
[1;94m[*] [0mFuzzing test case #0 (2 total, 0 crashes saved, state: started :-), mode=explore, perf_score=100, weight=1, favorite=1, was_fuzzed=0, exec_us=95, hits=0, map=47, ascii=0, run_time=0:00:00:00)...[0m
[1;94m[*] [0mFuzzing test case #2 (3 total, 0 crashes saved, state: started :-), mode=explore, perf_score=100, weight=1, favorite=1, was_fuzzed=0, exec_us=90, hits=0, map=47, ascii=0, run_time=0:00:00:00)...[0m
[1;94m[*] [0mFuzzing test case #1 (3 total, 0 crashes saved, state: started :-), mode=explore, perf_score=100, weight=1, favorite=1, was_fuzzed=0, exec_us=115, hits=0, map=353, ascii=0, run_time=0:00:00:00)...[0m
[1;94m[*] [0mFuzzing test case #166 (225 total, 0 crashes saved, state: started :-), mode=explore, perf_score=100, weight=1, favorite=1, was_fuzzed=0, exec_us=106, hits=0, map=353, ascii=0, run_time=0:00:00:07)...[0m
[1;94m[*] [0mFuzzing test case #191 (225 total, 0 crashes saved, state: started :-), mode=explore, perf_score=75, weight=2, favorite=1, was_fuzzed=0, exec_us=88, hits=0, map=156, ascii=0, run_time=0:00:00:07)...[0m
[1;94m[*] [0mFuzzing test case #218 (226 total, 0 crashes saved, state: started :-), mode=explore, perf_score=100, weight=0, favorite=1, was_fuzzed=0, exec_us=106, hits=0, map=295, ascii=0, run_time=0:00:00:07)...[0m
[1;94m[*] [0mFuzzing test case #4 (231 total, 0 crashes saved, state: started :-), mode=explore, perf_score=25, weight=2, favorite=1, was_fuzzed=0, exec_us=79, hits=0, map=47, ascii=0, run_time=0:00:00:07)...[0m
[1;94m[*] [0mFuzzing test case #90 (231 total, 0 crashes saved, state: started :-), mode=explore, perf_score=100, weight=2, favorite=1, was_fuzzed=0, exec_us=102, hits=0, map=309, ascii=0, run_time=0:00:00:07)...[0m
[1;94m[*] [0mFuzzing test case #187 (231 total, 0 crashes saved, state: started :-), mode=explore, perf_score=25, weight=2, favorite=1, was_fuzzed=0, exec_us=79, hits=0, map=77, ascii=0, run_time=0:00:00:07)...[0m
[1;94m[*] [0mFuzzing test case #5 (231 total, 0 crashes saved, state: started :-), mode=explore, perf_score=25, weight=2, favorite=1, was_fuzzed=0, exec_us=78, hits=0, map=54, ascii=0, run_time=0:00:00:07)...[0m
[1;94m[*] [0mFuzzing test case #165 (231 total, 0 crashes saved, state: started :-), mode=explore, perf_score=50, weight=2, favorite=1, was_fuzzed=0, exec_us=79, hits=0, map=89, ascii=0, run_time=0:00:00:07)...[0m
[1;94m[*] [0mFuzzing test case #85 (231 total, 0 crashes saved, state: started :-), mode=explore, perf_score=100, weight=0, favorite=1, was_fuzzed=0, exec_us=103, hits=0, map=333, ascii=0, run_time=0:00:00:07)...[0m
[1;94m[*] [0mFuzzing test case #202 (231 total, 0 crashes saved, state: started :-), mode=explore, perf_score=150, weight=0, favorite=1, was_fuzzed=0, exec_us=114, hits=0, map=349, ascii=0, run_time=0:00:00:07)...[0m
[1;94m[*] [0mFuzzing test case #185 (231 total, 0 crashes saved, state: started :-), mode=explore, perf_score=50, weight=2, favorite=1, was_fuzzed=0, exec_us=78, hits=0, map=91, ascii=0, run_time=0:00:00:07)...[0m
[1;94m[*] [0mFuzzing test case #86 (231 total, 0 crashes saved, state: started :-), mode=explore, perf_score=150, weight=0, favorite=1, was_fuzzed=0, exec_us=106, hits=0, map=350, ascii=0, run_time=0:00:00:07)...[0m
[1;94m[*] [0mFuzzing test case #227 (231 total, 0 crashes saved, state: started :-), mode=explore, perf_score=100, weight=2, favorite=1, was_fuzzed=0, exec_us=101, hits=0, map=289, ascii=0, run_time=0:00:00:07)...[0m
[1;94m[*] [0mFuzzing test case #88 (231 total, 0 crashes saved, state: started :-), mode=explore, perf_score=150, weight=2, favorite=1, was_fuzzed=0, exec_us=102, hits=0, map=350, ascii=0, run_time=0:00:00:07)...[0m
[1;94m[*] [0mFuzzing test case #180 (231 total, 0 crashes saved, state: started :-), mode=explore, perf_score=25, weight=2, favorite=1, was_fuzzed=0, exec_us=77, hits=0, map=65, ascii=0, run_time=0:00:00:07)...[0m
[1;94m[*] [0mFuzzing test case #92 (231 total, 0 crashes saved, state: started :-), mode=explore, perf_score=150, weight=0, favorite=1, was_fuzzed=0, exec_us=107, hits=0, map=350, ascii=0, run_time=0:00:00:07)...[0m
[1;94m[*] [0mFuzzing test case #194 (231 total, 0 crashes saved, state: started :-), mode=explore, perf_score=100, weight=2, favorite=1, was_fuzzed=0, exec_us=91, hits=0, map=193, ascii=0, run_time=0:00:00:07)...[0m
[1;94m[*] [0mFuzzing test case #3 (232 total, 0 crashes saved, state: started :-), mode=explore, perf_score=25, weight=2, favorite=1, was_fuzzed=0, exec_us=81, hits=0, map=47, ascii=0, run_time=0:00:00:07)...[0m
[1;94m[*] [0mFuzzing test case #87 (232 total, 0 crashes saved, state: started :-), mode=explore, perf_score=150, weight=0, favorite=1, was_fuzzed=0, exec_us=106, hits=0, map=350, ascii=0, run_time=0:00:00:07)...[0m
[1;94m[*] [0mFuzzing test case #225 (232 total, 0 crashes saved, state: started :-), mode=explore, perf_score=100, weight=2, favorite=1, was_fuzzed=0, exec_us=91, hits=0, map=171, ascii=0, run_time=0:00:00:07)...[0m
[1;94m[*] [0mFuzzing test case #195 (232 total, 0 crashes saved, state: started :-), mode=explore, perf_score=25, weight=2, favorite=1, was_fuzzed=0, exec_us=79, hits=0, map=78, ascii=0, run_time=0:00:00:07)...[0m
[1;94m[*] [0mFuzzing test case #155 (232 total, 0 crashes saved, state: started :-), mode=explore, perf_score=100, weight=2, favorite=1, was_fuzzed=0, exec_us=102, hits=0, map=293, ascii=0, run_time=0:00:00:07)...[0m
[1;94m[*] [0mFuzzing test case #234 (235 total, 0 crashes saved, state: started :-), mode=explore, perf_score=100, weight=1, favorite=1, was_fuzzed=0, exec_us=111, hits=0, map=291, ascii=0, run_time=0:00:00:07)...[0m
[1;94m[*] [0mFuzzing test case #96 (236 total, 0 crashes saved, state: started :-), mode=explore, perf_score=25, weight=2, favorite=1, was_fuzzed=0, exec_us=82, hits=0, map=84, ascii=0, run_time=0:00:00:07)...[0m
[1;94m[*] [0mFuzzing test case #188 (236 total, 0 crashes saved, state: started :-), mode=explore, perf_score=50, weight=2, favorite=1, was_fuzzed=0, exec_us=82, hits=0, map=90, ascii=0, run_time=0:00:00:07)...[0m
[1;94m[*] [0mFuzzing test case #156 (236 total, 0 crashes saved, state: started :-), mode=explore, perf_score=100, weight=0, favorite=1, was_fuzzed=0, exec_us=103, hits=0, map=301, ascii=0, run_time=0:00:00:07)...[0m
[1;94m[*] [0mFuzzing test case #179 (237 total, 0 crashes saved, state: started :-), mode=explore, perf_score=100, weight=0, favorite=1, was_fuzzed=0, exec_us=104, hits=0, map=323, ascii=0, run_time=0:00:00:07)...[0m
[1;94m[*] [0mFuzzing test case #91 (239 total, 0 crashes saved, state: started :-), mode=explore, perf_score=100, weight=0, favorite=1, was_fuzzed=0, exec_us=112, hits=0, map=304, ascii=0, run_time=0:00:00:07)...[0m
[1;94m[*] [0mFuzzing test case #6 (241 total, 0 crashes saved, state: started :-), mode=explore, perf_score=25, weight=2, favorite=1, was_fuzzed=0, exec_us=102, hits=0, map=57, ascii=0, run_time=0:00:00:08)...[0m
[1;94m[*] [0mFuzzing test case #95 (241 total, 0 crashes saved, state: started :-), mode=explore, perf_score=25, weight=2, favorite=1, was_fuzzed=0, exec_us=84, hits=0, map=78, ascii=0, run_time=0:00:00:08)...[0m
[1;94m[*] [0mFuzzing test case #186 (241 total, 0 crashes saved, state: started :-), mode=explore, perf_score=25, weight=2, favorite=1, was_fuzzed=0, exec_us=78, hits=0, map=68, ascii=0, run_time=0:00:00:08)...[0m
[1;94m[*] [0mFuzzing test case #11 (241 total, 0 crashes saved, state: started :-), mode=explore, perf_score=25, weight=2, favorite=1, was_fuzzed=0, exec_us=78, hits=0, map=79, ascii=0, run_time=0:00:00:08)...[0m
[1;94m[*] [0mFuzzing test case #163 (241 total, 0 crashes saved, state: started :-), mode=explore, perf_score=25, weight=2, favorite=1, was_fuzzed=0, exec_us=80, hits=0, map=78, ascii=0, run_time=0:00:00:08)...[0m
[1;94m[*] [0mFuzzing test case #162 (241 total, 0 crashes saved, state: started :-), mode=explore, perf_score=25, weight=2, favorite=1, was_fuzzed=0, exec_us=77, hits=0, map=78, ascii=0, run_time=0:00:00:08)...[0m
[1;94m[*] [0mFuzzing test case #161 (241 total, 0 crashes saved, state: started :-), mode=explore, perf_score=25, weight=2, favorite=1, was_fuzzed=0, exec_us=76, hits=0, map=78, ascii=0, run_time=0:00:00:08)...[0m
[1;94m[*] [0mFuzzing test case #160 (241 total, 0 crashes saved, state: started :-), mode=explore, perf_score=25, weight=2, favorite=1, was_fuzzed=0, exec_us=75, hits=0, map=78, ascii=0, run_time=0:00:00:08)...[0m
[1;94m[*] [0mFuzzing test case #158 (241 total, 0 crashes saved, state: started :-), mode=explore, perf_score=25, weight=2, favorite=1, was_fuzzed=0, exec_us=83, hits=0, map=78, ascii=0, run_time=0:00:00:08)...[0m
[1;94m[*] [0mFuzzing test case #159 (241 total, 0 crashes saved, state: started :-), mode=explore, perf_score=25, weight=2, favorite=1, was_fuzzed=0, exec_us=77, hits=0, map=78, ascii=0, run_time=0:00:00:08)...[0m
[1;94m[*] [0mFuzzing test case #154 (241 total, 0 crashes saved, state: started :-), mode=explore, perf_score=25, weight=2, favorite=1, was_fuzzed=0, exec_us=79, hits=0, map=75, ascii=0, run_time=0:00:00:08)...[0m
[1;94m[*] [0mFuzzing test case #183 (241 total, 0 crashes saved, state: started :-), mode=explore, perf_score=100, weight=0, favorite=1, was_fuzzed=0, exec_us=109, hits=0, map=326, ascii=0, run_time=0:00:00:08)...[0m
[1;94m[*] [0mFuzzing test case #80 (241 total, 0 crashes saved, state: started :-), mode=explore, perf_score=100, weight=0, favorite=1, was_fuzzed=0, exec_us=106, hits=0, map=320, ascii=0, run_time=0:00:00:08)...[0m
[1;94m[*] [0mFuzzing test case #238 (241 total, 0 crashes saved, state: started :-), mode=explore, perf_score=100, weight=1, favorite=1, was_fuzzed=0, exec_us=108, hits=0, map=337, ascii=0, run_time=0:00:00:08)...[0m
[1;94m[*] [0mFuzzing test case #153 (241 total, 0 crashes saved, state: started :-), mode=explore, perf_score=100, weight=2, favorite=1, was_fuzzed=0, exec_us=99, hits=0, map=290, ascii=0, run_time=0:00:00:08)...[0m
[1;94m[*] [0mFuzzing test case #82 (250 total, 0 crashes saved, state: started :-), mode=explore, perf_score=100, weight=0, favorite=1, was_fuzzed=0, exec_us=107, hits=0, map=330, ascii=0, run_time=0:00:00:08)...[0m
[1;94m[*] [0mFuzzing test case #83 (250 total, 0 crashes saved, state: started :-), mode=explore, perf_score=100, weight=0, favorite=1, was_fuzzed=0, exec_us=120, hits=0, map=329, ascii=0, run_time=0:00:00:08)...[0m
[1;94m[*] [0mFuzzing test case #81 (250 total, 0 crashes saved, state: started :-), mode=explore, perf_score=100, weight=0, favorite=1, was_fuzzed=0, exec_us=108, hits=0, map=328, ascii=0, run_time=0:00:00:08)...[0m
[1;94m[*] [0mFuzzing test case #184 (250 total, 0 crashes saved, state: started :-), mode=explore, perf_score=100, weight=0, favorite=1, was_fuzzed=0, exec_us=106, hits=0, map=334, ascii=0, run_time=0:00:00:08)...[0m
[1;94m[*] [0mFuzzing test case #132 (250 total, 0 crashes saved, state: started :-), mode=explore, perf_score=100, weight=0, favorite=1, was_fuzzed=0, exec_us=104, hits=0, map=340, ascii=0, run_time=0:00:00:08)...[0m
[1;94m[*] [0mFuzzing test case #214 (250 total, 0 crashes saved, state: started :-), mode=explore, perf_score=150, weight=0, favorite=1, was_fuzzed=0, exec_us=121, hits=0, map=348, ascii=0, run_time=0:00:00:08)...[0m
[1;94m[*] [0mFuzzing test case #167 (250 total, 0 crashes saved, state: started :-), mode=explore, perf_score=100, weight=2, favorite=1, was_fuzzed=0, exec_us=87, hits=0, map=172, ascii=0, run_time=0:00:00:08)...[0m
[1;94m[*] [0mFuzzing test case #237 (252 total, 0 crashes saved, state: started :-), mode=explore, perf_score=100, weight=0, favorite=1, was_fuzzed=0, exec_us=109, hits=0, map=333, ascii=0, run_time=0:00:00:08)...[0m
[1;94m[*] [0mFuzzing test case #178 (252 total, 0 crashes saved, state: started :-), mode=explore, perf_score=75, weight=0, favorite=1, was_fuzzed=0, exec_us=106, hits=0, map=167, ascii=0, run_time=0:00:00:08)...[0m
[1;94m[*] [0mFuzzing test case #131 (253 total, 0 crashes saved, state: started :-), mode=explore, perf_score=100, weight=0, favorite=1, was_fuzzed=0, exec_us=104, hits=0, map=320, ascii=0, run_time=0:00:00:08)...[0m
[1;94m[*] [0mFuzzing test case #197 (253 total, 0 crashes saved, state: started :-), mode=explore, perf_score=100, weight=0, favorite=1, was_fuzzed=0, exec_us=116, hits=0, map=330, ascii=0, run_time=0:00:00:08)...[0m
[1;94m[*] [0mFuzzing test case #252 (253 total, 0 crashes saved, state: started :-), mode=explore, perf_score=100, weight=1, favorite=1, was_fuzzed=0, exec_us=112, hits=0, map=201, ascii=0, run_time=0:00:00:08)...[0m
[1;94m[*] [0mFuzzing test case #253 (254 total, 0 crashes saved, state: started :-), mode=explore, perf_score=100, weight=1, favorite=1, was_fuzzed=0, exec_us=85, hits=0, map=170, ascii=0, run_time=0:00:00:08)...[0m
[1;94m[*] [0mFuzzing test case #231 (254 total, 0 crashes saved, state: started :-), mode=explore, perf_score=100, weight=2, favorite=1, was_fuzzed=0, exec_us=94, hits=0, map=204, ascii=0, run_time=0:00:00:08)...[0m
[1;94m[*] [0mFuzzing test case #146 (257 total, 0 crashes saved, state: started :-), mode=explore, perf_score=100, weight=0, favorite=1, was_fuzzed=0, exec_us=105, hits=0, map=285, ascii=0, run_time=0:00:00:08)...[0m
[1;94m[*] [0mFuzzing test case #254 (257 total, 0 crashes saved, state: started :-), mode=explore, perf_score=100, weight=1, favorite=1, was_fuzzed=0, exec_us=95, hits=0, map=223, ascii=0, run_time=0:00:00:08)...[0m
[1;94m[*] [0mFuzzing test case #199 (257 total, 0 crashes saved, state: started :-), mode=explore, perf_score=25, weight=2, favorite=1, was_fuzzed=0, exec_us=95, hits=0, map=79, ascii=0, run_time=0:00:00:08)...[0m
[1;94m[*] [0mFuzzing test case #226 (257 total, 0 crashes saved, state: started :-), mode=explore, perf_score=100, weight=0, favorite=1, was_fuzzed=0, exec_us=108, hits=0, map=284, ascii=0, run_time=0:00:00:08)...[0m
[1;94m[*] [0mFuzzing test case #239 (258 total, 0 crashes saved, state: started :-), mode=explore, perf_score=100, weight=0, favorite=1, was_fuzzed=0, exec_us=103, hits=0, map=295, ascii=0, run_time=0:00:00:08)...[0m
[1;94m[*] [0mFuzzing test case #244 (259 total, 0 crashes saved, state: started :-), mode=explore, perf_score=100, weight=0, favorite=1, was_fuzzed=0, exec_us=103, hits=0, map=271, ascii=0, run_time=0:00:00:08)...[0m
[1;94m[*] [0mFuzzing test case #8 (259 total, 0 crashes saved, state: started :-), mode=explore, perf_score=25, weight=2, favorite=1, was_fuzzed=0, exec_us=81, hits=0, map=78, ascii=0, run_time=0:00:00:08)...[0m
[1;94m[*] [0mFuzzing test case #247 (259 total, 0 crashes saved, state: started :-), mode=explore, perf_score=100, weight=2, favorite=1, was_fuzzed=0, exec_us=98, hits=0, map=291, ascii=0, run_time=0:00:00:08)...[0m
[1;94m[*] [0mFuzzing test case #249 (259 total, 0 crashes saved, state: started :-), mode=explore, perf_score=100, weight=0, favorite=1, was_fuzzed=0, exec_us=104, hits=0, map=262, ascii=0, run_time=0:00:00:08)...[0m
[1;94m[*] [0mFuzzing test case #262 (263 total, 0 crashes saved, state: started :-), mode=explore, perf_score=100, weight=1, favorite=1, was_fuzzed=0, exec_us=99, hits=0, map=257, ascii=0, run_time=0:00:00:08)...[0m
[1;94m[*] [0mFuzzing test case #242 (264 total, 0 crashes saved, state: started :-), mode=explore, perf_score=100, weight=2, favorite=1, was_fuzzed=0, exec_us=102, hits=0, map=277, ascii=0, run_time=0:00:00:08)...[0m
[1;94m[*] [0mFuzzing test case #143 (264 total, 0 crashes saved, state: started :-), mode=explore, perf_score=75, weight=1, favorite=0, was_fuzzed=0, exec_us=138, hits=0, map=285, ascii=0, run_time=0:00:00:08)...[0m
[1;94m[*] [0mFuzzing test case #258 (264 total, 0 crashes saved, state: started :-), mode=explore, perf_score=200, weight=0, favorite=1, was_fuzzed=0, exec_us=103, hits=0, map=303, ascii=0, run_time=0:00:00:08)...[0m
[1;94m[*] [0mFuzzing test case #260 (265 total, 0 crashes saved, state: started :-), mode=explore, perf_score=200, weight=2, favorite=1, was_fuzzed=0, exec_us=102, hits=0, map=266, ascii=0, run_time=0:00:00:09)...[0m
[1;94m[*] [0mFuzzing test case #15 (265 total, 0 crashes saved, state: started :-), mode=explore, perf_score=100, weight=0, favorite=1, was_fuzzed=0, exec_us=103, hits=0, map=285, ascii=0, run_time=0:00:00:09)...[0m
[1;94m[*] [0mFuzzing test case #256 (265 total, 0 crashes saved, state: started :-), mode=explore, perf_score=200, weight=2, favorite=1, was_fuzzed=0, exec_us=90, hits=0, map=224, ascii=0, run_time=0:00:00:09)...[0m
[1;94m[*] [0mFuzzing test case #207 (265 total, 0 crashes saved, state: started :-), mode=explore, perf_score=100, weight=2, favorite=0, was_fuzzed=0, exec_us=91, hits=0, map=241, ascii=0, run_time=0:00:00:09)...[0m
[1;94m[*] [0mFuzzing test case #229 (265 total, 0 crashes saved, state: started :-), mode=explore, perf_score=100, weight=0, favorite=1, was_fuzzed=0, exec_us=108, hits=0, map=297, ascii=0, run_time=0:00:00:09)...[0m
[1;94m[*] [0mFuzzing test case #100 (265 total, 0 crashes saved, state: started :-), mode=explore, perf_score=100, weight=2, favorite=0, was_fuzzed=0, exec_us=100, hits=0, map=251, ascii=0, run_time=0:00:00:09)...[0m
[1;94m[*] [0mFuzzing test case #230 (265 total, 0 crashes saved, state: started :-), mode=explore, perf_score=100, weight=0, favorite=1, was_fuzzed=0, exec_us=107, hits=0, map=291, ascii=0, run_time=0:00:00:09)...[0m
[1;94m[*] [0mFuzzing test case #12 (265 total, 0 crashes saved, state: started :-), mode=explore, perf_score=75, weight=0, favorite=1, was_fuzzed=0, exec_us=121, hits=0, map=154, ascii=0, run_time=0:00:00:09)...[0m
[1;94m[*] [0mFuzzing test case #263 (265 total, 0 crashes saved, state: started :-), mode=explore, perf_score=200, weight=2, favorite=1, was_fuzzed=0, exec_us=102, hits=0, map=255, ascii=0, run_time=0:00:00:09)...[0m
[1;94m[*] [0mFuzzing test case #246 (266 total, 0 crashes saved, state: started :-), mode=explore, perf_score=100, weight=0, favorite=1, was_fuzzed=0, exec_us=117, hits=0, map=273, ascii=0, run_time=0:00:00:09)...[0m
[1;94m[*] [0mFuzzing test case #213 (266 total, 0 crashes saved, state: started :-), mode=explore, perf_score=100, weight=0, favorite=0, was_fuzzed=0, exec_us=106, hits=0, map=306, ascii=0, run_time=0:00:00:09)...[0m
[1;94m[*] [0mFuzzing test case #243 (266 total, 0 crashes saved, state: started :-), mode=explore, perf_score=100, weight=2, favorite=1, was_fuzzed=0, exec_us=100, hits=0, map=275, ascii=0, run_time=0:00:00:09)...[0m
[1;94m[*] [0mFuzzing test case #123 (266 total, 0 crashes saved, state: started :-), mode=explore, perf_score=100, weight=2, favorite=0, was_fuzzed=0, exec_us=102, hits=0, map=280, ascii=0, run_time=0:00:00:09)...[0m
[1;94m[*] [0mFuzzing test case #251 (266 total, 0 crashes saved, state: started :-), mode=explore, perf_score=100, weight=2, favorite=1, was_fuzzed=0, exec_us=82, hits=0, map=174, ascii=0, run_time=0:00:00:09)...[0m
[1;94m[*] [0mFuzzing test case #259 (267 total, 0 crashes saved, state: started :-), mode=explore, perf_score=200, weight=0, favorite=1, was_fuzzed=0, exec_us=127, hits=0, map=240, ascii=0, run_time=0:00:00:09)...[0m
[1;94m[*] [0mFuzzing test case #250 (267 total, 0 crashes saved, state: started :-), mode=explore, perf_score=100, weight=2, favorite=1, was_fuzzed=0, exec_us=90, hits=0, map=179, ascii=0, run_time=0:00:00:09)...[0m
[1;94m[*] [0mFuzzing test case #261 (267 total, 0 crashes saved, state: started :-), mode=explore, perf_score=200, weight=0, favorite=1, was_fuzzed=0, exec_us=104, hits=0, map=240, ascii=0, run_time=0:00:00:09)...[0m
[1;94m[*] [0mFuzzing test case #45 (267 total, 0 crashes saved, state: started :-), mode=explore, perf_score=100, weight=1, favorite=0, was_fuzzed=0, exec_us=135, hits=0, map=291, ascii=0, run_time=0:00:00:09)...[0m
[1;94m[*] [0mFuzzing test case #240 (267 total, 0 crashes saved, state: started :-), mode=explore, perf_score=100, weight=2, favorite=1, was_fuzzed=0, exec_us=130, hits=0, map=294, ascii=0, run_time=0:00:00:09)...[0m
[1;94m[*] [0mFuzzing test case #248 (267 total, 0 crashes saved, state: started :-), mode=explore, perf_score=100, weight=0, favorite=1, was_fuzzed=0, exec_us=106, hits=0, map=284, ascii=0, run_time=0:00:00:09)...[0m
[1;94m[*] [0mFuzzing test case #194 (267 total, 0 crashes saved, state: started :-), mode=explore, perf_score=100, weight=1, favorite=1, was_fuzzed=1, exec_us=91, hits=0, map=193, ascii=0, run_time=0:00:00:09)...[0m
[1;94m[*] [0mFuzzing test case #127 (267 total, 0 crashes saved, state: started :-), mode=explore, perf_score=100, weight=0, favorite=1, was_fuzzed=0, exec_us=105, hits=0, map=293, ascii=0, run_time=0:00:00:09)...[0m
[1;94m[*] [0mFuzzing test case #205 (267 total, 0 crashes saved, state: started :-), mode=explore, perf_score=100, weight=0, favorite=1, was_fuzzed=0, exec_us=114, hits=0, map=293, ascii=0, run_time=0:00:00:09)...[0m
[1;94m[*] [0mFuzzing test case #199 (267 total, 0 crashes saved, state: started :-), mode=explore, perf_score=25, weight=1, favorite=1, was_fuzzed=1, exec_us=95, hits=0, map=79, ascii=0, run_time=0:00:00:09)...[0m
[1;94m[*] [0mFuzzing test case #7 (267 total, 0 crashes saved, state: started :-), mode=explore, perf_score=25, weight=2, favorite=0, was_fuzzed=0, exec_us=79, hits=0, map=76, ascii=0, run_time=0:00:00:09)...[0m
[1;94m[*] [0mFuzzing test case #195 (267 total, 0 crashes saved, state: started :-), mode=explore, perf_score=25, weight=1, favorite=1, was_fuzzed=1, exec_us=79, hits=0, map=78, ascii=0, run_time=0:00:00:09)...[0m
[1;94m[*] [0mFuzzing test case #194 (267 total, 0 crashes saved, state: started :-), mode=explore, perf_score=100, weight=1, favorite=1, was_fuzzed=1, exec_us=91, hits=0, map=193, ascii=0, run_time=0:00:00:09)...[0m
[1;94m[*] [0mFuzzing test case #227 (267 total, 0 crashes saved, state: started :-), mode=explore, perf_score=100, weight=1, favorite=1, was_fuzzed=1, exec_us=101, hits=0, map=289, ascii=0, run_time=0:00:00:09)...[0m
[1;94m[*] [0mFuzzing test case #133 (267 total, 0 crashes saved, state: started :-), mode=explore, perf_score=100, weight=0, favorite=0, was_fuzzed=0, exec_us=104, hits=0, map=331, ascii=0, run_time=0:00:00:09)...[0m
[1;94m[*] [0mFuzzing test case #187 (267 total, 0 crashes saved, state: started :-), mode=explore, perf_score=25, weight=1, favorite=1, was_fuzzed=1, exec_us=79, hits=0, map=77, ascii=0, run_time=0:00:00:09)...[0m
[1;94m[*] [0mFuzzing test case #167 (267 total, 0 crashes saved, state: started :-), mode=explore, perf_score=100, weight=1, favorite=1, was_fuzzed=1, exec_us=87, hits=0, map=172, ascii=0, run_time=0:00:00:09)...[0m
[1;94m[*] [0mFuzzing test case #247 (267 total, 0 crashes saved, state: started :-), mode=explore, perf_score=100, weight=1, favorite=1, was_fuzzed=1, exec_us=98, hits=0, map=291, ascii=0, run_time=0:00:00:09)...[0m
[1;94m[*] [0mFuzzing test case #260 (267 total, 0 crashes saved, state: started :-), mode=explore, perf_score=200, weight=1, favorite=1, was_fuzzed=1, exec_us=102, hits=0, map=266, ascii=0, run_time=0:00:00:09)...[0m
[1;94m[*] [0mFuzzing test case #160 (267 total, 0 crashes saved, state: started :-), mode=explore, perf_score=25, weight=1, favorite=1, was_fuzzed=1, exec_us=75, hits=0, map=78, ascii=0, run_time=0:00:00:09)...[0m
[1;94m[*] [0mFuzzing test case #243 (267 total, 0 crashes saved, state: started :-), mode=explore, perf_score=100, weight=1, favorite=1, was_fuzzed=1, exec_us=100, hits=0, map=275, ascii=0, run_time=0:00:00:09)...[0m
[1;94m[*] [0mFuzzing test case #261 (267 total, 0 crashes saved, state: started :-), mode=explore, perf_score=200, weight=0, favorite=1, was_fuzzed=1, exec_us=104, hits=0, map=240, ascii=0, run_time=0:00:00:09)...[0m
[1;94m[*] [0mFuzzing test case #260 (267 total, 0 crashes saved, state: started :-), mode=explore, perf_score=200, weight=1, favorite=1, was_fuzzed=1, exec_us=102, hits=0, map=266, ascii=0, run_time=0:00:00:09)...[0m
[1;94m[*] [0mFuzzing test case #250 (267 total, 0 crashes saved, state: started :-), mode=explore, perf_score=100, weight=1, favorite=1, was_fuzzed=1, exec_us=90, hits=0, map=179, ascii=0, run_time=0:00:00:09)...[0m
[1;94m[*] [0mFuzzing test case #90 (267 total, 0 crashes saved, state: started :-), mode=explore, perf_score=100, weight=1, favorite=1, was_fuzzed=1, exec_us=102, hits=0, map=309, ascii=0, run_time=0:00:00:09)...[0m
[1;94m[*] [0mFuzzing test case #3 (267 total, 0 crashes saved, state: started :-), mode=explore, perf_score=25, weight=0, favorite=1, was_fuzzed=1, exec_us=81, hits=0, map=47, ascii=0, run_time=0:00:00:09)...[0m
[1;94m[*] [0mFuzzing test case #154 (267 total, 0 crashes saved, state: started :-), mode=explore, perf_score=25, weight=1, favorite=1, was_fuzzed=1, exec_us=79, hits=0, map=75, ascii=0, run_time=0:00:00:09)...[0m
[1;94m[*] [0mFuzzing test case #199 (267 total, 0 crashes saved, state: started :-), mode=explore, perf_score=25, weight=1, favorite=1, was_fuzzed=1, exec_us=95, hits=0, map=79, ascii=0, run_time=0:00:00:09)...[0m
[1;94m[*] [0mFuzzing test case #155 (267 total, 0 crashes saved, state: started :-), mode=explore, perf_score=100, weight=1, favorite=1, was_fuzzed=1, exec_us=102, hits=0, map=293, ascii=0, run_time=0:00:00:09)...[0m
[1;94m[*] [0mFuzzing test case #263 (267 total, 0 crashes saved, state: started :-), mode=explore, perf_score=200, weight=1, favorite=1, was_fuzzed=1, exec_us=102, hits=0, map=255, ascii=0, run_time=0:00:00:09)...[0m
[1;94m[*] [0mFuzzing test case #165 (267 total, 0 crashes saved, state: started :-), mode=explore, perf_score=50, weight=1, favorite=1, was_fuzzed=1, exec_us=79, hits=0, map=89, ascii=0, run_time=0:00:00:09)...[0m
[1;94m[*] [0mFuzzing test case #185 (267 total, 0 crashes saved, state: started :-), mode=explore, perf_score=50, weight=1, favorite=1, was_fuzzed=1, exec_us=78, hits=0, map=91, ascii=0, run_time=0:00:00:09)...[0m
[1;94m[*] [0mFuzzing test case #96 (267 total, 0 crashes saved, state: started :-), mode=explore, perf_score=25, weight=1, favorite=1, was_fuzzed=1, exec_us=82, hits=0, map=84, ascii=0, run_time=0:00:00:09)...[0m
[1;94m[*] [0mFuzzing test case #186 (267 total, 0 crashes saved, state: started :-), mode=explore, perf_score=25, weight=1, favorite=1, was_fuzzed=1, exec_us=78, hits=0, map=68, ascii=0, run_time=0:00:00:09)...[0m
[1;94m[*] [0mFuzzing test case #2 (267 total, 0 crashes saved, state: started :-), mode=explore, perf_score=25, weight=0, favorite=1, was_fuzzed=1, exec_us=90, hits=0, map=47, ascii=0, run_time=0:00:00:09)...[0m
[1;94m[*] [0mFuzzing test case #159 (267 total, 0 crashes saved, state: started :-), mode=explore, perf_score=25, weight=1, favorite=1, was_fuzzed=1, exec_us=77, hits=0, map=78, ascii=0, run_time=0:00:00:09)...[0m
[1;94m[*] [0mFuzzing test case #155 (267 total, 0 crashes saved, state: started :-), mode=explore, perf_score=100, weight=1, favorite=1, was_fuzzed=1, exec_us=102, hits=0, map=293, ascii=0, run_time=0:00:00:09)...[0m
[1;94m[*] [0mFuzzing test case #122 (267 total, 0 crashes saved, state: started :-), mode=explore, perf_score=100, weight=0, favorite=0, was_fuzzed=0, exec_us=103, hits=0, map=289, ascii=0, run_time=0:00:00:09)...[0m
[1;94m[*] [0mFuzzing test case #96 (267 total, 0 crashes saved, state: started :-), mode=explore, perf_score=25, weight=1, favorite=1, was_fuzzed=1, exec_us=82, hits=0, map=84, ascii=0, run_time=0:00:00:09)...[0m
[1;94m[*] [0mFuzzing test case #253 (267 total, 0 crashes saved, state: started :-), mode=explore, perf_score=150, weight=1, favorite=1, was_fuzzed=1, exec_us=85, hits=0, map=170, ascii=0, run_time=0:00:00:09)...[0m
[1;94m[*] [0mFuzzing test case #155 (267 total, 0 crashes saved, state: started :-), mode=explore, perf_score=100, weight=1, favorite=1, was_fuzzed=1, exec_us=102, hits=0, map=293, ascii=0, run_time=0:00:00:09)...[0m
[1;94m[*] [0mFuzzing test case #231 (267 total, 0 crashes saved, state: started :-), mode=explore, perf_score=100, weight=1, favorite=1, was_fuzzed=1, exec_us=94, hits=0, map=204, ascii=0, run_time=0:00:00:09)...[0m
[1;94m[*] [0mFuzzing test case #165 (267 total, 0 crashes saved, state: started :-), mode=explore, perf_score=50, weight=1, favorite=1, was_fuzzed=1, exec_us=79, hits=0, map=89, ascii=0, run_time=0:00:00:09)...[0m
[1;94m[*] [0mFuzzing test case #199 (267 total, 0 crashes saved, state: started :-), mode=explore, perf_score=25, weight=1, favorite=1, was_fuzzed=1, exec_us=95, hits=0, map=79, ascii=0, run_time=0:00:00:09)...[0m
[1;94m[*] [0mFuzzing test case #263 (267 total, 0 crashes saved, state: started :-), mode=explore, perf_score=200, weight=1, favorite=1, was_fuzzed=1, exec_us=102, hits=0, map=255, ascii=0, run_time=0:00:00:09)...[0m
[1;94m[*] [0mFuzzing test case #178 (267 total, 0 crashes saved, state: started :-), mode=explore, perf_score=75, weight=0, favorite=1, was_fuzzed=1, exec_us=106, hits=0, map=167, ascii=0, run_time=0:00:00:09)...[0m
[1;94m[*] [0mFuzzing test case #256 (267 total, 0 crashes saved, state: started :-), mode=explore, perf_score=200, weight=1, favorite=1, was_fuzzed=1, exec_us=90, hits=0, map=224, ascii=0, run_time=0:00:00:09)...[0m
[1;94m[*] [0mFuzzing test case #144 (267 total, 0 crashes saved, state: started :-), mode=explore, perf_score=100, weight=1, favorite=0, was_fuzzed=0, exec_us=129, hits=0, map=275, ascii=0, run_time=0:00:00:09)...[0m
[1;94m[*] [0mFuzzing test case #162 (267 total, 0 crashes saved, state: started :-), mode=explore, perf_score=25, weight=1, favorite=1, was_fuzzed=1, exec_us=77, hits=0, map=78, ascii=0, run_time=0:00:00:09)...[0m
[1;94m[*] [0mFuzzing test case #199 (267 total, 0 crashes saved, state: started :-), mode=explore, perf_score=25, weight=1, favorite=1, was_fuzzed=1, exec_us=95, hits=0, map=79, ascii=0, run_time=0:00:00:09)...[0m
[1;94m[*] [0mFuzzing test case #159 (267 total, 0 crashes saved, state: started :-), mode=explore, perf_score=25, weight=1, favorite=1, was_fuzzed=1, exec_us=77, hits=0, map=78, ascii=0, run_time=0:00:00:09)...[0m
[1;94m[*] [0mFuzzing test case #230 (267 total, 0 crashes saved, state: started :-), mode=explore, perf_score=100, weight=0, favorite=1, was_fuzzed=1, exec_us=107, hits=0, map=291, ascii=0, run_time=0:00:00:09)...[0m
[1;94m[*] [0mFuzzing test case #7 (267 total, 0 crashes saved, state: started :-), mode=explore, perf_score=25, weight=1, favorite=0, was_fuzzed=1, exec_us=79, hits=0, map=76, ascii=0, run_time=0:00:00:09)...[0m
[1;94m[*] [0mFuzzing test case #162 (267 total, 0 crashes saved, state: started :-), mode=explore, perf_score=25, weight=1, favorite=1, was_fuzzed=1, exec_us=77, hits=0, map=78, ascii=0, run_time=0:00:00:09)...[0m
[1;94m[*] [0mFuzzing test case #114 (267 total, 0 crashes saved, state: started :-), mode=explore, perf_score=100, weight=0, favorite=0, was_fuzzed=0, exec_us=121, hits=0, map=293, ascii=0, run_time=0:00:00:09)...[0m
[1;94m[*] [0mFuzzing test case #15 (267 total, 0 crashes saved, state: started :-), mode=explore, perf_score=100, weight=0, favorite=1, was_fuzzed=1, exec_us=103, hits=0, map=285, ascii=0, run_time=0:00:00:09)...[0m
[1;94m[*] [0mFuzzing test case #260 (267 total, 0 crashes saved, state: started :-), mode=explore, perf_score=200, weight=1, favorite=1, was_fuzzed=1, exec_us=102, hits=0, map=266, ascii=0, run_time=0:00:00:09)...[0m
[1;94m[*] [0mFuzzing test case #267 (268 total, 0 crashes saved, state: started :-), mode=explore, perf_score=100, weight=1, favorite=1, was_fuzzed=0, exec_us=101, hits=0, map=203, ascii=0, run_time=0:00:00:09)...[0m
[1;94m[*] [0mFuzzing test case #194 (268 total, 0 crashes saved, state: started :-), mode=explore, perf_score=100, weight=1, favorite=1, was_fuzzed=1, exec_us=91, hits=0, map=193, ascii=0, run_time=0:00:00:09)...[0m
[1;94m[*] [0mFuzzing test case #239 (268 total, 0 crashes saved, state: started :-), mode=explore, perf_score=100, weight=0, favorite=1, was_fuzzed=1, exec_us=103, hits=0, map=295, ascii=0, run_time=0:00:00:10)...[0m
[1;94m[*] [0mFuzzing test case #19 (268 total, 0 crashes saved, state: started :-), mode=explore, perf_score=100, weight=2, favorite=0, was_fuzzed=0, exec_us=102, hits=0, map=251, ascii=0, run_time=0:00:00:10)...[0m
[1;94m[*] [0mFuzzing test case #178 (268 total, 0 crashes saved, state: started :-), mode=explore, perf_score=75, weight=0, favorite=1, was_fuzzed=1, exec_us=106, hits=0, map=167, ascii=0, run_time=0:00:00:10)...[0m
[1;94m[*] [0mFuzzing test case #259 (268 total, 0 crashes saved, state: started :-), mode=explore, perf_score=200, weight=0, favorite=1, was_fuzzed=1, exec_us=127, hits=0, map=240, ascii=0, run_time=0:00:00:10)...[0m
[1;94m[*] [0mFuzzing test case #179 (268 total, 0 crashes saved, state: started :-), mode=explore, perf_score=100, weight=0, favorite=1, was_fuzzed=1, exec_us=104, hits=0, map=323, ascii=0, run_time=0:00:00:10)...[0m
[1;94m[*] [0mFuzzing test case #229 (268 total, 0 crashes saved, state: started :-), mode=explore, perf_score=100, weight=0, favorite=1, was_fuzzed=1, exec_us=108, hits=0, map=297, ascii=0, run_time=0:00:00:10)...[0m
[1;94m[*] [0mFuzzing test case #260 (268 total, 0 crashes saved, state: started :-), mode=explore, perf_score=200, weight=1, favorite=1, was_fuzzed=1, exec_us=102, hits=0, map=266, ascii=0, run_time=0:00:00:10)...[0m
[1;94m[*] [0mFuzzing test case #194 (268 total, 0 crashes saved, state: started :-), mode=explore, perf_score=100, weight=1, favorite=1, was_fuzzed=1, exec_us=91, hits=0, map=193, ascii=0, run_time=0:00:00:10)...[0m
[1;94m[*] [0mFuzzing test case #162 (268 total, 0 crashes saved, state: started :-), mode=explore, perf_score=25, weight=1, favorite=1, was_fuzzed=1, exec_us=77, hits=0, map=78, ascii=0, run_time=0:00:00:10)...[0m
[1;94m[*] [0mFuzzing test case #8 (268 total, 0 crashes saved, state: started :-), mode=explore, perf_score=25, weight=1, favorite=1, was_fuzzed=1, exec_us=81, hits=0, map=78, ascii=0, run_time=0:00:00:10)...[0m
[1;94m[*] [0mFuzzing test case #262 (268 total, 0 crashes saved, state: started :-), mode=explore, perf_score=200, weight=1, favorite=1, was_fuzzed=1, exec_us=99, hits=0, map=257, ascii=0, run_time=0:00:00:10)...[0m
[1;94m[*] [0mFuzzing test case #194 (268 total, 0 crashes saved, state: started :-), mode=explore, perf_score=100, weight=1, favorite=1, was_fuzzed=1, exec_us=91, hits=0, map=193, ascii=0, run_time=0:00:00:10)...[0m
[1;94m[*] [0mFuzzing test case #194 (268 total, 0 crashes saved, state: started :-), mode=explore, perf_score=100, weight=1, favorite=1, was_fuzzed=1, exec_us=91, hits=0, map=193, ascii=0, run_time=0:00:00:10)...[0m
[1;94m[*] [0mFuzzing test case #263 (268 total, 0 crashes saved, state: started :-), mode=explore, perf_score=200, weight=1, favorite=1, was_fuzzed=1, exec_us=102, hits=0, map=255, ascii=0, run_time=0:00:00:10)...[0m
[1;94m[*] [0mFuzzing test case #186 (268 total, 0 crashes saved, state: started :-), mode=explore, perf_score=25, weight=1, favorite=1, was_fuzzed=1, exec_us=78, hits=0, map=68, ascii=0, run_time=0:00:00:10)...[0m
[1;94m[*] [0mFuzzing test case #256 (268 total, 0 crashes saved, state: started :-), mode=explore, perf_score=200, weight=1, favorite=1, was_fuzzed=1, exec_us=90, hits=0, map=224, ascii=0, run_time=0:00:00:10)...[0m
[1;94m[*] [0mFuzzing test case #138 (268 total, 0 crashes saved, state: started :-), mode=explore, perf_score=100, weight=0, favorite=0, was_fuzzed=0, exec_us=104, hits=0, map=207, ascii=0, run_time=0:00:00:10)...[0m
[1;94m[*] [0mFuzzing test case #42 (268 total, 0 crashes saved, state: started :-), mode=explore, perf_score=100, weight=2, favorite=0, was_fuzzed=0, exec_us=99, hits=0, map=273, ascii=0, run_time=0:00:00:10)...[0m
[1;94m[*] [0mFuzzing test case #250 (268 total, 0 crashes saved, state: started :-), mode=explore, perf_score=100, weight=1, favorite=1, was_fuzzed=1, exec_us=90, hits=0, map=179, ascii=0, run_time=0:00:00:10)...[0m
[1;94m[*] [0mFuzzing test case #254 (268 total, 0 crashes saved, state: started :-), mode=explore, perf_score=200, weight=1, favorite=1, was_fuzzed=1, exec_us=95, hits=0, map=223, ascii=0, run_time=0:00:00:10)...[0m
[1;94m[*] [0mFuzzing test case #166 (268 total, 0 crashes saved, state: started :-), mode=explore, perf_score=150, weight=0, favorite=1, was_fuzzed=1, exec_us=106, hits=0, map=353, ascii=0, run_time=0:00:00:10)...[0m
[1;94m[*] [0mFuzzing test case #186 (268 total, 0 crashes saved, state: started :-), mode=explore, perf_score=25, weight=1, favorite=1, was_fuzzed=1, exec_us=78, hits=0, map=68, ascii=0, run_time=0:00:00:10)...[0m
[1;94m[*] [0mFuzzing test case #170 (268 total, 0 crashes saved, state: started :-), mode=explore, perf_score=100, weight=2, favorite=0, was_fuzzed=0, exec_us=102, hits=0, map=262, ascii=0, run_time=0:00:00:10)...[0m
[1;94m[*] [0mFuzzing test case #96 (268 total, 0 crashes saved, state: started :-), mode=explore, perf_score=25, weight=1, favorite=1, was_fuzzed=1, exec_us=82, hits=0, map=84, ascii=0, run_time=0:00:00:10)...[0m
[1;94m[*] [0mFuzzing test case #214 (268 total, 0 crashes saved, state: started :-), mode=explore, perf_score=150, weight=0, favorite=1, was_fuzzed=1, exec_us=121, hits=0, map=348, ascii=0, run_time=0:00:00:10)...[0m
[1;94m[*] [0mFuzzing test case #195 (268 total, 0 crashes saved, state: started :-), mode=explore, perf_score=25, weight=1, favorite=1, was_fuzzed=1, exec_us=79, hits=0, map=78, ascii=0, run_time=0:00:00:10)...[0m
[1;94m[*] [0mFuzzing test case #149 (268 total, 0 crashes saved, state: started :-), mode=explore, perf_score=100, weight=2, favorite=0, was_fuzzed=0, exec_us=96, hits=0, map=192, ascii=0, run_time=0:00:00:10)...[0m
[1;94m[*] [0mFuzzing test case #253 (268 total, 0 crashes saved, state: started :-), mode=explore, perf_score=150, weight=1, favorite=1, was_fuzzed=1, exec_us=85, hits=0, map=170, ascii=0, run_time=0:00:00:10)...[0m
[1;94m[*] [0mFuzzing test case #263 (268 total, 0 crashes saved, state: started :-), mode=explore, perf_score=200, weight=1, favorite=1, was_fuzzed=1, exec_us=102, hits=0, map=255, ascii=0, run_time=0:00:00:10)...[0m
[1;94m[*] [0mFuzzing test case #202 (268 total, 0 crashes saved, state: started :-), mode=explore, perf_score=150, weight=0, favorite=1, was_fuzzed=1, exec_us=114, hits=0, map=349, ascii=0, run_time=0:00:00:10)...[0m
[1;94m[*] [0mFuzzing test case #4 (268 total, 0 crashes saved, state: started :-), mode=explore, perf_score=25, weight=0, favorite=1, was_fuzzed=1, exec_us=79, hits=0, map=47, ascii=0, run_time=0:00:00:10)...[0m
[1;94m[*] [0mFuzzing test case #251 (268 total, 0 crashes saved, state: started :-), mode=explore, perf_score=100, weight=1, favorite=1, was_fuzzed=1, exec_us=82, hits=0, map=174, ascii=0, run_time=0:00:00:10)...[0m
[1;94m[*] [0mFuzzing test case #268 (269 total, 0 crashes saved, state: started :-), mode=explore, perf_score=100, weight=1, favorite=1, was_fuzzed=0, exec_us=90, hits=0, map=182, ascii=0, run_time=0:00:00:10)...[0m
[1;94m[*] [0mFuzzing test case #180 (270 total, 0 crashes saved, state: started :-), mode=explore, perf_score=25, weight=1, favorite=1, was_fuzzed=1, exec_us=77, hits=0, map=65, ascii=0, run_time=0:00:00:10)...[0m
[1;94m[*] [0mFuzzing test case #11 (270 total, 0 crashes saved, state: started :-), mode=explore, perf_score=25, weight=1, favorite=1, was_fuzzed=1, exec_us=78, hits=0, map=79, ascii=0, run_time=0:00:00:10)...[0m
[1;94m[*] [0mFuzzing test case #92 (270 total, 0 crashes saved, state: started :-), mode=explore, perf_score=150, weight=0, favorite=1, was_fuzzed=1, exec_us=107, hits=0, map=350, ascii=0, run_time=0:00:00:10)...[0m
[1;94m[*] [0mFuzzing test case #243 (270 total, 0 crashes saved, state: started :-), mode=explore, perf_score=100, weight=1, favorite=1, was_fuzzed=1, exec_us=100, hits=0, map=275, ascii=0, run_time=0:00:00:10)...[0m
[1;94m[*] [0mFuzzing test case #11 (270 total, 0 crashes saved, state: started :-), mode=explore, perf_score=25, weight=1, favorite=1, was_fuzzed=1, exec_us=78, hits=0, map=79, ascii=0, run_time=0:00:00:10)...[0m
[1;94m[*] [0mFuzzing test case #262 (270 total, 0 crashes saved, state: started :-), mode=explore, perf_score=200, weight=1, favorite=1, was_fuzzed=1, exec_us=99, hits=0, map=257, ascii=0, run_time=0:00:00:10)...[0m
[1;94m[*] [0mFuzzing test case #79 (271 total, 0 crashes saved, state: started :-), mode=explore, perf_score=100, weight=0, favorite=0, was_fuzzed=0, exec_us=110, hits=0, map=312, ascii=0, run_time=0:00:00:10)...[0m
[1;94m[*] [0mFuzzing test case #242 (271 total, 0 crashes saved, state: started :-), mode=explore, perf_score=100, weight=1, favorite=1, was_fuzzed=1, exec_us=102, hits=0, map=277, ascii=0, run_time=0:00:00:10)...[0m
[1;94m[*] [0mFuzzing test case #132 (271 total, 0 crashes saved, state: started :-), mode=explore, perf_score=100, weight=0, favorite=1, was_fuzzed=1, exec_us=104, hits=0, map=340, ascii=0, run_time=0:00:00:10)...[0m
[1;94m[*] [0mFuzzing test case #97 (271 total, 0 crashes saved, state: started :-), mode=explore, perf_score=100, weight=1, favorite=0, was_fuzzed=0, exec_us=135, hits=0, map=303, ascii=0, run_time=0:00:00:10)...[0m
[1;94m[*] [0mFuzzing test case #227 (271 total, 0 crashes saved, state: started :-), mode=explore, perf_score=100, weight=1, favorite=1, was_fuzzed=1, exec_us=101, hits=0, map=289, ascii=0, run_time=0:00:00:10)...[0m
[1;94m[*] [0mFuzzing test case #90 (271 total, 0 crashes saved, state: started :-), mode=explore, perf_score=100, weight=1, favorite=1, was_fuzzed=1, exec_us=102, hits=0, map=309, ascii=0, run_time=0:00:00:10)...[0m
[1;94m[*] [0mFuzzing test case #253 (271 total, 0 crashes saved, state: started :-), mode=explore, perf_score=200, weight=1, favorite=1, was_fuzzed=1, exec_us=85, hits=0, map=170, ascii=0, run_time=0:00:00:10)...[0m
[1;94m[*] [0mFuzzing test case #86 (271 total, 0 crashes saved, state: started :-), mode=explore, perf_score=150, weight=0, favorite=1, was_fuzzed=1, exec_us=106, hits=0, map=350, ascii=0, run_time=0:00:00:10)...[0m
[1;94m[*] [0mFuzzing test case #154 (271 total, 0 crashes saved, state: started :-), mode=explore, perf_score=25, weight=1, favorite=1, was_fuzzed=1, exec_us=79, hits=0, map=75, ascii=0, run_time=0:00:00:10)...[0m
[1;94m[*] [0mFuzzing test case #247 (271 total, 0 crashes saved, state: started :-), mode=explore, perf_score=100, weight=1, favorite=1, was_fuzzed=1, exec_us=98, hits=0, map=291, ascii=0, run_time=0:00:00:10)...[0m
[1;94m[*] [0mFuzzing test case #16 (271 total, 0 crashes saved, state: started :-), mode=explore, perf_score=75, weight=2, favorite=0, was_fuzzed=0, exec_us=85, hits=0, map=167, ascii=0, run_time=0:00:00:10)...[0m
[1;94m[*] [0mFuzzing test case #88 (271 total, 0 crashes saved, state: started :-), mode=explore, perf_score=150, weight=1, favorite=1, was_fuzzed=1, exec_us=102, hits=0, map=350, ascii=0, run_time=0:00:00:10)...[0m
[1;94m[*] [0mFuzzing test case #243 (271 total, 0 crashes saved, state: started :-), mode=explore, perf_score=100, weight=1, favorite=1, was_fuzzed=1, exec_us=100, hits=0, map=275, ascii=0, run_time=0:00:00:10)...[0m
[1;94m[*] [0mFuzzing test case #96 (271 total, 0 crashes saved, state: started :-), mode=explore, perf_score=25, weight=1, favorite=1, was_fuzzed=1, exec_us=82, hits=0, map=84, ascii=0, run_time=0:00:00:10)...[0m
[1;94m[*] [0mFuzzing test case #262 (271 total, 0 crashes saved, state: started :-), mode=explore, perf_score=200, weight=1, favorite=1, was_fuzzed=1, exec_us=99, hits=0, map=257, ascii=0, run_time=0:00:00:10)...[0m
[1;94m[*] [0mFuzzing test case #254 (271 total, 0 crashes saved, state: started :-), mode=explore, perf_score=200, weight=1, favorite=1, was_fuzzed=1, exec_us=95, hits=0, map=223, ascii=0, run_time=0:00:00:10)...[0m
[1;94m[*] [0mFuzzing test case #272 (273 total, 0 crashes saved, state: started :-), mode=explore, perf_score=100, weight=1, favorite=1, was_fuzzed=0, exec_us=85, hits=0, map=168, ascii=0, run_time=0:00:00:10)...[0m
[1;94m[*] [0mFuzzing test case #30 (273 total, 0 crashes saved, state: started :-), mode=explore, perf_score=100, weight=2, favorite=0, was_fuzzed=0, exec_us=100, hits=0, map=265, ascii=0, run_time=0:00:00:10)...[0m
[1;94m[*] [0mFuzzing test case #271 (273 total, 0 crashes saved, state: started :-), mode=explore, perf_score=200, weight=2, favorite=1, was_fuzzed=0, exec_us=90, hits=0, map=235, ascii=0, run_time=0:00:00:10)...[0m
[1;94m[*] [0mFuzzing test case #180 (273 total, 0 crashes saved, state: started :-), mode=explore, perf_score=25, weight=1, favorite=1, was_fuzzed=1, exec_us=77, hits=0, map=65, ascii=0, run_time=0:00:00:10)...[0m
[1;94m[*] [0mFuzzing test case #4 (273 total, 0 crashes saved, state: started :-), mode=explore, perf_score=25, weight=0, favorite=1, was_fuzzed=1, exec_us=79, hits=0, map=47, ascii=0, run_time=0:00:00:10)...[0m
[1;94m[*] [0mFuzzing test case #160 (273 total, 0 crashes saved, state: started :-), mode=explore, perf_score=25, weight=1, favorite=1, was_fuzzed=1, exec_us=75, hits=0, map=78, ascii=0, run_time=0:00:00:10)...[0m
[1;94m[*] [0mFuzzing test case #191 (273 total, 0 crashes saved, state: started :-), mode=explore, perf_score=75, weight=1, favorite=1, was_fuzzed=1, exec_us=88, hits=0, map=156, ascii=0, run_time=0:00:00:10)...[0m
[1;94m[*] [0mFuzzing test case #9 (273 total, 0 crashes saved, state: started :-), mode=explore, perf_score=25, weight=2, favorite=0, was_fuzzed=0, exec_us=80, hits=0, map=78, ascii=0, run_time=0:00:00:10)...[0m
[1;94m[*] [0mFuzzing test case #159 (273 total, 0 crashes saved, state: started :-), mode=explore, perf_score=25, weight=1, favorite=1, was_fuzzed=1, exec_us=77, hits=0, map=78, ascii=0, run_time=0:00:00:10)...[0m
[1;94m[*] [0mFuzzing test case #11 (273 total, 0 crashes saved, state: started :-), mode=explore, perf_score=25, weight=1, favorite=1, was_fuzzed=1, exec_us=78, hits=0, map=79, ascii=0, run_time=0:00:00:10)...[0m
[1;94m[*] [0mFuzzing test case #227 (273 total, 0 crashes saved, state: started :-), mode=explore, perf_score=100, weight=1, favorite=1, was_fuzzed=1, exec_us=101, hits=0, map=289, ascii=0, run_time=0:00:00:10)...[0m
[1;94m[*] [0mFuzzing test case #187 (273 total, 0 crashes saved, state: started :-), mode=explore, perf_score=25, weight=1, favorite=1, was_fuzzed=1, exec_us=79, hits=0, map=77, ascii=0, run_time=0:00:00:10)...[0m
[1;94m[*] [0mFuzzing test case #191 (273 total, 0 crashes saved, state: started :-), mode=explore, perf_score=75, weight=1, favorite=1, was_fuzzed=1, exec_us=88, hits=0, map=156, ascii=0, run_time=0:00:00:10)...[0m
[1;94m[*] [0mFuzzing test case #165 (273 total, 0 crashes saved, state: started :-), mode=explore, perf_score=50, weight=1, favorite=1, was_fuzzed=1, exec_us=79, hits=0, map=89, ascii=0, run_time=0:00:00:10)...[0m
[1;94m[*] [0mFuzzing test case #43 (273 total, 0 crashes saved, state: started :-), mode=explore, perf_score=100, weight=2, favorite=0, was_fuzzed=0, exec_us=101, hits=0, map=285, ascii=0, run_time=0:00:00:10)...[0m
[1;94m[*] [0mFuzzing test case #186 (273 total, 0 crashes saved, state: started :-), mode=explore, perf_score=25, weight=1, favorite=1, was_fuzzed=1, exec_us=78, hits=0, map=68, ascii=0, run_time=0:00:00:10)...[0m
[1;94m[*] [0mFuzzing test case #271 (273 total, 0 crashes saved, state: started :-), mode=explore, perf_score=200, weight=1, favorite=1, was_fuzzed=1, exec_us=90, hits=0, map=235, ascii=0, run_time=0:00:00:10)...[0m
[1;94m[*] [0mFuzzing test case #267 (273 total, 0 crashes saved, state: started :-), mode=explore, perf_score=200, weight=1, favorite=1, was_fuzzed=1, exec_us=101, hits=0, map=203, ascii=0, run_time=0:00:00:10)...[0m
[1;94m[*] [0mFuzzing test case #11 (273 total, 0 crashes saved, state: started :-), mode=explore, perf_score=25, weight=1, favorite=1, was_fuzzed=1, exec_us=78, hits=0, map=79, ascii=0, run_time=0:00:00:10)...[0m
[1;94m[*] [0mFuzzing test case #167 (273 total, 0 crashes saved, state: started :-), mode=explore, perf_score=100, weight=1, favorite=1, was_fuzzed=1, exec_us=87, hits=0, map=172, ascii=0, run_time=0:00:00:10)...[0m
[1;94m[*] [0mFuzzing test case #5 (273 total, 0 crashes saved, state: started :-), mode=explore, perf_score=25, weight=0, favorite=1, was_fuzzed=1, exec_us=78, hits=0, map=54, ascii=0, run_time=0:00:00:10)...[0m
[1;94m[*] [0mFuzzing test case #272 (273 total, 0 crashes saved, state: started :-), mode=explore, perf_score=150, weight=1, favorite=1, was_fuzzed=1, exec_us=85, hits=0, map=168, ascii=0, run_time=0:00:00:10)...[0m
[1;94m[*] [0mFuzzing test case #109 (273 total, 0 crashes saved, state: started :-), mode=explore, perf_score=100, weight=1, favorite=0, was_fuzzed=0, exec_us=135, hits=0, map=307, ascii=0, run_time=0:00:00:10)...[0m
[1;94m[*] [0mFuzzing test case #195 (273 total, 0 crashes saved, state: started :-), mode=explore, perf_score=25, weight=1, favorite=1, was_fuzzed=1, exec_us=79, hits=0, map=78, ascii=0, run_time=0:00:00:10)...[0m
[1;94m[*] [0mFuzzing test case #272 (273 total, 0 crashes saved, state: started :-), mode=explore, perf_score=150, weight=1, favorite=1, was_fuzzed=1, exec_us=85, hits=0, map=168, ascii=0, run_time=0:00:00:10)...[0m
[1;94m[*] [0mFuzzing test case #133 (273 total, 0 crashes saved, state: started :-), mode=explore, perf_score=100, weight=0, favorite=1, was_fuzzed=1, exec_us=104, hits=0, map=331, ascii=0, run_time=0:00:00:10)...[0m
[1;94m[*] [0mFuzzing test case #199 (273 total, 0 crashes saved, state: started :-), mode=explore, perf_score=25, weight=1, favorite=1, was_fuzzed=1, exec_us=95, hits=0, map=79, ascii=0, run_time=0:00:00:10)...[0m
[1;94m[*] [0mFuzzing test case #8 (273 total, 0 crashes saved, state: started :-), mode=explore, perf_score=25, weight=1, favorite=1, was_fuzzed=1, exec_us=81, hits=0, map=78, ascii=0, run_time=0:00:00:10)...[0m
[1;94m[*] [0mFuzzing test case #167 (273 total, 0 crashes saved, state: started :-), mode=explore, perf_score=100, weight=1, favorite=1, was_fuzzed=1, exec_us=87, hits=0, map=172, ascii=0, run_time=0:00:00:10)...[0m
[1;94m[*] [0mFuzzing test case #90 (273 total, 0 crashes saved, state: started :-), mode=explore, perf_score=100, weight=1, favorite=1, was_fuzzed=1, exec_us=102, hits=0, map=309, ascii=0, run_time=0:00:00:10)...[0m
[1;94m[*] [0mFuzzing test case #226 (273 total, 0 crashes saved, state: started :-), mode=explore, perf_score=100, weight=0, favorite=1, was_fuzzed=1, exec_us=108, hits=0, map=284, ascii=0, run_time=0:00:00:10)...[0m
[1;94m[*] [0mFuzzing test case #195 (273 total, 0 crashes saved, state: started :-), mode=explore, perf_score=25, weight=1, favorite=1, was_fuzzed=1, exec_us=79, hits=0, map=78, ascii=0, run_time=0:00:00:11)...[0m
[1;94m[*] [0mFuzzing test case #187 (273 total, 0 crashes saved, state: started :-), mode=explore, perf_score=25, weight=1, favorite=1, was_fuzzed=1, exec_us=79, hits=0, map=77, ascii=0, run_time=0:00:00:11)...[0m
[1;94m[*] [0mFuzzing test case #162 (273 total, 0 crashes saved, state: started :-), mode=explore, perf_score=25, weight=1, favorite=1, was_fuzzed=1, exec_us=77, hits=0, map=78, ascii=0, run_time=0:00:00:11)...[0m
[1;94m[*] [0mFuzzing test case #227 (273 total, 0 crashes saved, state: started :-), mode=explore, perf_score=100, weight=1, favorite=1, was_fuzzed=1, exec_us=101, hits=0, map=289, ascii=0, run_time=0:00:00:11)...[0m
[1;94m[*] [0mFuzzing test case #195 (273 total, 0 crashes saved, state: started :-), mode=explore, perf_score=25, weight=1, favorite=1, was_fuzzed=1, exec_us=79, hits=0, map=78, ascii=0, run_time=0:00:00:11)...[0m
[1;94m[*] [0mFuzzing test case #158 (273 total, 0 crashes saved, state: started :-), mode=explore, perf_score=25, weight=1, favorite=1, was_fuzzed=1, exec_us=83, hits=0, map=78, ascii=0, run_time=0:00:00:11)...[0m
[1;94m[*] [0mFuzzing test case #158 (273 total, 0 crashes saved, state: started :-), mode=explore, perf_score=25, weight=1, favorite=1, was_fuzzed=1, exec_us=83, hits=0, map=78, ascii=0, run_time=0:00:00:11)...[0m
[1;94m[*] [0mFuzzing test case #194 (273 total, 0 crashes saved, state: started :-), mode=explore, perf_score=100, weight=1, favorite=1, was_fuzzed=1, exec_us=91, hits=0, map=193, ascii=0, run_time=0:00:00:11)...[0m
[1;94m[*] [0mFuzzing test case #96 (273 total, 0 crashes saved, state: started :-), mode=explore, perf_score=25, weight=1, favorite=1, was_fuzzed=1, exec_us=82, hits=0, map=84, ascii=0, run_time=0:00:00:11)...[0m
[1;94m[*] [0mFuzzing test case #155 (273 total, 0 crashes saved, state: started :-), mode=explore, perf_score=100, weight=1, favorite=1, was_fuzzed=1, exec_us=102, hits=0, map=293, ascii=0, run_time=0:00:00:11)...[0m
[1;94m[*] [0mFuzzing test case #243 (273 total, 0 crashes saved, state: started :-), mode=explore, perf_score=100, weight=1, favorite=1, was_fuzzed=1, exec_us=100, hits=0, map=275, ascii=0, run_time=0:00:00:11)...[0m
[1;94m[*] [0mFuzzing test case #163 (273 total, 0 crashes saved, state: started :-), mode=explore, perf_score=25, weight=1, favorite=1, was_fuzzed=1, exec_us=80, hits=0, map=78, ascii=0, run_time=0:00:00:11)...[0m
[1;94m[*] [0mFuzzing test case #231 (273 total, 0 crashes saved, state: started :-), mode=explore, perf_score=100, weight=1, favorite=1, was_fuzzed=1, exec_us=94, hits=0, map=204, ascii=0, run_time=0:00:00:11)...[0m
[1;94m[*] [0mFuzzing test case #58 (273 total, 0 crashes saved, state: started :-), mode=explore, perf_score=100, weight=0, favorite=0, was_fuzzed=0, exec_us=109, hits=0, map=281, ascii=0, run_time=0:00:00:11)...[0m
[1;94m[*] [0mFuzzing test case #158 (273 total, 0 crashes saved, state: started :-), mode=explore, perf_score=25, weight=1, favorite=1, was_fuzzed=1, exec_us=83, hits=0, map=78, ascii=0, run_time=0:00:00:11)...[0m
[1;94m[*] [0mFuzzing test case #180 (273 total, 0 crashes saved, state: started :-), mode=explore, perf_score=25, weight=1, favorite=1, was_fuzzed=1, exec_us=77, hits=0, map=65, ascii=0, run_time=0:00:00:11)...[0m
[1;94m[*] [0mFuzzing test case #158 (273 total, 0 crashes saved, state: started :-), mode=explore, perf_score=25, weight=1, favorite=1, was_fuzzed=1, exec_us=83, hits=0, map=78, ascii=0, run_time=0:00:00:11)...[0m
[1;94m[*] [0mFuzzing test case #191 (273 total, 0 crashes saved, state: started :-), mode=explore, perf_score=75, weight=1, favorite=1, was_fuzzed=1, exec_us=88, hits=0, map=156, ascii=0, run_time=0:00:00:11)...[0m
[1;94m[*] [0mFuzzing test case #242 (273 total, 0 crashes saved, state: started :-), mode=explore, perf_score=100, weight=1, favorite=1, was_fuzzed=1, exec_us=102, hits=0, map=277, ascii=0, run_time=0:00:00:11)...[0m
[1;94m[*] [0mFuzzing test case #187 (273 total, 0 crashes saved, state: started :-), mode=explore, perf_score=25, weight=1, favorite=1, was_fuzzed=1, exec_us=79, hits=0, map=77, ascii=0, run_time=0:00:00:11)...[0m
[1;94m[*] [0mFuzzing test case #167 (273 total, 0 crashes saved, state: started :-), mode=explore, perf_score=100, weight=1, favorite=1, was_fuzzed=1, exec_us=87, hits=0, map=172, ascii=0, run_time=0:00:00:11)...[0m
[1;94m[*] [0mFuzzing test case #247 (273 total, 0 crashes saved, state: started :-), mode=explore, perf_score=100, weight=1, favorite=1, was_fuzzed=1, exec_us=98, hits=0, map=291, ascii=0, run_time=0:00:00:11)...[0m
[1;94m[*] [0mFuzzing test case #225 (273 total, 0 crashes saved, state: started :-), mode=explore, perf_score=100, weight=1, favorite=0, was_fuzzed=1, exec_us=91, hits=0, map=171, ascii=0, run_time=0:00:00:11)...[0m
[1;94m[*] [0mFuzzing test case #167 (273 total, 0 crashes saved, state: started :-), mode=explore, perf_score=100, weight=1, favorite=1, was_fuzzed=1, exec_us=87, hits=0, map=172, ascii=0, run_time=0:00:00:11)...[0m
[1;94m[*] [0mFuzzing test case #251 (273 total, 0 crashes saved, state: started :-), mode=explore, perf_score=100, weight=1, favorite=1, was_fuzzed=1, exec_us=82, hits=0, map=174, ascii=0, run_time=0:00:00:11)...[0m
[1;94m[*] [0mFuzzing test case #231 (273 total, 0 crashes saved, state: started :-), mode=explore, perf_score=100, weight=1, favorite=1, was_fuzzed=1, exec_us=94, hits=0, map=204, ascii=0, run_time=0:00:00:11)...[0m
[1;94m[*] [0mFuzzing test case #214 (273 total, 0 crashes saved, state: started :-), mode=explore, perf_score=150, weight=0, favorite=1, was_fuzzed=1, exec_us=121, hits=0, map=348, ascii=0, run_time=0:00:00:11)...[0m
[1;94m[*] [0mFuzzing test case #268 (273 total, 0 crashes saved, state: started :-), mode=explore, perf_score=200, weight=1, favorite=1, was_fuzzed=1, exec_us=90, hits=0, map=182, ascii=0, run_time=0:00:00:11)...[0m
[1;94m[*] [0mFuzzing test case #128 (273 total, 0 crashes saved, state: started :-), mode=explore, perf_score=100, weight=0, favorite=0, was_fuzzed=0, exec_us=103, hits=0, map=299, ascii=0, run_time=0:00:00:11)...[0m
[1;94m[*] [0mFuzzing test case #261 (273 total, 0 crashes saved, state: started :-), mode=explore, perf_score=200, weight=0, favorite=1, was_fuzzed=1, exec_us=104, hits=0, map=240, ascii=0, run_time=0:00:00:11)...[0m
[1;94m[*] [0mFuzzing test case #136 (273 total, 0 crashes saved, state: started :-), mode=explore, perf_score=100, weight=0, favorite=0, was_fuzzed=0, exec_us=112, hits=0, map=272, ascii=0, run_time=0:00:00:11)...[0m
[1;94m[*] [0mFuzzing test case #186 (273 total, 0 crashes saved, state: started :-), mode=explore, perf_score=25, weight=1, favorite=1, was_fuzzed=1, exec_us=78, hits=0, map=68, ascii=0, run_time=0:00:00:11)...[0m
[1;94m[*] [0mFuzzing test case #83 (273 total, 0 crashes saved, state: started :-), mode=explore, perf_score=100, weight=0, favorite=1, was_fuzzed=1, exec_us=120, hits=0, map=329, ascii=0, run_time=0:00:00:11)...[0m
[1;94m[*] [0mFuzzing test case #187 (273 total, 0 crashes saved, state: started :-), mode=explore, perf_score=25, weight=1, favorite=1, was_fuzzed=1, exec_us=79, hits=0, map=77, ascii=0, run_time=0:00:00:11)...[0m
[1;94m[*] [0mFuzzing test case #2 (273 total, 0 crashes saved, state: started :-), mode=explore, perf_score=25, weight=0, favorite=1, was_fuzzed=1, exec_us=90, hits=0, map=47, ascii=0, run_time=0:00:00:11)...[0m
[1;94m[*] [0mFuzzing test case #164 (273 total, 0 crashes saved, state: started :-), mode=explore, perf_score=25, weight=2, favorite=0, was_fuzzed=0, exec_us=79, hits=0, map=78, ascii=0, run_time=0:00:00:11)...[0m
[1;94m[*] [0mFuzzing test case #272 (273 total, 0 crashes saved, state: started :-), mode=explore, perf_score=150, weight=1, favorite=1, was_fuzzed=1, exec_us=85, hits=0, map=168, ascii=0, run_time=0:00:00:11)...[0m
[1;94m[*] [0mFuzzing test case #8 (273 total, 0 crashes saved, state: started :-), mode=explore, perf_score=25, weight=1, favorite=1, was_fuzzed=1, exec_us=81, hits=0, map=78, ascii=0, run_time=0:00:00:11)...[0m
[1;94m[*] [0mFuzzing test case #95 (273 total, 0 crashes saved, state: started :-), mode=explore, perf_score=25, weight=1, favorite=1, was_fuzzed=1, exec_us=84, hits=0, map=78, ascii=0, run_time=0:00:00:11)...[0m
[1;94m[*] [0mFuzzing test case #185 (273 total, 0 crashes saved, state: started :-), mode=explore, perf_score=50, weight=1, favorite=1, was_fuzzed=1, exec_us=78, hits=0, map=91, ascii=0, run_time=0:00:00:11)...[0m
[1;94m[*] [0mFuzzing test case #162 (273 total, 0 crashes saved, state: started :-), mode=explore, perf_score=25, weight=1, favorite=1, was_fuzzed=1, exec_us=77, hits=0, map=78, ascii=0, run_time=0:00:00:11)...[0m
[1;94m[*] [0mFuzzing test case #194 (273 total, 0 crashes saved, state: started :-), mode=explore, perf_score=100, weight=1, favorite=1, was_fuzzed=1, exec_us=91, hits=0, map=193, ascii=0, run_time=0:00:00:11)...[0m
[1;94m[*] [0mFuzzing test case #160 (273 total, 0 crashes saved, state: started :-), mode=explore, perf_score=25, weight=1, favorite=1, was_fuzzed=1, exec_us=75, hits=0, map=78, ascii=0, run_time=0:00:00:11)...[0m
[1;94m[*] [0mEntering queue cycle 2
[0m
[1;94m[*] [0mFuzzing test case #44 (273 total, 0 crashes saved, state: started :-), mode=explore, perf_score=100, weight=2, favorite=0, was_fuzzed=0, exec_us=102, hits=0, map=270, ascii=0, run_time=0:00:00:11)...[0m
[1;94m[*] [0mFuzzing test case #31 (273 total, 0 crashes saved, state: started :-), mode=explore, perf_score=100, weight=2, favorite=0, was_fuzzed=0, exec_us=98, hits=0, map=274, ascii=0, run_time=0:00:00:11)...[0m
[1;94m[*] [0mFuzzing test case #78 (273 total, 0 crashes saved, state: started :-), mode=explore, perf_score=100, weight=2, favorite=0, was_fuzzed=0, exec_us=102, hits=0, map=293, ascii=0, run_time=0:00:00:11)...[0m
[1;94m[*] [0mFuzzing test case #262 (273 total, 0 crashes saved, state: started :-), mode=explore, perf_score=200, weight=1, favorite=1, was_fuzzed=1, exec_us=99, hits=0, map=257, ascii=0, run_time=0:00:00:11)...[0m
[1;94m[*] [0mFuzzing test case #25 (273 total, 0 crashes saved, state: started :-), mode=explore, perf_score=100, weight=2, favorite=0, was_fuzzed=0, exec_us=102, hits=0, map=273, ascii=0, run_time=0:00:00:11)...[0m
[1;94m[*] [0mFuzzing test case #81 (273 total, 0 crashes saved, state: started :-), mode=explore, perf_score=100, weight=0, favorite=1, was_fuzzed=1, exec_us=108, hits=0, map=328, ascii=0, run_time=0:00:00:11)...[0m
[1;94m[*] [0mFuzzing test case #87 (273 total, 0 crashes saved, state: started :-), mode=explore, perf_score=150, weight=0, favorite=1, was_fuzzed=1, exec_us=106, hits=0, map=350, ascii=0, run_time=0:00:00:11)...[0m
[1;94m[*] [0mFuzzing test case #139 (273 total, 0 crashes saved, state: started :-), mode=explore, perf_score=100, weight=0, favorite=0, was_fuzzed=0, exec_us=104, hits=0, map=267, ascii=0, run_time=0:00:00:11)...[0m
[1;94m[*] [0mFuzzing test case #76 (273 total, 0 crashes saved, state: started :-), mode=explore, perf_score=100, weight=0, favorite=0, was_fuzzed=0, exec_us=108, hits=0, map=287, ascii=0, run_time=0:00:00:11)...[0m
[1;94m[*] [0mFuzzing test case #141 (273 total, 0 crashes saved, state: started :-), mode=explore, perf_score=100, weight=2, favorite=0, was_fuzzed=0, exec_us=101, hits=0, map=292, ascii=0, run_time=0:00:00:11)...[0m
[1;94m[*] [0mFuzzing test case #162 (273 total, 0 crashes saved, state: started :-), mode=explore, perf_score=25, weight=1, favorite=1, was_fuzzed=1, exec_us=77, hits=0, map=78, ascii=0, run_time=0:00:00:11)...[0m
[1;94m[*] [0mFuzzing test case #199 (273 total, 0 crashes saved, state: started :-), mode=explore, perf_score=25, weight=1, favorite=1, was_fuzzed=1, exec_us=95, hits=0, map=79, ascii=0, run_time=0:00:00:11)...[0m
[1;94m[*] [0mFuzzing test case #141 (273 total, 0 crashes saved, state: started :-), mode=explore, perf_score=100, weight=1, favorite=1, was_fuzzed=1, exec_us=101, hits=0, map=292, ascii=0, run_time=0:00:00:11)...[0m
[1;94m[*] [0mFuzzing test case #36 (273 total, 0 crashes saved, state: started :-), mode=explore, perf_score=100, weight=2, favorite=0, was_fuzzed=0, exec_us=102, hits=0, map=260, ascii=0, run_time=0:00:00:11)...[0m
[1;94m[*] [0mFuzzing test case #16 (273 total, 0 crashes saved, state: started :-), mode=explore, perf_score=75, weight=1, favorite=0, was_fuzzed=1, exec_us=85, hits=0, map=167, ascii=0, run_time=0:00:00:11)...[0m
[1;94m[*] [0mFuzzing test case #98 (273 total, 0 crashes saved, state: started :-), mode=explore, perf_score=100, weight=2, favorite=0, was_fuzzed=0, exec_us=98, hits=0, map=274, ascii=0, run_time=0:00:00:11)...[0m
[1;94m[*] [0mFuzzing test case #12 (273 total, 0 crashes saved, state: started :-), mode=explore, perf_score=75, weight=0, favorite=1, was_fuzzed=1, exec_us=121, hits=0, map=154, ascii=0, run_time=0:00:00:11)...[0m
[1;94m[*] [0mFuzzing test case #11 (273 total, 0 crashes saved, state: started :-), mode=explore, perf_score=25, weight=1, favorite=1, was_fuzzed=1, exec_us=78, hits=0, map=79, ascii=0, run_time=0:00:00:11)...[0m
[1;94m[*] [0mFuzzing test case #266 (273 total, 0 crashes saved, state: started :-), mode=explore, perf_score=200, weight=2, favorite=0, was_fuzzed=0, exec_us=94, hits=0, map=206, ascii=0, run_time=0:00:00:11)...[0m
[1;94m[*] [0mFuzzing test case #161 (273 total, 0 crashes saved, state: started :-), mode=explore, perf_score=25, weight=1, favorite=1, was_fuzzed=1, exec_us=76, hits=0, map=78, ascii=0, run_time=0:00:00:11)...[0m
[1;94m[*] [0mFuzzing test case #65 (273 total, 0 crashes saved, state: started :-), mode=explore, perf_score=100, weight=0, favorite=0, was_fuzzed=0, exec_us=103, hits=0, map=299, ascii=0, run_time=0:00:00:11)...[0m
[1;94m[*] [0mFuzzing test case #147 (273 total, 0 crashes saved, state: started :-), mode=explore, perf_score=100, weight=1, favorite=0, was_fuzzed=0, exec_us=129, hits=0, map=292, ascii=0, run_time=0:00:00:11)...[0m
[1;94m[*] [0mFuzzing test case #110 (273 total, 0 crashes saved, state: started :-), mode=explore, perf_score=100, weight=2, favorite=0, was_fuzzed=0, exec_us=100, hits=0, map=280, ascii=0, run_time=0:00:00:11)...[0m
[1;94m[*] [0mFuzzing test case #242 (273 total, 0 crashes saved, state: started :-), mode=explore, perf_score=100, weight=1, favorite=1, was_fuzzed=1, exec_us=102, hits=0, map=277, ascii=0, run_time=0:00:00:11)...[0m
[1;94m[*] [0mFuzzing test case #271 (273 total, 0 crashes saved, state: started :-), mode=explore, perf_score=200, weight=1, favorite=1, was_fuzzed=1, exec_us=90, hits=0, map=235, ascii=0, run_time=0:00:00:11)...[0m
[1;94m[*] [0mFuzzing test case #189 (273 total, 0 crashes saved, state: started :-), mode=explore, perf_score=75, weight=2, favorite=0, was_fuzzed=0, exec_us=96, hits=0, map=161, ascii=0, run_time=0:00:00:11)...[0m
[1;94m[*] [0mFuzzing test case #154 (273 total, 0 crashes saved, state: started :-), mode=explore, perf_score=25, weight=1, favorite=1, was_fuzzed=1, exec_us=79, hits=0, map=75, ascii=0, run_time=0:00:00:11)...[0m
[1;94m[*] [0mFuzzing test case #262 (273 total, 0 crashes saved, state: started :-), mode=explore, perf_score=200, weight=1, favorite=1, was_fuzzed=1, exec_us=99, hits=0, map=257, ascii=0, run_time=0:00:00:11)...[0m
[1;94m[*] [0mFuzzing test case #272 (273 total, 0 crashes saved, state: started :-), mode=explore, perf_score=150, weight=1, favorite=1, was_fuzzed=1, exec_us=85, hits=0, map=168, ascii=0, run_time=0:00:00:11)...[0m
[1;94m[*] [0mFuzzing test case #95 (273 total, 0 crashes saved, state: started :-), mode=explore, perf_score=25, weight=1, favorite=1, was_fuzzed=1, exec_us=84, hits=0, map=78, ascii=0, run_time=0:00:00:11)...[0m
[1;94m[*] [0mFuzzing test case #22 (273 total, 0 crashes saved, state: started :-), mode=explore, perf_score=100, weight=2, favorite=0, was_fuzzed=0, exec_us=99, hits=0, map=281, ascii=0, run_time=0:00:00:11)...[0m
[1;94m[*] [0mFuzzing test case #268 (273 total, 0 crashes saved, state: started :-), mode=explore, perf_score=200, weight=1, favorite=1, was_fuzzed=1, exec_us=90, hits=0, map=182, ascii=0, run_time=0:00:00:11)...[0m
[1;94m[*] [0mFuzzing test case #161 (273 total, 0 crashes saved, state: started :-), mode=explore, perf_score=25, weight=1, favorite=1, was_fuzzed=1, exec_us=76, hits=0, map=78, ascii=0, run_time=0:00:00:11)...[0m
[1;94m[*] [0mFuzzing test case #61 (273 total, 0 crashes saved, state: started :-), mode=explore, perf_score=100, weight=2, favorite=0, was_fuzzed=0, exec_us=102, hits=0, map=279, ascii=0, run_time=0:00:00:11)...[0m
[1;94m[*] [0mFuzzing test case #185 (273 total, 0 crashes saved, state: started :-), mode=explore, perf_score=50, weight=1, favorite=1, was_fuzzed=1, exec_us=78, hits=0, map=91, ascii=0, run_time=0:00:00:11)...[0m
[1;94m[*] [0mFuzzing test case #186 (273 total, 0 crashes saved, state: started :-), mode=explore, perf_score=25, weight=1, favorite=1, was_fuzzed=1, exec_us=78, hits=0, map=68, ascii=0, run_time=0:00:00:11)...[0m
[1;94m[*] [0mFuzzing test case #194 (273 total, 0 crashes saved, state: started :-), mode=explore, perf_score=100, weight=1, favorite=1, was_fuzzed=1, exec_us=91, hits=0, map=193, ascii=0, run_time=0:00:00:11)...[0m
[1;94m[*] [0mFuzzing test case #185 (273 total, 0 crashes saved, state: started :-), mode=explore, perf_score=50, weight=1, favorite=1, was_fuzzed=1, exec_us=78, hits=0, map=91, ascii=0, run_time=0:00:00:11)...[0m
[1;94m[*] [0mFuzzing test case #243 (273 total, 0 crashes saved, state: started :-), mode=explore, perf_score=100, weight=1, favorite=1, was_fuzzed=1, exec_us=100, hits=0, map=275, ascii=0, run_time=0:00:00:11)...[0m
[1;94m[*] [0mFuzzing test case #272 (273 total, 0 crashes saved, state: started :-), mode=explore, perf_score=150, weight=1, favorite=1, was_fuzzed=1, exec_us=85, hits=0, map=168, ascii=0, run_time=0:00:00:11)...[0m
[1;94m[*] [0mFuzzing test case #187 (273 total, 0 crashes saved, state: started :-), mode=explore, perf_score=25, weight=1, favorite=1, was_fuzzed=1, exec_us=79, hits=0, map=77, ascii=0, run_time=0:00:00:11)...[0m
[1;94m[*] [0mFuzzing test case #80 (273 total, 0 crashes saved, state: started :-), mode=explore, perf_score=100, weight=0, favorite=1, was_fuzzed=1, exec_us=106, hits=0, map=320, ascii=0, run_time=0:00:00:11)...[0m
[1;94m[*] [0mFuzzing test case #272 (273 total, 0 crashes saved, state: started :-), mode=explore, perf_score=150, weight=1, favorite=1, was_fuzzed=1, exec_us=85, hits=0, map=168, ascii=0, run_time=0:00:00:11)...[0m
[1;94m[*] [0mFuzzing test case #195 (273 total, 0 crashes saved, state: started :-), mode=explore, perf_score=25, weight=1, favorite=1, was_fuzzed=1, exec_us=79, hits=0, map=78, ascii=0, run_time=0:00:00:11)...[0m
[1;94m[*] [0mFuzzing test case #264 (273 total, 0 crashes saved, state: started :-), mode=explore, perf_score=200, weight=0, favorite=0, was_fuzzed=0, exec_us=106, hits=0, map=302, ascii=0, run_time=0:00:00:11)...[0m
[1;94m[*] [0mFuzzing test case #273 (274 total, 0 crashes saved, state: started :-), mode=explore, perf_score=100, weight=1, favorite=1, was_fuzzed=0, exec_us=103, hits=0, map=309, ascii=0, run_time=0:00:00:11)...[0m
[1;94m[*] [0mFuzzing test case #88 (274 total, 0 crashes saved, state: started :-), mode=explore, perf_score=150, weight=1, favorite=1, was_fuzzed=1, exec_us=102, hits=0, map=350, ascii=0, run_time=0:00:00:11)...[0m
[1;94m[*] [0mFuzzing test case #191 (274 total, 0 crashes saved, state: started :-), mode=explore, perf_score=75, weight=1, favorite=1, was_fuzzed=1, exec_us=88, hits=0, map=156, ascii=0, run_time=0:00:00:11)...[0m
[1;94m[*] [0mFuzzing test case #95 (274 total, 0 crashes saved, state: started :-), mode=explore, perf_score=25, weight=1, favorite=1, was_fuzzed=1, exec_us=84, hits=0, map=78, ascii=0, run_time=0:00:00:11)...[0m
[1;94m[*] [0mFuzzing test case #273 (274 total, 0 crashes saved, state: started :-), mode=explore, perf_score=400, weight=0, favorite=1, was_fuzzed=1, exec_us=103, hits=0, map=309, ascii=0, run_time=0:00:00:11)...[0m
[1;94m[*] [0mFuzzing test case #32 (276 total, 0 crashes saved, state: started :-), mode=explore, perf_score=100, weight=2, favorite=0, was_fuzzed=0, exec_us=102, hits=0, map=253, ascii=0, run_time=0:00:00:11)...[0m
[1;94m[*] [0mFuzzing test case #269 (276 total, 0 crashes saved, state: started :-), mode=explore, perf_score=200, weight=2, favorite=0, was_fuzzed=0, exec_us=87, hits=0, map=176, ascii=0, run_time=0:00:00:11)...[0m
[1;94m[*] [0mFuzzing test case #170 (276 total, 0 crashes saved, state: started :-), mode=explore, perf_score=100, weight=1, favorite=0, was_fuzzed=1, exec_us=102, hits=0, map=262, ascii=0, run_time=0:00:00:12)...[0m
[1;94m[*] [0mFuzzing test case #49 (276 total, 0 crashes saved, state: started :-), mode=explore, perf_score=100, weight=0, favorite=0, was_fuzzed=0, exec_us=115, hits=0, map=280, ascii=0, run_time=0:00:00:12)...[0m
[1;94m[*] [0mFuzzing test case #271 (276 total, 0 crashes saved, state: started :-), mode=explore, perf_score=200, weight=1, favorite=1, was_fuzzed=1, exec_us=90, hits=0, map=235, ascii=0, run_time=0:00:00:12)...[0m
[1;94m[*] [0mFuzzing test case #199 (276 total, 0 crashes saved, state: started :-), mode=explore, perf_score=25, weight=1, favorite=1, was_fuzzed=1, exec_us=95, hits=0, map=79, ascii=0, run_time=0:00:00:12)...[0m
[1;94m[*] [0mFuzzing test case #190 (276 total, 0 crashes saved, state: started :-), mode=explore, perf_score=100, weight=2, favorite=0, was_fuzzed=0, exec_us=86, hits=0, map=171, ascii=0, run_time=0:00:00:12)...[0m
[1;94m[*] [0mFuzzing test case #276 (277 total, 0 crashes saved, state: started :-), mode=explore, perf_score=100, weight=1, favorite=1, was_fuzzed=0, exec_us=79, hits=0, map=90, ascii=0, run_time=0:00:00:12)...[0m
[1;94m[*] [0mFuzzing test case #175 (277 total, 0 crashes saved, state: started :-), mode=explore, perf_score=100, weight=2, favorite=0, was_fuzzed=0, exec_us=100, hits=0, map=291, ascii=0, run_time=0:00:00:12)...[0m
[1;94m[*] [0mFuzzing test case #88 (277 total, 0 crashes saved, state: started :-), mode=explore, perf_score=150, weight=1, favorite=1, was_fuzzed=1, exec_us=102, hits=0, map=350, ascii=0, run_time=0:00:00:12)...[0m
[1;94m[*] [0mFuzzing test case #6 (277 total, 0 crashes saved, state: started :-), mode=explore, perf_score=25, weight=1, favorite=1, was_fuzzed=1, exec_us=102, hits=0, map=57, ascii=0, run_time=0:00:00:12)...[0m
[1;94m[*] [0mFuzzing test case #164 (277 total, 0 crashes saved, state: started :-), mode=explore, perf_score=25, weight=1, favorite=0, was_fuzzed=1, exec_us=79, hits=0, map=78, ascii=0, run_time=0:00:00:12)...[0m
[1;94m[*] [0mFuzzing test case #199 (277 total, 0 crashes saved, state: started :-), mode=explore, perf_score=25, weight=1, favorite=1, was_fuzzed=1, exec_us=95, hits=0, map=79, ascii=0, run_time=0:00:00:12)...[0m
[1;94m[*] [0mFuzzing test case #155 (277 total, 0 crashes saved, state: started :-), mode=explore, perf_score=100, weight=1, favorite=1, was_fuzzed=1, exec_us=102, hits=0, map=293, ascii=0, run_time=0:00:00:12)...[0m
[1;94m[*] [0mFuzzing test case #186 (277 total, 0 crashes saved, state: started :-), mode=explore, perf_score=25, weight=1, favorite=1, was_fuzzed=1, exec_us=78, hits=0, map=68, ascii=0, run_time=0:00:00:12)...[0m
[1;94m[*] [0mFuzzing test case #43 (277 total, 0 crashes saved, state: started :-), mode=explore, perf_score=100, weight=1, favorite=1, was_fuzzed=1, exec_us=101, hits=0, map=285, ascii=0, run_time=0:00:00:12)...[0m
[1;94m[*] [0mFuzzing test case #107 (277 total, 0 crashes saved, state: started :-), mode=explore, perf_score=100, weight=2, favorite=0, was_fuzzed=0, exec_us=101, hits=0, map=253, ascii=0, run_time=0:00:00:12)...[0m
[1;94m[*] [0mFuzzing test case #243 (277 total, 0 crashes saved, state: started :-), mode=explore, perf_score=100, weight=1, favorite=1, was_fuzzed=1, exec_us=100, hits=0, map=275, ascii=0, run_time=0:00:00:12)...[0m
[1;94m[*] [0mFuzzing test case #231 (277 total, 0 crashes saved, state: started :-), mode=explore, perf_score=100, weight=1, favorite=1, was_fuzzed=1, exec_us=94, hits=0, map=204, ascii=0, run_time=0:00:00:12)...[0m
[1;94m[*] [0mFuzzing test case #6 (277 total, 0 crashes saved, state: started :-), mode=explore, perf_score=25, weight=1, favorite=1, was_fuzzed=1, exec_us=102, hits=0, map=57, ascii=0, run_time=0:00:00:12)...[0m
[1;94m[*] [0mFuzzing test case #263 (277 total, 0 crashes saved, state: started :-), mode=explore, perf_score=200, weight=1, favorite=1, was_fuzzed=1, exec_us=102, hits=0, map=255, ascii=0, run_time=0:00:00:12)...[0m
[1;94m[*] [0mFuzzing test case #247 (277 total, 0 crashes saved, state: started :-), mode=explore, perf_score=100, weight=1, favorite=1, was_fuzzed=1, exec_us=98, hits=0, map=291, ascii=0, run_time=0:00:00:12)...[0m
[1;94m[*] [0mFuzzing test case #205 (277 total, 0 crashes saved, state: started :-), mode=explore, perf_score=100, weight=0, favorite=1, was_fuzzed=1, exec_us=114, hits=0, map=293, ascii=0, run_time=0:00:00:12)...[0m
[1;94m[*] [0mFuzzing test case #201 (277 total, 0 crashes saved, state: started :-), mode=explore, perf_score=100, weight=2, favorite=0, was_fuzzed=0, exec_us=102, hits=0, map=307, ascii=0, run_time=0:00:00:12)...[0m
[1;94m[*] [0mFuzzing test case #38 (277 total, 0 crashes saved, state: started :-), mode=explore, perf_score=100, weight=2, favorite=0, was_fuzzed=0, exec_us=100, hits=0, map=289, ascii=0, run_time=0:00:00:12)...[0m
[1;94m[*] [0mFuzzing test case #244 (277 total, 0 crashes saved, state: started :-), mode=explore, perf_score=100, weight=0, favorite=1, was_fuzzed=1, exec_us=103, hits=0, map=271, ascii=0, run_time=0:00:00:12)...[0m
[1;94m[*] [0mFuzzing test case #268 (277 total, 0 crashes saved, state: started :-), mode=explore, perf_score=200, weight=1, favorite=1, was_fuzzed=1, exec_us=90, hits=0, map=182, ascii=0, run_time=0:00:00:12)...[0m
[1;94m[*] [0mFuzzing test case #277 (279 total, 0 crashes saved, state: started :-), mode=explore, perf_score=100, weight=1, favorite=1, was_fuzzed=0, exec_us=84, hits=0, map=182, ascii=0, run_time=0:00:00:12)...[0m
[1;94m[*] [0mFuzzing test case #256 (280 total, 0 crashes saved, state: started :-), mode=explore, perf_score=200, weight=1, favorite=1, was_fuzzed=1, exec_us=90, hits=0, map=224, ascii=0, run_time=0:00:00:12)...[0m
[1;94m[*] [0mFuzzing test case #17 (280 total, 0 crashes saved, state: started :-), mode=explore, perf_score=100, weight=2, favorite=0, was_fuzzed=0, exec_us=98, hits=0, map=193, ascii=0, run_time=0:00:00:12)...[0m
[1;94m[*] [0mFuzzing test case #127 (280 total, 0 crashes saved, state: started :-), mode=explore, perf_score=100, weight=0, favorite=1, was_fuzzed=1, exec_us=105, hits=0, map=293, ascii=0, run_time=0:00:00:12)...[0m
[1;94m[*] [0mFuzzing test case #194 (280 total, 0 crashes saved, state: started :-), mode=explore, perf_score=100, weight=1, favorite=1, was_fuzzed=1, exec_us=91, hits=0, map=193, ascii=0, run_time=0:00:00:12)...[0m
[1;94m[*] [0mFuzzing test case #26 (280 total, 0 crashes saved, state: started :-), mode=explore, perf_score=100, weight=2, favorite=0, was_fuzzed=0, exec_us=102, hits=0, map=282, ascii=0, run_time=0:00:00:12)...[0m
[1;94m[*] [0mFuzzing test case #24 (280 total, 0 crashes saved, state: started :-), mode=explore, perf_score=100, weight=2, favorite=0, was_fuzzed=0, exec_us=101, hits=0, map=251, ascii=0, run_time=0:00:00:12)...[0m
[1;94m[*] [0mFuzzing test case #267 (280 total, 0 crashes saved, state: started :-), mode=explore, perf_score=200, weight=1, favorite=1, was_fuzzed=1, exec_us=101, hits=0, map=203, ascii=0, run_time=0:00:00:12)...[0m
[1;94m[*] [0mFuzzing test case #243 (280 total, 0 crashes saved, state: started :-), mode=explore, perf_score=100, weight=1, favorite=1, was_fuzzed=1, exec_us=100, hits=0, map=275, ascii=0, run_time=0:00:00:12)...[0m
[1;94m[*] [0mFuzzing test case #156 (280 total, 0 crashes saved, state: started :-), mode=explore, perf_score=100, weight=0, favorite=1, was_fuzzed=1, exec_us=103, hits=0, map=301, ascii=0, run_time=0:00:00:12)...[0m
[1;94m[*] [0mFuzzing test case #115 (280 total, 0 crashes saved, state: started :-), mode=explore, perf_score=100, weight=2, favorite=0, was_fuzzed=0, exec_us=102, hits=0, map=271, ascii=0, run_time=0:00:00:12)...[0m
[1;94m[*] [0mFuzzing test case #162 (280 total, 0 crashes saved, state: started :-), mode=explore, perf_score=25, weight=1, favorite=1, was_fuzzed=1, exec_us=77, hits=0, map=78, ascii=0, run_time=0:00:00:12)...[0m
[1;94m[*] [0mFuzzing test case #0 (280 total, 0 crashes saved, state: started :-), mode=explore, perf_score=25, weight=0, favorite=1, was_fuzzed=1, exec_us=95, hits=0, map=47, ascii=0, run_time=0:00:00:12)...[0m
[1;94m[*] [0mFuzzing test case #11 (280 total, 0 crashes saved, state: started :-), mode=explore, perf_score=25, weight=1, favorite=1, was_fuzzed=1, exec_us=78, hits=0, map=79, ascii=0, run_time=0:00:00:12)...[0m
[1;94m[*] [0mFuzzing test case #90 (280 total, 0 crashes saved, state: started :-), mode=explore, perf_score=100, weight=1, favorite=1, was_fuzzed=1, exec_us=102, hits=0, map=309, ascii=0, run_time=0:00:00:12)...[0m
[1;94m[*] [0mFuzzing test case #156 (280 total, 0 crashes saved, state: started :-), mode=explore, perf_score=100, weight=0, favorite=1, was_fuzzed=1, exec_us=103, hits=0, map=301, ascii=0, run_time=0:00:00:12)...[0m
[1;94m[*] [0mFuzzing test case #267 (280 total, 0 crashes saved, state: started :-), mode=explore, perf_score=200, weight=1, favorite=1, was_fuzzed=1, exec_us=101, hits=0, map=203, ascii=0, run_time=0:00:00:12)...[0m
[1;94m[*] [0mFuzzing test case #64 (280 total, 0 crashes saved, state: started :-), mode=explore, perf_score=100, weight=2, favorite=0, was_fuzzed=0, exec_us=100, hits=0, map=291, ascii=0, run_time=0:00:00:12)...[0m
[1;94m[*] [0mFuzzing test case #90 (280 total, 0 crashes saved, state: started :-), mode=explore, perf_score=100, weight=1, favorite=1, was_fuzzed=1, exec_us=102, hits=0, map=309, ascii=0, run_time=0:00:00:12)...[0m
[1;94m[*] [0mFuzzing test case #100 (280 total, 0 crashes saved, state: started :-), mode=explore, perf_score=100, weight=1, favorite=1, was_fuzzed=1, exec_us=100, hits=0, map=251, ascii=0, run_time=0:00:00:12)...[0m
[1;94m[*] [0mFuzzing test case #186 (280 total, 0 crashes saved, state: started :-), mode=explore, perf_score=25, weight=1, favorite=1, was_fuzzed=1, exec_us=78, hits=0, map=68, ascii=0, run_time=0:00:00:12)...[0m
[1;94m[*] [0mFuzzing test case #263 (280 total, 0 crashes saved, state: started :-), mode=explore, perf_score=200, weight=1, favorite=1, was_fuzzed=1, exec_us=102, hits=0, map=255, ascii=0, run_time=0:00:00:12)...[0m
[1;94m[*] [0mFuzzing test case #23 (280 total, 0 crashes saved, state: started :-), mode=explore, perf_score=100, weight=0, favorite=0, was_fuzzed=0, exec_us=106, hits=0, map=245, ascii=0, run_time=0:00:00:12)...[0m
[1;94m[*] [0mFuzzing test case #95 (280 total, 0 crashes saved, state: started :-), mode=explore, perf_score=25, weight=1, favorite=1, was_fuzzed=1, exec_us=84, hits=0, map=78, ascii=0, run_time=0:00:00:12)...[0m
[1;94m[*] [0mFuzzing test case #236 (280 total, 0 crashes saved, state: started :-), mode=explore, perf_score=100, weight=1, favorite=0, was_fuzzed=0, exec_us=134, hits=0, map=307, ascii=0, run_time=0:00:00:12)...[0m
[1;94m[*] [0mFuzzing test case #280 (282 total, 0 crashes saved, state: started :-), mode=explore, perf_score=100, weight=1, favorite=1, was_fuzzed=0, exec_us=102, hits=0, map=287, ascii=0, run_time=0:00:00:12)...[0m
[1;94m[*] [0mFuzzing test case #90 (282 total, 0 crashes saved, state: started :-), mode=explore, perf_score=100, weight=1, favorite=1, was_fuzzed=1, exec_us=102, hits=0, map=309, ascii=0, run_time=0:00:00:12)...[0m
[1;94m[*] [0mFuzzing test case #163 (282 total, 0 crashes saved, state: started :-), mode=explore, perf_score=25, weight=1, favorite=1, was_fuzzed=1, exec_us=80, hits=0, map=78, ascii=0, run_time=0:00:00:12)...[0m
[1;94m[*] [0mFuzzing test case #221 (282 total, 0 crashes saved, state: started :-), mode=explore, perf_score=100, weight=2, favorite=0, was_fuzzed=0, exec_us=99, hits=0, map=298, ascii=0, run_time=0:00:00:12)...[0m
[1;94m[*] [0mFuzzing test case #208 (282 total, 0 crashes saved, state: started :-), mode=explore, perf_score=100, weight=2, favorite=0, was_fuzzed=0, exec_us=99, hits=0, map=297, ascii=0, run_time=0:00:00:12)...[0m
[1;94m[*] [0mFuzzing test case #191 (282 total, 0 crashes saved, state: started :-), mode=explore, perf_score=75, weight=1, favorite=1, was_fuzzed=1, exec_us=88, hits=0, map=156, ascii=0, run_time=0:00:00:12)...[0m
[1;94m[*] [0mFuzzing test case #185 (282 total, 0 crashes saved, state: started :-), mode=explore, perf_score=50, weight=1, favorite=1, was_fuzzed=1, exec_us=78, hits=0, map=91, ascii=0, run_time=0:00:00:12)...[0m
[1;94m[*] [0mFuzzing test case #263 (282 total, 0 crashes saved, state: started :-), mode=explore, perf_score=200, weight=1, favorite=1, was_fuzzed=1, exec_us=102, hits=0, map=255, ascii=0, run_time=0:00:00:12)...[0m
[1;94m[*] [0mFuzzing test case #280 (282 total, 0 crashes saved, state: started :-), mode=explore, perf_score=200, weight=1, favorite=1, was_fuzzed=1, exec_us=102, hits=0, map=287, ascii=0, run_time=0:00:00:12)...[0m
[1;94m[*] [0mFuzzing test case #41 (282 total, 0 crashes saved, state: started :-), mode=explore, perf_score=100, weight=2, favorite=0, was_fuzzed=0, exec_us=102, hits=0, map=287, ascii=0, run_time=0:00:00:12)...[0m
[1;94m[*] [0mFuzzing test case #121 (282 total, 0 crashes saved, state: started :-), mode=explore, perf_score=100, weight=2, favorite=0, was_fuzzed=0, exec_us=99, hits=0, map=284, ascii=0, run_time=0:00:00:12)...[0m
[1;94m[*] [0mFuzzing test case #172 (282 total, 0 crashes saved, state: started :-), mode=explore, perf_score=100, weight=0, favorite=0, was_fuzzed=0, exec_us=119, hits=0, map=295, ascii=0, run_time=0:00:00:12)...[0m
[1;94m[*] [0mFuzzing test case #180 (282 total, 0 crashes saved, state: started :-), mode=explore, perf_score=25, weight=1, favorite=1, was_fuzzed=1, exec_us=77, hits=0, map=65, ascii=0, run_time=0:00:00:12)...[0m
[1;94m[*] [0mFuzzing test case #68 (282 total, 0 crashes saved, state: started :-), mode=explore, perf_score=100, weight=2, favorite=0, was_fuzzed=0, exec_us=98, hits=0, map=299, ascii=0, run_time=0:00:00:12)...[0m
[1;94m[*] [0mFuzzing test case #180 (282 total, 0 crashes saved, state: started :-), mode=explore, perf_score=25, weight=1, favorite=1, was_fuzzed=1, exec_us=77, hits=0, map=65, ascii=0, run_time=0:00:00:12)...[0m
[1;94m[*] [0mFuzzing test case #158 (282 total, 0 crashes saved, state: started :-), mode=explore, perf_score=25, weight=1, favorite=1, was_fuzzed=1, exec_us=83, hits=0, map=78, ascii=0, run_time=0:00:00:12)...[0m
[1;94m[*] [0mFuzzing test case #160 (282 total, 0 crashes saved, state: started :-), mode=explore, perf_score=25, weight=1, favorite=1, was_fuzzed=1, exec_us=75, hits=0, map=78, ascii=0, run_time=0:00:00:12)...[0m
[1;94m[*] [0mFuzzing test case #120 (282 total, 0 crashes saved, state: started :-), mode=explore, perf_score=100, weight=2, favorite=0, was_fuzzed=0, exec_us=101, hits=0, map=286, ascii=0, run_time=0:00:00:12)...[0m
[1;94m[*] [0mFuzzing test case #195 (282 total, 0 crashes saved, state: started :-), mode=explore, perf_score=25, weight=1, favorite=1, was_fuzzed=1, exec_us=79, hits=0, map=78, ascii=0, run_time=0:00:00:12)...[0m
[1;94m[*] [0mFuzzing test case #8 (282 total, 0 crashes saved, state: started :-), mode=explore, perf_score=25, weight=1, favorite=1, was_fuzzed=1, exec_us=81, hits=0, map=78, ascii=0, run_time=0:00:00:12)...[0m
[1;94m[*] [0mFuzzing test case #185 (282 total, 0 crashes saved, state: started :-), mode=explore, perf_score=50, weight=1, favorite=1, was_fuzzed=1, exec_us=78, hits=0, map=91, ascii=0, run_time=0:00:00:12)...[0m
[1;94m[*] [0mFuzzing test case #155 (282 total, 0 crashes saved, state: started :-), mode=explore, perf_score=100, weight=1, favorite=1, was_fuzzed=1, exec_us=102, hits=0, map=293, ascii=0, run_time=0:00:00:12)...[0m
[1;94m[*] [0mFuzzing test case #188 (282 total, 0 crashes saved, state: started :-), mode=explore, perf_score=50, weight=1, favorite=1, was_fuzzed=1, exec_us=82, hits=0, map=90, ascii=0, run_time=0:00:00:12)...[0m
[1;94m[*] [0mFuzzing test case #190 (282 total, 0 crashes saved, state: started :-), mode=explore, perf_score=100, weight=1, favorite=1, was_fuzzed=1, exec_us=86, hits=0, map=171, ascii=0, run_time=0:00:00:12)...[0m
[1;94m[*] [0mFuzzing test case #168 (282 total, 0 crashes saved, state: started :-), mode=explore, perf_score=100, weight=2, favorite=0, was_fuzzed=0, exec_us=101, hits=0, map=302, ascii=0, run_time=0:00:00:12)...[0m
[1;94m[*] [0mFuzzing test case #177 (282 total, 0 crashes saved, state: started :-), mode=explore, perf_score=100, weight=2, favorite=0, was_fuzzed=0, exec_us=99, hits=0, map=296, ascii=0, run_time=0:00:00:12)...[0m
[1;94m[*] [0mFuzzing test case #243 (282 total, 0 crashes saved, state: started :-), mode=explore, perf_score=100, weight=1, favorite=1, was_fuzzed=1, exec_us=100, hits=0, map=275, ascii=0, run_time=0:00:00:12)...[0m
[1;94m[*] [0mFuzzing test case #17 (282 total, 0 crashes saved, state: started :-), mode=explore, perf_score=100, weight=1, favorite=0, was_fuzzed=1, exec_us=98, hits=0, map=193, ascii=0, run_time=0:00:00:12)...[0m
[1;94m[*] [0mFuzzing test case #247 (282 total, 0 crashes saved, state: started :-), mode=explore, perf_score=100, weight=1, favorite=1, was_fuzzed=1, exec_us=98, hits=0, map=291, ascii=0, run_time=0:00:00:12)...[0m
[1;94m[*] [0mFuzzing test case #273 (282 total, 0 crashes saved, state: started :-), mode=explore, perf_score=200, weight=0, favorite=1, was_fuzzed=1, exec_us=103, hits=0, map=309, ascii=0, run_time=0:00:00:12)...[0m
[1;94m[*] [0mFuzzing test case #108 (282 total, 0 crashes saved, state: started :-), mode=explore, perf_score=100, weight=2, favorite=0, was_fuzzed=0, exec_us=100, hits=0, map=290, ascii=0, run_time=0:00:00:12)...[0m
[1;94m[*] [0mFuzzing test case #256 (282 total, 0 crashes saved, state: started :-), mode=explore, perf_score=200, weight=1, favorite=1, was_fuzzed=1, exec_us=90, hits=0, map=224, ascii=0, run_time=0:00:00:12)...[0m
[1;94m[*] [0mFuzzing test case #195 (282 total, 0 crashes saved, state: started :-), mode=explore, perf_score=25, weight=1, favorite=1, was_fuzzed=1, exec_us=79, hits=0, map=78, ascii=0, run_time=0:00:00:12)...[0m
[1;94m[*] [0mFuzzing test case #277 (282 total, 0 crashes saved, state: started :-), mode=explore, perf_score=200, weight=1, favorite=1, was_fuzzed=1, exec_us=84, hits=0, map=182, ascii=0, run_time=0:00:00:12)...[0m
[1;94m[*] [0mFuzzing test case #40 (282 total, 0 crashes saved, state: started :-), mode=explore, perf_score=100, weight=2, favorite=0, was_fuzzed=0, exec_us=100, hits=0, map=249, ascii=0, run_time=0:00:00:12)...[0m
[1;94m[*] [0mFuzzing test case #275 (282 total, 0 crashes saved, state: started :-), mode=explore, perf_score=200, weight=2, favorite=0, was_fuzzed=0, exec_us=101, hits=0, map=304, ascii=0, run_time=0:00:00:12)...[0m
[1;94m[*] [0mFuzzing test case #276 (282 total, 0 crashes saved, state: started :-), mode=explore, perf_score=50, weight=1, favorite=1, was_fuzzed=1, exec_us=79, hits=0, map=90, ascii=0, run_time=0:00:00:13)...[0m
[1;94m[*] [0mFuzzing test case #282 (283 total, 0 crashes saved, state: started :-), mode=explore, perf_score=100, weight=1, favorite=1, was_fuzzed=0, exec_us=112, hits=0, map=88, ascii=0, run_time=0:00:00:13)...[0m
[1;94m[*] [0mFuzzing test case #91 (283 total, 0 crashes saved, state: started :-), mode=explore, perf_score=100, weight=0, favorite=1, was_fuzzed=1, exec_us=112, hits=0, map=304, ascii=0, run_time=0:00:00:13)...[0m
[1;94m[*] [0mFuzzing test case #62 (283 total, 0 crashes saved, state: started :-), mode=explore, perf_score=100, weight=0, favorite=0, was_fuzzed=0, exec_us=106, hits=0, map=290, ascii=0, run_time=0:00:00:13)...[0m
[1;94m[*] [0mFuzzing test case #90 (283 total, 0 crashes saved, state: started :-), mode=explore, perf_score=100, weight=1, favorite=1, was_fuzzed=1, exec_us=102, hits=0, map=309, ascii=0, run_time=0:00:00:13)...[0m
[1;94m[*] [0mFuzzing test case #186 (283 total, 0 crashes saved, state: started :-), mode=explore, perf_score=25, weight=1, favorite=1, was_fuzzed=1, exec_us=78, hits=0, map=68, ascii=0, run_time=0:00:00:13)...[0m
[1;94m[*] [0mFuzzing test case #262 (283 total, 0 crashes saved, state: started :-), mode=explore, perf_score=200, weight=1, favorite=1, was_fuzzed=1, exec_us=99, hits=0, map=257, ascii=0, run_time=0:00:00:13)...[0m
[1;94m[*] [0mFuzzing test case #265 (283 total, 0 crashes saved, state: started :-), mode=explore, perf_score=200, weight=2, favorite=0, was_fuzzed=0, exec_us=101, hits=0, map=259, ascii=0, run_time=0:00:00:13)...[0m
[1;94m[*] [0mFuzzing test case #190 (283 total, 0 crashes saved, state: started :-), mode=explore, perf_score=100, weight=1, favorite=1, was_fuzzed=1, exec_us=86, hits=0, map=171, ascii=0, run_time=0:00:00:13)...[0m
[1;94m[*] [0mFuzzing test case #161 (283 total, 0 crashes saved, state: started :-), mode=explore, perf_score=25, weight=1, favorite=1, was_fuzzed=1, exec_us=76, hits=0, map=78, ascii=0, run_time=0:00:00:13)...[0m
[1;94m[*] [0mFuzzing test case #131 (283 total, 0 crashes saved, state: started :-), mode=explore, perf_score=100, weight=0, favorite=1, was_fuzzed=1, exec_us=104, hits=0, map=320, ascii=0, run_time=0:00:00:13)...[0m
[1;94m[*] [0mFuzzing test case #180 (283 total, 0 crashes saved, state: started :-), mode=explore, perf_score=25, weight=1, favorite=1, was_fuzzed=1, exec_us=77, hits=0, map=65, ascii=0, run_time=0:00:00:13)...[0m
[1;94m[*] [0mFuzzing test case #262 (283 total, 0 crashes saved, state: started :-), mode=explore, perf_score=200, weight=1, favorite=1, was_fuzzed=1, exec_us=99, hits=0, map=257, ascii=0, run_time=0:00:00:13)...[0m
[1;94m[*] [0mFuzzing test case #155 (283 total, 0 crashes saved, state: started :-), mode=explore, perf_score=100, weight=1, favorite=1, was_fuzzed=1, exec_us=102, hits=0, map=293, ascii=0, run_time=0:00:00:13)...[0m
[1;94m[*] [0mFuzzing test case #191 (283 total, 0 crashes saved, state: started :-), mode=explore, perf_score=75, weight=1, favorite=1, was_fuzzed=1, exec_us=88, hits=0, map=156, ascii=0, run_time=0:00:00:13)...[0m
[1;94m[*] [0mFuzzing test case #204 (283 total, 0 crashes saved, state: started :-), mode=explore, perf_score=100, weight=2, favorite=0, was_fuzzed=0, exec_us=89, hits=0, map=247, ascii=0, run_time=0:00:00:13)...[0m
[1;94m[*] [0mFuzzing test case #90 (283 total, 0 crashes saved, state: started :-), mode=explore, perf_score=100, weight=1, favorite=1, was_fuzzed=1, exec_us=102, hits=0, map=309, ascii=0, run_time=0:00:00:13)...[0m
[1;94m[*] [0mFuzzing test case #218 (283 total, 0 crashes saved, state: started :-), mode=explore, perf_score=100, weight=0, favorite=1, was_fuzzed=1, exec_us=106, hits=0, map=295, ascii=0, run_time=0:00:00:13)...[0m
[1;94m[*] [0mFuzzing test case #255 (283 total, 0 crashes saved, state: started :-), mode=explore, perf_score=200, weight=2, favorite=0, was_fuzzed=0, exec_us=94, hits=0, map=226, ascii=0, run_time=0:00:00:13)...[0m
[1;94m[*] [0mFuzzing test case #188 (283 total, 0 crashes saved, state: started :-), mode=explore, perf_score=50, weight=1, favorite=1, was_fuzzed=1, exec_us=82, hits=0, map=90, ascii=0, run_time=0:00:00:13)...[0m
[1;94m[*] [0mFuzzing test case #85 (283 total, 0 crashes saved, state: started :-), mode=explore, perf_score=100, weight=0, favorite=1, was_fuzzed=1, exec_us=103, hits=0, map=333, ascii=0, run_time=0:00:00:13)...[0m
[1;94m[*] [0mFuzzing test case #263 (283 total, 0 crashes saved, state: started :-), mode=explore, perf_score=200, weight=1, favorite=1, was_fuzzed=1, exec_us=102, hits=0, map=255, ascii=0, run_time=0:00:00:13)...[0m
[1;94m[*] [0mFuzzing test case #160 (283 total, 0 crashes saved, state: started :-), mode=explore, perf_score=25, weight=1, favorite=1, was_fuzzed=1, exec_us=75, hits=0, map=78, ascii=0, run_time=0:00:00:13)...[0m
[1;94m[*] [0mFuzzing test case #155 (283 total, 0 crashes saved, state: started :-), mode=explore, perf_score=100, weight=1, favorite=1, was_fuzzed=1, exec_us=102, hits=0, map=293, ascii=0, run_time=0:00:00:13)...[0m
[1;94m[*] [0mFuzzing test case #254 (283 total, 0 crashes saved, state: started :-), mode=explore, perf_score=200, weight=1, favorite=1, was_fuzzed=1, exec_us=95, hits=0, map=223, ascii=0, run_time=0:00:00:13)...[0m
[1;94m[*] [0mFuzzing test case #247 (283 total, 0 crashes saved, state: started :-), mode=explore, perf_score=100, weight=1, favorite=1, was_fuzzed=1, exec_us=98, hits=0, map=291, ascii=0, run_time=0:00:00:13)...[0m
[1;94m[*] [0mFuzzing test case #155 (283 total, 0 crashes saved, state: started :-), mode=explore, perf_score=100, weight=1, favorite=1, was_fuzzed=1, exec_us=102, hits=0, map=293, ascii=0, run_time=0:00:00:13)...[0m
[1;94m[*] [0mFuzzing test case #162 (283 total, 0 crashes saved, state: started :-), mode=explore, perf_score=25, weight=1, favorite=1, was_fuzzed=1, exec_us=77, hits=0, map=78, ascii=0, run_time=0:00:00:13)...[0m
[1;94m[*] [0mFuzzing test case #8 (283 total, 0 crashes saved, state: started :-), mode=explore, perf_score=25, weight=1, favorite=1, was_fuzzed=1, exec_us=81, hits=0, map=78, ascii=0, run_time=0:00:00:13)...[0m
[1;94m[*] [0mFuzzing test case #151 (283 total, 0 crashes saved, state: started :-), mode=explore, perf_score=100, weight=0, favorite=0, was_fuzzed=0, exec_us=124, hits=0, map=290, ascii=0, run_time=0:00:00:13)...[0m
[1;94m[*] [0mFuzzing test case #227 (283 total, 0 crashes saved, state: started :-), mode=explore, perf_score=100, weight=1, favorite=0, was_fuzzed=1, exec_us=101, hits=0, map=289, ascii=0, run_time=0:00:00:13)...[0m
[1;94m[*] [0mFuzzing test case #17 (283 total, 0 crashes saved, state: started :-), mode=explore, perf_score=100, weight=1, favorite=0, was_fuzzed=1, exec_us=98, hits=0, map=193, ascii=0, run_time=0:00:00:13)...[0m
[1;94m[*] [0mFuzzing test case #187 (283 total, 0 crashes saved, state: started :-), mode=explore, perf_score=25, weight=1, favorite=1, was_fuzzed=1, exec_us=79, hits=0, map=77, ascii=0, run_time=0:00:00:13)...[0m
[1;94m[*] [0mFuzzing test case #253 (283 total, 0 crashes saved, state: started :-), mode=explore, perf_score=200, weight=1, favorite=0, was_fuzzed=1, exec_us=85, hits=0, map=170, ascii=0, run_time=0:00:00:13)...[0m
[1;94m[*] [0mFuzzing test case #178 (283 total, 0 crashes saved, state: started :-), mode=explore, perf_score=75, weight=0, favorite=1, was_fuzzed=1, exec_us=106, hits=0, map=167, ascii=0, run_time=0:00:00:13)...[0m
[1;94m[*] [0mFuzzing test case #162 (283 total, 0 crashes saved, state: started :-), mode=explore, perf_score=25, weight=1, favorite=1, was_fuzzed=1, exec_us=77, hits=0, map=78, ascii=0, run_time=0:00:00:13)...[0m
[1;94m[*] [0mFuzzing test case #0 (283 total, 0 crashes saved, state: started :-), mode=explore, perf_score=25, weight=0, favorite=1, was_fuzzed=1, exec_us=95, hits=0, map=47, ascii=0, run_time=0:00:00:13)...[0m
[1;94m[*] [0mFuzzing test case #243 (283 total, 0 crashes saved, state: started :-), mode=explore, perf_score=100, weight=1, favorite=1, was_fuzzed=1, exec_us=100, hits=0, map=275, ascii=0, run_time=0:00:00:13)...[0m
[1;94m[*] [0mFuzzing test case #178 (283 total, 0 crashes saved, state: started :-), mode=explore, perf_score=75, weight=0, favorite=1, was_fuzzed=1, exec_us=106, hits=0, map=167, ascii=0, run_time=0:00:00:13)...[0m
[1;94m[*] [0mFuzzing test case #277 (283 total, 0 crashes saved, state: started :-), mode=explore, perf_score=200, weight=1, favorite=1, was_fuzzed=1, exec_us=84, hits=0, map=182, ascii=0, run_time=0:00:00:13)...[0m
[1;94m[*] [0mFuzzing test case #283 (284 total, 0 crashes saved, state: started :-), mode=explore, perf_score=100, weight=1, favorite=1, was_fuzzed=0, exec_us=81, hits=0, map=78, ascii=0, run_time=0:00:00:13)...[0m
[1;94m[*] [0mFuzzing test case #262 (284 total, 0 crashes saved, state: started :-), mode=explore, perf_score=200, weight=1, favorite=1, was_fuzzed=1, exec_us=99, hits=0, map=257, ascii=0, run_time=0:00:00:13)...[0m
[1;94m[*] [0mFuzzing test case #271 (284 total, 0 crashes saved, state: started :-), mode=explore, perf_score=200, weight=1, favorite=1, was_fuzzed=1, exec_us=90, hits=0, map=235, ascii=0, run_time=0:00:00:13)...[0m
[1;94m[*] [0mFuzzing test case #284 (285 total, 0 crashes saved, state: started :-), mode=explore, perf_score=100, weight=1, favorite=1, was_fuzzed=0, exec_us=91, hits=0, map=238, ascii=0, run_time=0:00:00:13)...[0m
[1;94m[*] [0mFuzzing test case #10 (285 total, 0 crashes saved, state: started :-), mode=explore, perf_score=25, weight=2, favorite=0, was_fuzzed=0, exec_us=78, hits=0, map=79, ascii=0, run_time=0:00:00:13)...[0m
[1;94m[*] [0mFuzzing test case #193 (285 total, 0 crashes saved, state: started :-), mode=explore, perf_score=100, weight=0, favorite=0, was_fuzzed=0, exec_us=108, hits=0, map=291, ascii=0, run_time=0:00:00:13)...[0m
[1;94m[*] [0mFuzzing test case #231 (285 total, 0 crashes saved, state: started :-), mode=explore, perf_score=100, weight=1, favorite=1, was_fuzzed=1, exec_us=94, hits=0, map=204, ascii=0, run_time=0:00:00:13)...[0m
[1;94m[*] [0mFuzzing test case #126 (285 total, 0 crashes saved, state: started :-), mode=explore, perf_score=100, weight=2, favorite=0, was_fuzzed=0, exec_us=102, hits=0, map=296, ascii=0, run_time=0:00:00:13)...[0m
[1;94m[*] [0mFuzzing test case #169 (285 total, 0 crashes saved, state: started :-), mode=explore, perf_score=100, weight=2, favorite=0, was_fuzzed=0, exec_us=99, hits=0, map=307, ascii=0, run_time=0:00:00:13)...[0m
[1;94m[*] [0mFuzzing test case #27 (285 total, 0 crashes saved, state: started :-), mode=explore, perf_score=100, weight=2, favorite=0, was_fuzzed=0, exec_us=102, hits=0, map=287, ascii=0, run_time=0:00:00:13)...[0m
[1;94m[*] [0mFuzzing test case #2 (285 total, 0 crashes saved, state: started :-), mode=explore, perf_score=25, weight=0, favorite=1, was_fuzzed=1, exec_us=90, hits=0, map=47, ascii=0, run_time=0:00:00:13)...[0m
[1;94m[*] [0mFuzzing test case #231 (285 total, 0 crashes saved, state: started :-), mode=explore, perf_score=100, weight=1, favorite=1, was_fuzzed=1, exec_us=94, hits=0, map=204, ascii=0, run_time=0:00:00:13)...[0m
[1;94m[*] [0mFuzzing test case #10 (285 total, 0 crashes saved, state: started :-), mode=explore, perf_score=25, weight=1, favorite=1, was_fuzzed=1, exec_us=78, hits=0, map=79, ascii=0, run_time=0:00:00:13)...[0m
[1;94m[*] [0mFuzzing test case #154 (285 total, 0 crashes saved, state: started :-), mode=explore, perf_score=25, weight=1, favorite=1, was_fuzzed=1, exec_us=79, hits=0, map=75, ascii=0, run_time=0:00:00:13)...[0m
[1;94m[*] [0mFuzzing test case #152 (285 total, 0 crashes saved, state: started :-), mode=explore, perf_score=25, weight=2, favorite=0, was_fuzzed=0, exec_us=79, hits=0, map=80, ascii=0, run_time=0:00:00:13)...[0m
[1;94m[*] [0mFuzzing test case #271 (285 total, 0 crashes saved, state: started :-), mode=explore, perf_score=200, weight=1, favorite=1, was_fuzzed=1, exec_us=90, hits=0, map=235, ascii=0, run_time=0:00:00:13)...[0m
[1;94m[*] [0mFuzzing test case #283 (285 total, 0 crashes saved, state: started :-), mode=explore, perf_score=50, weight=1, favorite=1, was_fuzzed=1, exec_us=81, hits=0, map=78, ascii=0, run_time=0:00:00:13)...[0m
[1;94m[*] [0mFuzzing test case #163 (285 total, 0 crashes saved, state: started :-), mode=explore, perf_score=25, weight=1, favorite=1, was_fuzzed=1, exec_us=80, hits=0, map=78, ascii=0, run_time=0:00:00:13)...[0m
[1;94m[*] [0mFuzzing test case #269 (285 total, 0 crashes saved, state: started :-), mode=explore, perf_score=200, weight=1, favorite=0, was_fuzzed=1, exec_us=87, hits=0, map=176, ascii=0, run_time=0:00:00:13)...[0m
[1;94m[*] [0mFuzzing test case #188 (285 total, 0 crashes saved, state: started :-), mode=explore, perf_score=50, weight=1, favorite=1, was_fuzzed=1, exec_us=82, hits=0, map=90, ascii=0, run_time=0:00:00:13)...[0m
[1;94m[*] [0mFuzzing test case #176 (285 total, 0 crashes saved, state: started :-), mode=explore, perf_score=100, weight=2, favorite=0, was_fuzzed=0, exec_us=102, hits=0, map=268, ascii=0, run_time=0:00:00:13)...[0m
[1;94m[*] [0mFuzzing test case #46 (285 total, 0 crashes saved, state: started :-), mode=explore, perf_score=100, weight=0, favorite=0, was_fuzzed=0, exec_us=105, hits=0, map=306, ascii=0, run_time=0:00:00:13)...[0m
[1;94m[*] [0mFuzzing test case #47 (285 total, 0 crashes saved, state: started :-), mode=explore, perf_score=100, weight=0, favorite=0, was_fuzzed=0, exec_us=105, hits=0, map=287, ascii=0, run_time=0:00:00:13)...[0m
[1;94m[*] [0mFuzzing test case #5 (285 total, 0 crashes saved, state: started :-), mode=explore, perf_score=25, weight=1, favorite=1, was_fuzzed=1, exec_us=78, hits=0, map=54, ascii=0, run_time=0:00:00:13)...[0m
[1;94m[*] [0mFuzzing test case #104 (285 total, 0 crashes saved, state: started :-), mode=explore, perf_score=100, weight=2, favorite=0, was_fuzzed=0, exec_us=98, hits=0, map=254, ascii=0, run_time=0:00:00:13)...[0m
[1;94m[*] [0mFuzzing test case #6 (285 total, 0 crashes saved, state: started :-), mode=explore, perf_score=25, weight=1, favorite=1, was_fuzzed=1, exec_us=102, hits=0, map=57, ascii=0, run_time=0:00:00:13)...[0m
[1;94m[*] [0mFuzzing test case #165 (285 total, 0 crashes saved, state: started :-), mode=explore, perf_score=50, weight=1, favorite=1, was_fuzzed=1, exec_us=79, hits=0, map=89, ascii=0, run_time=0:00:00:13)...[0m
[1;94m[*] [0mFuzzing test case #77 (285 total, 0 crashes saved, state: started :-), mode=explore, perf_score=100, weight=0, favorite=0, was_fuzzed=0, exec_us=103, hits=0, map=287, ascii=0, run_time=0:00:00:13)...[0m
[1;94m[*] [0mFuzzing test case #0 (285 total, 0 crashes saved, state: started :-), mode=explore, perf_score=25, weight=0, favorite=1, was_fuzzed=1, exec_us=95, hits=0, map=47, ascii=0, run_time=0:00:00:13)...[0m
[1;94m[*] [0mFuzzing test case #163 (285 total, 0 crashes saved, state: started :-), mode=explore, perf_score=25, weight=1, favorite=1, was_fuzzed=1, exec_us=80, hits=0, map=78, ascii=0, run_time=0:00:00:13)...[0m
[1;94m[*] [0mFuzzing test case #91 (285 total, 0 crashes saved, state: started :-), mode=explore, perf_score=100, weight=0, favorite=1, was_fuzzed=1, exec_us=112, hits=0, map=304, ascii=0, run_time=0:00:00:13)...[0m
[1;94m[*] [0mFuzzing test case #82 (285 total, 0 crashes saved, state: started :-), mode=explore, perf_score=100, weight=0, favorite=1, was_fuzzed=1, exec_us=107, hits=0, map=330, ascii=0, run_time=0:00:00:13)...[0m
[1;94m[*] [0mFuzzing test case #88 (285 total, 0 crashes saved, state: started :-), mode=explore, perf_score=150, weight=1, favorite=1, was_fuzzed=1, exec_us=102, hits=0, map=350, ascii=0, run_time=0:00:00:13)...[0m
[1;94m[*] [0mFuzzing test case #267 (285 total, 0 crashes saved, state: started :-), mode=explore, perf_score=200, weight=1, favorite=1, was_fuzzed=1, exec_us=101, hits=0, map=203, ascii=0, run_time=0:00:00:13)...[0m
[1;94m[*] [0mFuzzing test case #262 (285 total, 0 crashes saved, state: started :-), mode=explore, perf_score=200, weight=1, favorite=1, was_fuzzed=1, exec_us=99, hits=0, map=257, ascii=0, run_time=0:00:00:13)...[0m
[1;94m[*] [0mFuzzing test case #95 (285 total, 0 crashes saved, state: started :-), mode=explore, perf_score=25, weight=1, favorite=1, was_fuzzed=1, exec_us=84, hits=0, map=78, ascii=0, run_time=0:00:00:13)...[0m
[1;94m[*] [0mFuzzing test case #75 (285 total, 0 crashes saved, state: started :-), mode=explore, perf_score=100, weight=0, favorite=0, was_fuzzed=0, exec_us=124, hits=0, map=299, ascii=0, run_time=0:00:00:13)...[0m
[1;94m[*] [0mFuzzing test case #262 (285 total, 0 crashes saved, state: started :-), mode=explore, perf_score=200, weight=1, favorite=1, was_fuzzed=1, exec_us=99, hits=0, map=257, ascii=0, run_time=0:00:00:13)...[0m
[1;94m[*] [0mFuzzing test case #157 (285 total, 0 crashes saved, state: started :-), mode=explore, perf_score=100, weight=2, favorite=0, was_fuzzed=0, exec_us=102, hits=0, map=291, ascii=0, run_time=0:00:00:13)...[0m
[1;94m[*] [0mFuzzing test case #243 (285 total, 0 crashes saved, state: started :-), mode=explore, perf_score=100, weight=1, favorite=1, was_fuzzed=1, exec_us=100, hits=0, map=275, ascii=0, run_time=0:00:00:13)...[0m
[1;94m[*] [0mFuzzing test case #67 (285 total, 0 crashes saved, state: started :-), mode=explore, perf_score=100, weight=0, favorite=0, was_fuzzed=0, exec_us=107, hits=0, map=312, ascii=0, run_time=0:00:00:13)...[0m
[1;94m[*] [0mFuzzing test case #8 (285 total, 0 crashes saved, state: started :-), mode=explore, perf_score=25, weight=1, favorite=1, was_fuzzed=1, exec_us=81, hits=0, map=78, ascii=0, run_time=0:00:00:13)...[0m
[1;94m[*] [0mFuzzing test case #230 (285 total, 0 crashes saved, state: started :-), mode=explore, perf_score=100, weight=0, favorite=1, was_fuzzed=1, exec_us=107, hits=0, map=291, ascii=0, run_time=0:00:00:13)...[0m
[1;94m[*] [0mFuzzing test case #256 (285 total, 0 crashes saved, state: started :-), mode=explore, perf_score=200, weight=1, favorite=1, was_fuzzed=1, exec_us=90, hits=0, map=224, ascii=0, run_time=0:00:00:13)...[0m
[1;94m[*] [0mFuzzing test case #230 (285 total, 0 crashes saved, state: started :-), mode=explore, perf_score=100, weight=0, favorite=1, was_fuzzed=1, exec_us=107, hits=0, map=291, ascii=0, run_time=0:00:00:13)...[0m
[1;94m[*] [0mFuzzing test case #284 (285 total, 0 crashes saved, state: started :-), mode=explore, perf_score=200, weight=1, favorite=1, was_fuzzed=1, exec_us=91, hits=0, map=238, ascii=0, run_time=0:00:00:13)...[0m
[1;94m[*] [0mFuzzing test case #90 (285 total, 0 crashes saved, state: started :-), mode=explore, perf_score=100, weight=1, favorite=1, was_fuzzed=1, exec_us=102, hits=0, map=309, ascii=0, run_time=0:00:00:13)...[0m
[1;94m[*] [0mFuzzing test case #242 (285 total, 0 crashes saved, state: started :-), mode=explore, perf_score=100, weight=1, favorite=1, was_fuzzed=1, exec_us=102, hits=0, map=277, ascii=0, run_time=0:00:00:13)...[0m
[1;94m[*] [0mFuzzing test case #188 (285 total, 0 crashes saved, state: started :-), mode=explore, perf_score=50, weight=1, favorite=1, was_fuzzed=1, exec_us=82, hits=0, map=90, ascii=0, run_time=0:00:00:13)...[0m
[1;94m[*] [0mFuzzing test case #256 (285 total, 0 crashes saved, state: started :-), mode=explore, perf_score=200, weight=1, favorite=1, was_fuzzed=1, exec_us=90, hits=0, map=224, ascii=0, run_time=0:00:00:13)...[0m
[1;94m[*] [0mFuzzing test case #231 (285 total, 0 crashes saved, state: started :-), mode=explore, perf_score=100, weight=1, favorite=1, was_fuzzed=1, exec_us=94, hits=0, map=204, ascii=0, run_time=0:00:00:13)...[0m
[1;94m[*] [0mFuzzing test case #180 (285 total, 0 crashes saved, state: started :-), mode=explore, perf_score=25, weight=1, favorite=1, was_fuzzed=1, exec_us=77, hits=0, map=65, ascii=0, run_time=0:00:00:13)...[0m
[1;94m[*] [0mFuzzing test case #83 (285 total, 0 crashes saved, state: started :-), mode=explore, perf_score=100, weight=0, favorite=1, was_fuzzed=1, exec_us=120, hits=0, map=329, ascii=0, run_time=0:00:00:13)...[0m
[1;94m[*] [0mFuzzing test case #44 (285 total, 0 crashes saved, state: started :-), mode=explore, perf_score=100, weight=1, favorite=0, was_fuzzed=1, exec_us=102, hits=0, map=270, ascii=0, run_time=0:00:00:13)...[0m
[1;94m[*] [0mFuzzing test case #185 (285 total, 0 crashes saved, state: started :-), mode=explore, perf_score=50, weight=1, favorite=1, was_fuzzed=1, exec_us=78, hits=0, map=91, ascii=0, run_time=0:00:00:14)...[0m
[1;94m[*] [0mFuzzing test case #243 (285 total, 0 crashes saved, state: started :-), mode=explore, perf_score=100, weight=1, favorite=1, was_fuzzed=1, exec_us=100, hits=0, map=275, ascii=0, run_time=0:00:00:14)...[0m
[1;94m[*] [0mFuzzing test case #180 (285 total, 0 crashes saved, state: started :-), mode=explore, perf_score=25, weight=1, favorite=1, was_fuzzed=1, exec_us=77, hits=0, map=65, ascii=0, run_time=0:00:00:14)...[0m
[1;94m[*] [0mFuzzing test case #111 (285 total, 0 crashes saved, state: started :-), mode=explore, perf_score=100, weight=2, favorite=0, was_fuzzed=0, exec_us=101, hits=0, map=280, ascii=0, run_time=0:00:00:14)...[0m
[1;94m[*] [0mFuzzing test case #267 (285 total, 0 crashes saved, state: started :-), mode=explore, perf_score=200, weight=1, favorite=1, was_fuzzed=1, exec_us=101, hits=0, map=203, ascii=0, run_time=0:00:00:14)...[0m
[1;94m[*] [0mFuzzing test case #199 (285 total, 0 crashes saved, state: started :-), mode=explore, perf_score=25, weight=1, favorite=1, was_fuzzed=1, exec_us=95, hits=0, map=79, ascii=0, run_time=0:00:00:14)...[0m
[1;94m[*] [0mFuzzing test case #183 (285 total, 0 crashes saved, state: started :-), mode=explore, perf_score=100, weight=0, favorite=1, was_fuzzed=1, exec_us=109, hits=0, map=326, ascii=0, run_time=0:00:00:14)...[0m
[1;94m[*] [0mFuzzing test case #188 (285 total, 0 crashes saved, state: started :-), mode=explore, perf_score=50, weight=1, favorite=1, was_fuzzed=1, exec_us=82, hits=0, map=90, ascii=0, run_time=0:00:00:14)...[0m
[1;94m[*] [0mFuzzing test case #160 (285 total, 0 crashes saved, state: started :-), mode=explore, perf_score=25, weight=1, favorite=1, was_fuzzed=1, exec_us=75, hits=0, map=78, ascii=0, run_time=0:00:00:14)...[0m
[1;94m[*] [0mFuzzing test case #190 (285 total, 0 crashes saved, state: started :-), mode=explore, perf_score=100, weight=1, favorite=1, was_fuzzed=1, exec_us=86, hits=0, map=171, ascii=0, run_time=0:00:00:14)...[0m
[1;94m[*] [0mFuzzing test case #86 (285 total, 0 crashes saved, state: started :-), mode=explore, perf_score=150, weight=0, favorite=1, was_fuzzed=1, exec_us=106, hits=0, map=350, ascii=0, run_time=0:00:00:14)...[0m
[1;94m[*] [0mFuzzing test case #180 (285 total, 0 crashes saved, state: started :-), mode=explore, perf_score=25, weight=1, favorite=1, was_fuzzed=1, exec_us=77, hits=0, map=65, ascii=0, run_time=0:00:00:14)...[0m
[1;94m[*] [0mFuzzing test case #88 (285 total, 0 crashes saved, state: started :-), mode=explore, perf_score=150, weight=1, favorite=1, was_fuzzed=1, exec_us=102, hits=0, map=350, ascii=0, run_time=0:00:00:14)...[0m
[1;94m[*] [0mFuzzing test case #53 (285 total, 0 crashes saved, state: started :-), mode=explore, perf_score=100, weight=0, favorite=0, was_fuzzed=0, exec_us=108, hits=0, map=303, ascii=0, run_time=0:00:00:14)...[0m
[1;94m[*] [0mFuzzing test case #187 (285 total, 0 crashes saved, state: started :-), mode=explore, perf_score=25, weight=1, favorite=1, was_fuzzed=1, exec_us=79, hits=0, map=77, ascii=0, run_time=0:00:00:14)...[0m
[1;94m[*] [0mFuzzing test case #238 (285 total, 0 crashes saved, state: started :-), mode=explore, perf_score=100, weight=0, favorite=1, was_fuzzed=1, exec_us=108, hits=0, map=337, ascii=0, run_time=0:00:00:14)...[0m
[1;94m[*] [0mFuzzing test case #280 (285 total, 0 crashes saved, state: started :-), mode=explore, perf_score=200, weight=1, favorite=1, was_fuzzed=1, exec_us=102, hits=0, map=287, ascii=0, run_time=0:00:00:14)...[0m
[1;94m[*] [0mFuzzing test case #10 (285 total, 0 crashes saved, state: started :-), mode=explore, perf_score=25, weight=1, favorite=1, was_fuzzed=1, exec_us=78, hits=0, map=79, ascii=0, run_time=0:00:00:14)...[0m
[1;94m[*] [0mFuzzing test case #87 (285 total, 0 crashes saved, state: started :-), mode=explore, perf_score=150, weight=0, favorite=1, was_fuzzed=1, exec_us=106, hits=0, map=350, ascii=0, run_time=0:00:00:14)...[0m
[1;94m[*] [0mFuzzing test case #158 (285 total, 0 crashes saved, state: started :-), mode=explore, perf_score=25, weight=1, favorite=1, was_fuzzed=1, exec_us=83, hits=0, map=78, ascii=0, run_time=0:00:00:14)...[0m
[1;94m[*] [0mFuzzing test case #95 (285 total, 0 crashes saved, state: started :-), mode=explore, perf_score=25, weight=1, favorite=1, was_fuzzed=1, exec_us=84, hits=0, map=78, ascii=0, run_time=0:00:00:14)...[0m
[1;94m[*] [0mFuzzing test case #199 (285 total, 0 crashes saved, state: started :-), mode=explore, perf_score=25, weight=1, favorite=1, was_fuzzed=1, exec_us=95, hits=0, map=79, ascii=0, run_time=0:00:00:14)...[0m
[1;94m[*] [0mFuzzing test case #262 (285 total, 0 crashes saved, state: started :-), mode=explore, perf_score=200, weight=1, favorite=1, was_fuzzed=1, exec_us=99, hits=0, map=257, ascii=0, run_time=0:00:00:14)...[0m
[1;94m[*] [0mFuzzing test case #163 (285 total, 0 crashes saved, state: started :-), mode=explore, perf_score=25, weight=1, favorite=1, was_fuzzed=1, exec_us=80, hits=0, map=78, ascii=0, run_time=0:00:00:14)...[0m
[1;94m[*] [0mFuzzing test case #191 (285 total, 0 crashes saved, state: started :-), mode=explore, perf_score=75, weight=1, favorite=1, was_fuzzed=1, exec_us=88, hits=0, map=156, ascii=0, run_time=0:00:00:14)...[0m
[1;94m[*] [0mFuzzing test case #165 (285 total, 0 crashes saved, state: started :-), mode=explore, perf_score=50, weight=1, favorite=1, was_fuzzed=1, exec_us=79, hits=0, map=89, ascii=0, run_time=0:00:00:14)...[0m
[1;94m[*] [0mFuzzing test case #154 (285 total, 0 crashes saved, state: started :-), mode=explore, perf_score=25, weight=1, favorite=1, was_fuzzed=1, exec_us=79, hits=0, map=75, ascii=0, run_time=0:00:00:14)...[0m
[1;94m[*] [0mFuzzing test case #254 (285 total, 0 crashes saved, state: started :-), mode=explore, perf_score=200, weight=1, favorite=1, was_fuzzed=1, exec_us=95, hits=0, map=223, ascii=0, run_time=0:00:00:14)...[0m
[1;94m[*] [0mFuzzing test case #127 (285 total, 0 crashes saved, state: started :-), mode=explore, perf_score=100, weight=0, favorite=1, was_fuzzed=1, exec_us=105, hits=0, map=293, ascii=0, run_time=0:00:00:14)...[0m
[1;94m[*] [0mFuzzing test case #158 (285 total, 0 crashes saved, state: started :-), mode=explore, perf_score=25, weight=1, favorite=1, was_fuzzed=1, exec_us=83, hits=0, map=78, ascii=0, run_time=0:00:00:14)...[0m
[1;94m[*] [0mFuzzing test case #195 (285 total, 0 crashes saved, state: started :-), mode=explore, perf_score=25, weight=1, favorite=1, was_fuzzed=1, exec_us=79, hits=0, map=78, ascii=0, run_time=0:00:00:14)...[0m
[1;94m[*] [0mFuzzing test case #87 (285 total, 0 crashes saved, state: started :-), mode=explore, perf_score=150, weight=0, favorite=1, was_fuzzed=1, exec_us=106, hits=0, map=350, ascii=0, run_time=0:00:00:14)...[0m
[1;94m[*] [0mFuzzing test case #276 (285 total, 0 crashes saved, state: started :-), mode=explore, perf_score=50, weight=1, favorite=1, was_fuzzed=1, exec_us=79, hits=0, map=90, ascii=0, run_time=0:00:00:14)...[0m
[1;94m[*] [0mFuzzing test case #220 (285 total, 0 crashes saved, state: started :-), mode=explore, perf_score=100, weight=1, favorite=0, was_fuzzed=0, exec_us=101, hits=0, map=249, ascii=0, run_time=0:00:00:14)...[0m
[1;94m[*] [0mFuzzing test case #162 (285 total, 0 crashes saved, state: started :-), mode=explore, perf_score=25, weight=1, favorite=1, was_fuzzed=1, exec_us=77, hits=0, map=78, ascii=0, run_time=0:00:00:14)...[0m
[1;94m[*] [0mFuzzing test case #55 (285 total, 0 crashes saved, state: started :-), mode=explore, perf_score=100, weight=0, favorite=0, was_fuzzed=0, exec_us=105, hits=0, map=290, ascii=0, run_time=0:00:00:14)...[0m
[1;94m[*] [0mFuzzing test case #256 (285 total, 0 crashes saved, state: started :-), mode=explore, perf_score=200, weight=1, favorite=1, was_fuzzed=1, exec_us=90, hits=0, map=224, ascii=0, run_time=0:00:00:14)...[0m
[1;94m[*] [0mFuzzing test case #272 (285 total, 0 crashes saved, state: started :-), mode=explore, perf_score=150, weight=1, favorite=1, was_fuzzed=1, exec_us=85, hits=0, map=168, ascii=0, run_time=0:00:00:14)...[0m
[1;94m[*] [0mFuzzing test case #158 (285 total, 0 crashes saved, state: started :-), mode=explore, perf_score=25, weight=1, favorite=1, was_fuzzed=1, exec_us=83, hits=0, map=78, ascii=0, run_time=0:00:00:14)...[0m
[1;94m[*] [0mFuzzing test case #254 (285 total, 0 crashes saved, state: started :-), mode=explore, perf_score=200, weight=1, favorite=1, was_fuzzed=1, exec_us=95, hits=0, map=223, ascii=0, run_time=0:00:00:14)...[0m
[1;94m[*] [0mFuzzing test case #90 (285 total, 0 crashes saved, state: started :-), mode=explore, perf_score=100, weight=1, favorite=1, was_fuzzed=1, exec_us=102, hits=0, map=309, ascii=0, run_time=0:00:00:14)...[0m
[1;94m[*] [0mFuzzing test case #86 (285 total, 0 crashes saved, state: started :-), mode=explore, perf_score=150, weight=0, favorite=1, was_fuzzed=1, exec_us=106, hits=0, map=350, ascii=0, run_time=0:00:00:14)...[0m
[1;94m[*] [0mFuzzing test case #261 (285 total, 0 crashes saved, state: started :-), mode=explore, perf_score=200, weight=0, favorite=1, was_fuzzed=1, exec_us=104, hits=0, map=240, ascii=0, run_time=0:00:00:14)...[0m
[1;94m[*] [0mFuzzing test case #280 (285 total, 0 crashes saved, state: started :-), mode=explore, perf_score=200, weight=1, favorite=1, was_fuzzed=1, exec_us=102, hits=0, map=287, ascii=0, run_time=0:00:00:14)...[0m
[1;94m[*] [0mFuzzing test case #202 (285 total, 0 crashes saved, state: started :-), mode=explore, perf_score=150, weight=0, favorite=1, was_fuzzed=1, exec_us=114, hits=0, map=349, ascii=0, run_time=0:00:00:14)...[0m
[1;94m[*] [0mFuzzing test case #161 (285 total, 0 crashes saved, state: started :-), mode=explore, perf_score=25, weight=1, favorite=1, was_fuzzed=1, exec_us=76, hits=0, map=78, ascii=0, run_time=0:00:00:14)...[0m
[1;94m[*] [0mFuzzing test case #195 (285 total, 0 crashes saved, state: started :-), mode=explore, perf_score=25, weight=1, favorite=1, was_fuzzed=1, exec_us=79, hits=0, map=78, ascii=0, run_time=0:00:00:14)...[0m
[1;94m[*] [0mFuzzing test case #181 (285 total, 0 crashes saved, state: started :-), mode=explore, perf_score=25, weight=2, favorite=0, was_fuzzed=0, exec_us=82, hits=0, map=79, ascii=0, run_time=0:00:00:14)...[0m
[1;94m[*] [0mFuzzing test case #278 (285 total, 0 crashes saved, state: started :-), mode=explore, perf_score=200, weight=2, favorite=0, was_fuzzed=0, exec_us=87, hits=0, map=174, ascii=0, run_time=0:00:00:14)...[0m
[1;94m[*] [0mFuzzing test case #5 (287 total, 0 crashes saved, state: started :-), mode=explore, perf_score=25, weight=1, favorite=1, was_fuzzed=1, exec_us=78, hits=0, map=54, ascii=0, run_time=0:00:00:14)...[0m
[1;94m[*] [0mFuzzing test case #163 (287 total, 0 crashes saved, state: started :-), mode=explore, perf_score=25, weight=1, favorite=1, was_fuzzed=1, exec_us=80, hits=0, map=78, ascii=0, run_time=0:00:00:14)...[0m
[1;94m[*] [0mFuzzing test case #66 (287 total, 0 crashes saved, state: started :-), mode=explore, perf_score=100, weight=0, favorite=0, was_fuzzed=0, exec_us=103, hits=0, map=299, ascii=0, run_time=0:00:00:14)...[0m
[1;94m[*] [0mFuzzing test case #6 (287 total, 0 crashes saved, state: started :-), mode=explore, perf_score=25, weight=1, favorite=1, was_fuzzed=1, exec_us=102, hits=0, map=57, ascii=0, run_time=0:00:00:14)...[0m
[1;94m[*] [0mFuzzing test case #59 (287 total, 0 crashes saved, state: started :-), mode=explore, perf_score=100, weight=0, favorite=0, was_fuzzed=0, exec_us=105, hits=0, map=281, ascii=0, run_time=0:00:00:14)...[0m
[1;94m[*] [0mFuzzing test case #6 (287 total, 0 crashes saved, state: started :-), mode=explore, perf_score=25, weight=1, favorite=1, was_fuzzed=1, exec_us=102, hits=0, map=57, ascii=0, run_time=0:00:00:14)...[0m
[1;94m[*] [0mFuzzing test case #196 (287 total, 0 crashes saved, state: started :-), mode=explore, perf_score=100, weight=0, favorite=0, was_fuzzed=0, exec_us=105, hits=0, map=269, ascii=0, run_time=0:00:00:14)...[0m
[1;94m[*] [0mFuzzing test case #262 (287 total, 0 crashes saved, state: started :-), mode=explore, perf_score=200, weight=1, favorite=1, was_fuzzed=1, exec_us=99, hits=0, map=257, ascii=0, run_time=0:00:00:14)...[0m
[1;94m[*] [0mEntering queue cycle 3
[0m
[1;94m[*] [0mFuzzing test case #230 (287 total, 0 crashes saved, state: started :-), mode=explore, perf_score=100, weight=0, favorite=1, was_fuzzed=1, exec_us=107, hits=0, map=291, ascii=0, run_time=0:00:00:14)...[0m
[1;94m[*] [0mFuzzing test case #242 (287 total, 0 crashes saved, state: started :-), mode=explore, perf_score=100, weight=1, favorite=1, was_fuzzed=1, exec_us=102, hits=0, map=277, ascii=0, run_time=0:00:00:14)...[0m
[1;94m[*] [0mFuzzing test case #206 (287 total, 0 crashes saved, state: started :-), mode=explore, perf_score=100, weight=2, favorite=0, was_fuzzed=0, exec_us=100, hits=0, map=270, ascii=0, run_time=0:00:00:14)...[0m
[1;94m[*] [0mFuzzing test case #199 (287 total, 0 crashes saved, state: started :-), mode=explore, perf_score=25, weight=1, favorite=1, was_fuzzed=1, exec_us=95, hits=0, map=79, ascii=0, run_time=0:00:00:14)...[0m
[1;94m[*] [0mFuzzing test case #167 (287 total, 0 crashes saved, state: started :-), mode=explore, perf_score=100, weight=1, favorite=1, was_fuzzed=1, exec_us=87, hits=0, map=172, ascii=0, run_time=0:00:00:14)...[0m
[1;94m[*] [0mFuzzing test case #95 (287 total, 0 crashes saved, state: started :-), mode=explore, perf_score=25, weight=1, favorite=1, was_fuzzed=1, exec_us=84, hits=0, map=78, ascii=0, run_time=0:00:00:14)...[0m
[1;94m[*] [0mFuzzing test case #5 (287 total, 0 crashes saved, state: started :-), mode=explore, perf_score=25, weight=1, favorite=1, was_fuzzed=1, exec_us=78, hits=0, map=54, ascii=0, run_time=0:00:00:14)...[0m
[1;94m[*] [0mFuzzing test case #187 (287 total, 0 crashes saved, state: started :-), mode=explore, perf_score=25, weight=1, favorite=1, was_fuzzed=1, exec_us=79, hits=0, map=77, ascii=0, run_time=0:00:00:14)...[0m
[1;94m[*] [0mFuzzing test case #6 (287 total, 0 crashes saved, state: started :-), mode=explore, perf_score=25, weight=1, favorite=1, was_fuzzed=1, exec_us=102, hits=0, map=57, ascii=0, run_time=0:00:00:14)...[0m
[1;94m[*] [0mFuzzing test case #91 (287 total, 0 crashes saved, state: started :-), mode=explore, perf_score=100, weight=0, favorite=1, was_fuzzed=1, exec_us=112, hits=0, map=304, ascii=0, run_time=0:00:00:14)...[0m
[1;94m[*] [0mFuzzing test case #243 (287 total, 0 crashes saved, state: started :-), mode=explore, perf_score=100, weight=1, favorite=1, was_fuzzed=1, exec_us=100, hits=0, map=275, ascii=0, run_time=0:00:00:14)...[0m
[1;94m[*] [0mFuzzing test case #49 (287 total, 0 crashes saved, state: started :-), mode=explore, perf_score=100, weight=0, favorite=0, was_fuzzed=1, exec_us=115, hits=0, map=280, ascii=0, run_time=0:00:00:14)...[0m
[1;94m[*] [0mFuzzing test case #257 (287 total, 0 crashes saved, state: started :-), mode=explore, perf_score=200, weight=0, favorite=0, was_fuzzed=0, exec_us=108, hits=0, map=308, ascii=0, run_time=0:00:00:14)...[0m
[1;94m[*] [0mFuzzing test case #286 (287 total, 0 crashes saved, state: started :-), mode=explore, perf_score=200, weight=2, favorite=0, was_fuzzed=0, exec_us=87, hits=0, map=174, ascii=0, run_time=0:00:00:14)...[0m
[1;94m[*] [0mFuzzing test case #283 (288 total, 0 crashes saved, state: started :-), mode=explore, perf_score=50, weight=1, favorite=1, was_fuzzed=1, exec_us=81, hits=0, map=78, ascii=0, run_time=0:00:00:14)...[0m
[1;94m[*] [0mFuzzing test case #277 (288 total, 0 crashes saved, state: started :-), mode=explore, perf_score=200, weight=1, favorite=1, was_fuzzed=1, exec_us=84, hits=0, map=182, ascii=0, run_time=0:00:00:14)...[0m
[1;94m[*] [0mFuzzing test case #187 (288 total, 0 crashes saved, state: started :-), mode=explore, perf_score=25, weight=1, favorite=1, was_fuzzed=1, exec_us=79, hits=0, map=77, ascii=0, run_time=0:00:00:14)...[0m
[1;94m[*] [0mFuzzing test case #195 (288 total, 0 crashes saved, state: started :-), mode=explore, perf_score=25, weight=1, favorite=1, was_fuzzed=1, exec_us=79, hits=0, map=78, ascii=0, run_time=0:00:00:14)...[0m
[1;94m[*] [0mFuzzing test case #127 (288 total, 0 crashes saved, state: started :-), mode=explore, perf_score=100, weight=0, favorite=1, was_fuzzed=1, exec_us=105, hits=0, map=293, ascii=0, run_time=0:00:00:14)...[0m
[1;94m[*] [0mFuzzing test case #106 (288 total, 0 crashes saved, state: started :-), mode=explore, perf_score=100, weight=0, favorite=0, was_fuzzed=0, exec_us=107, hits=0, map=290, ascii=0, run_time=0:00:00:14)...[0m
[1;94m[*] [0mFuzzing test case #285 (288 total, 0 crashes saved, state: started :-), mode=explore, perf_score=200, weight=2, favorite=0, was_fuzzed=0, exec_us=88, hits=0, map=174, ascii=0, run_time=0:00:00:14)...[0m
[1;94m[*] [0mFuzzing test case #287 (288 total, 0 crashes saved, state: started :-), mode=explore, perf_score=200, weight=2, favorite=0, was_fuzzed=0, exec_us=89, hits=0, map=200, ascii=0, run_time=0:00:00:14)...[0m
[1;94m[*] [0mFuzzing test case #263 (288 total, 0 crashes saved, state: started :-), mode=explore, perf_score=200, weight=1, favorite=1, was_fuzzed=1, exec_us=102, hits=0, map=255, ascii=0, run_time=0:00:00:14)...[0m
[1;94m[*] [0mFuzzing test case #263 (288 total, 0 crashes saved, state: started :-), mode=explore, perf_score=200, weight=1, favorite=1, was_fuzzed=1, exec_us=102, hits=0, map=255, ascii=0, run_time=0:00:00:14)...[0m
[1;94m[*] [0mFuzzing test case #267 (288 total, 0 crashes saved, state: started :-), mode=explore, perf_score=200, weight=1, favorite=1, was_fuzzed=1, exec_us=101, hits=0, map=203, ascii=0, run_time=0:00:00:14)...[0m
[1;94m[*] [0mFuzzing test case #276 (288 total, 0 crashes saved, state: started :-), mode=explore, perf_score=50, weight=1, favorite=1, was_fuzzed=1, exec_us=79, hits=0, map=90, ascii=0, run_time=0:00:00:14)...[0m
[1;94m[*] [0mFuzzing test case #167 (288 total, 0 crashes saved, state: started :-), mode=explore, perf_score=100, weight=1, favorite=1, was_fuzzed=1, exec_us=87, hits=0, map=172, ascii=0, run_time=0:00:00:14)...[0m
[1;94m[*] [0mFuzzing test case #185 (288 total, 0 crashes saved, state: started :-), mode=explore, perf_score=50, weight=1, favorite=1, was_fuzzed=1, exec_us=78, hits=0, map=91, ascii=0, run_time=0:00:00:14)...[0m
[1;94m[*] [0mFuzzing test case #280 (288 total, 0 crashes saved, state: started :-), mode=explore, perf_score=200, weight=1, favorite=1, was_fuzzed=1, exec_us=102, hits=0, map=287, ascii=0, run_time=0:00:00:14)...[0m
[1;94m[*] [0mFuzzing test case #230 (288 total, 0 crashes saved, state: started :-), mode=explore, perf_score=100, weight=0, favorite=1, was_fuzzed=1, exec_us=107, hits=0, map=291, ascii=0, run_time=0:00:00:14)...[0m
[1;94m[*] [0mFuzzing test case #276 (288 total, 0 crashes saved, state: started :-), mode=explore, perf_score=50, weight=1, favorite=1, was_fuzzed=1, exec_us=79, hits=0, map=90, ascii=0, run_time=0:00:00:14)...[0m
[1;94m[*] [0mFuzzing test case #12 (288 total, 0 crashes saved, state: started :-), mode=explore, perf_score=75, weight=0, favorite=1, was_fuzzed=1, exec_us=121, hits=0, map=154, ascii=0, run_time=0:00:00:14)...[0m
[1;94m[*] [0mFuzzing test case #95 (288 total, 0 crashes saved, state: started :-), mode=explore, perf_score=25, weight=1, favorite=1, was_fuzzed=1, exec_us=84, hits=0, map=78, ascii=0, run_time=0:00:00:14)...[0m
[1;94m[*] [0mFuzzing test case #280 (288 total, 0 crashes saved, state: started :-), mode=explore, perf_score=200, weight=1, favorite=1, was_fuzzed=1, exec_us=102, hits=0, map=287, ascii=0, run_time=0:00:00:14)...[0m
[1;94m[*] [0mFuzzing test case #187 (288 total, 0 crashes saved, state: started :-), mode=explore, perf_score=25, weight=1, favorite=1, was_fuzzed=1, exec_us=79, hits=0, map=77, ascii=0, run_time=0:00:00:14)...[0m
[1;94m[*] [0mFuzzing test case #267 (288 total, 0 crashes saved, state: started :-), mode=explore, perf_score=200, weight=1, favorite=1, was_fuzzed=1, exec_us=101, hits=0, map=203, ascii=0, run_time=0:00:00:14)...[0m
[1;94m[*] [0mFuzzing test case #242 (288 total, 0 crashes saved, state: started :-), mode=explore, perf_score=100, weight=1, favorite=1, was_fuzzed=1, exec_us=102, hits=0, map=277, ascii=0, run_time=0:00:00:14)...[0m
[1;94m[*] [0mFuzzing test case #21 (288 total, 0 crashes saved, state: started :-), mode=explore, perf_score=100, weight=2, favorite=0, was_fuzzed=0, exec_us=102, hits=0, map=275, ascii=0, run_time=0:00:00:14)...[0m
[1;94m[*] [0mFuzzing test case #188 (288 total, 0 crashes saved, state: started :-), mode=explore, perf_score=50, weight=1, favorite=1, was_fuzzed=1, exec_us=82, hits=0, map=90, ascii=0, run_time=0:00:00:14)...[0m
[1;94m[*] [0mFuzzing test case #161 (288 total, 0 crashes saved, state: started :-), mode=explore, perf_score=25, weight=1, favorite=1, was_fuzzed=1, exec_us=76, hits=0, map=78, ascii=0, run_time=0:00:00:14)...[0m
[1;94m[*] [0mFuzzing test case #2 (288 total, 0 crashes saved, state: started :-), mode=explore, perf_score=25, weight=0, favorite=1, was_fuzzed=1, exec_us=90, hits=0, map=47, ascii=0, run_time=0:00:00:14)...[0m
[1;94m[*] [0mFuzzing test case #232 (288 total, 0 crashes saved, state: started :-), mode=explore, perf_score=100, weight=2, favorite=0, was_fuzzed=0, exec_us=100, hits=0, map=288, ascii=0, run_time=0:00:00:14)...[0m
[1;94m[*] [0mFuzzing test case #163 (288 total, 0 crashes saved, state: started :-), mode=explore, perf_score=25, weight=1, favorite=1, was_fuzzed=1, exec_us=80, hits=0, map=78, ascii=0, run_time=0:00:00:15)...[0m
[1;94m[*] [0mFuzzing test case #167 (288 total, 0 crashes saved, state: started :-), mode=explore, perf_score=100, weight=1, favorite=1, was_fuzzed=1, exec_us=87, hits=0, map=172, ascii=0, run_time=0:00:00:15)...[0m
[1;94m[*] [0mFuzzing test case #257 (288 total, 0 crashes saved, state: started :-), mode=explore, perf_score=200, weight=0, favorite=0, was_fuzzed=1, exec_us=108, hits=0, map=308, ascii=0, run_time=0:00:00:15)...[0m
[1;94m[*] [0mFuzzing test case #167 (288 total, 0 crashes saved, state: started :-), mode=explore, perf_score=100, weight=1, favorite=1, was_fuzzed=1, exec_us=87, hits=0, map=172, ascii=0, run_time=0:00:00:15)...[0m
[1;94m[*] [0mFuzzing test case #254 (288 total, 0 crashes saved, state: started :-), mode=explore, perf_score=200, weight=1, favorite=1, was_fuzzed=1, exec_us=95, hits=0, map=223, ascii=0, run_time=0:00:00:15)...[0m
[1;94m[*] [0mFuzzing test case #185 (288 total, 0 crashes saved, state: started :-), mode=explore, perf_score=50, weight=1, favorite=1, was_fuzzed=1, exec_us=78, hits=0, map=91, ascii=0, run_time=0:00:00:15)...[0m
[1;94m[*] [0mFuzzing test case #33 (288 total, 0 crashes saved, state: started :-), mode=explore, perf_score=100, weight=2, favorite=0, was_fuzzed=0, exec_us=101, hits=0, map=284, ascii=0, run_time=0:00:00:15)...[0m
[1;94m[*] [0mFuzzing test case #180 (288 total, 0 crashes saved, state: started :-), mode=explore, perf_score=25, weight=1, favorite=1, was_fuzzed=1, exec_us=77, hits=0, map=65, ascii=0, run_time=0:00:00:15)...[0m
[1;94m[*] [0mFuzzing test case #243 (288 total, 0 crashes saved, state: started :-), mode=explore, perf_score=100, weight=1, favorite=1, was_fuzzed=1, exec_us=100, hits=0, map=275, ascii=0, run_time=0:00:00:15)...[0m
[1;94m[*] [0mFuzzing test case #263 (288 total, 0 crashes saved, state: started :-), mode=explore, perf_score=200, weight=1, favorite=1, was_fuzzed=1, exec_us=102, hits=0, map=255, ascii=0, run_time=0:00:00:15)...[0m
[1;94m[*] [0mFuzzing test case #271 (288 total, 0 crashes saved, state: started :-), mode=explore, perf_score=200, weight=1, favorite=1, was_fuzzed=1, exec_us=90, hits=0, map=235, ascii=0, run_time=0:00:00:15)...[0m
[1;94m[*] [0mFuzzing test case #167 (288 total, 0 crashes saved, state: started :-), mode=explore, perf_score=100, weight=1, favorite=1, was_fuzzed=1, exec_us=87, hits=0, map=172, ascii=0, run_time=0:00:00:15)...[0m
[1;94m[*] [0mFuzzing test case #154 (288 total, 0 crashes saved, state: started :-), mode=explore, perf_score=25, weight=1, favorite=1, was_fuzzed=1, exec_us=79, hits=0, map=75, ascii=0, run_time=0:00:00:15)...[0m
[1;94m[*] [0mFuzzing test case #90 (288 total, 0 crashes saved, state: started :-), mode=explore, perf_score=100, weight=1, favorite=1, was_fuzzed=1, exec_us=102, hits=0, map=309, ascii=0, run_time=0:00:00:15)...[0m
[1;94m[*] [0mFuzzing test case #137 (288 total, 0 crashes saved, state: started :-), mode=explore, perf_score=100, weight=2, favorite=0, was_fuzzed=0, exec_us=96, hits=0, map=280, ascii=0, run_time=0:00:00:15)...[0m
[1;94m[*] [0mFuzzing test case #271 (288 total, 0 crashes saved, state: started :-), mode=explore, perf_score=200, weight=1, favorite=1, was_fuzzed=1, exec_us=90, hits=0, map=235, ascii=0, run_time=0:00:00:15)...[0m
[1;94m[*] [0mFuzzing test case #272 (288 total, 0 crashes saved, state: started :-), mode=explore, perf_score=200, weight=1, favorite=1, was_fuzzed=1, exec_us=85, hits=0, map=168, ascii=0, run_time=0:00:00:15)...[0m
[1;94m[*] [0mFuzzing test case #95 (288 total, 0 crashes saved, state: started :-), mode=explore, perf_score=25, weight=1, favorite=1, was_fuzzed=1, exec_us=84, hits=0, map=78, ascii=0, run_time=0:00:00:15)...[0m
[1;94m[*] [0mFuzzing test case #60 (288 total, 0 crashes saved, state: started :-), mode=explore, perf_score=100, weight=1, favorite=0, was_fuzzed=0, exec_us=128, hits=0, map=306, ascii=0, run_time=0:00:00:15)...[0m
[1;94m[*] [0mFuzzing test case #276 (288 total, 0 crashes saved, state: started :-), mode=explore, perf_score=50, weight=1, favorite=1, was_fuzzed=1, exec_us=79, hits=0, map=90, ascii=0, run_time=0:00:00:15)...[0m
[1;94m[*] [0mFuzzing test case #276 (288 total, 0 crashes saved, state: started :-), mode=explore, perf_score=50, weight=1, favorite=1, was_fuzzed=1, exec_us=79, hits=0, map=90, ascii=0, run_time=0:00:00:15)...[0m
[1;94m[*] [0mFuzzing test case #88 (288 total, 0 crashes saved, state: started :-), mode=explore, perf_score=150, weight=1, favorite=1, was_fuzzed=1, exec_us=102, hits=0, map=350, ascii=0, run_time=0:00:00:15)...[0m
[1;94m[*] [0mFuzzing test case #94 (288 total, 0 crashes saved, state: started :-), mode=explore, perf_score=25, weight=2, favorite=0, was_fuzzed=0, exec_us=81, hits=0, map=74, ascii=0, run_time=0:00:00:15)...[0m
[1;94m[*] [0mFuzzing test case #271 (288 total, 0 crashes saved, state: started :-), mode=explore, perf_score=200, weight=1, favorite=1, was_fuzzed=1, exec_us=90, hits=0, map=235, ascii=0, run_time=0:00:00:15)...[0m
[1;94m[*] [0mFuzzing test case #2 (288 total, 0 crashes saved, state: started :-), mode=explore, perf_score=25, weight=0, favorite=1, was_fuzzed=1, exec_us=90, hits=0, map=47, ascii=0, run_time=0:00:00:15)...[0m
[1;94m[*] [0mFuzzing test case #6 (288 total, 0 crashes saved, state: started :-), mode=explore, perf_score=25, weight=1, favorite=1, was_fuzzed=1, exec_us=102, hits=0, map=57, ascii=0, run_time=0:00:00:15)...[0m
[1;94m[*] [0mFuzzing test case #280 (288 total, 0 crashes saved, state: started :-), mode=explore, perf_score=200, weight=1, favorite=1, was_fuzzed=1, exec_us=102, hits=0, map=287, ascii=0, run_time=0:00:00:15)...[0m
[1;94m[*] [0mFuzzing test case #285 (288 total, 0 crashes saved, state: started :-), mode=explore, perf_score=200, weight=1, favorite=0, was_fuzzed=1, exec_us=88, hits=0, map=174, ascii=0, run_time=0:00:00:15)...[0m
[1;94m[*] [0mFuzzing test case #168 (288 total, 0 crashes saved, state: started :-), mode=explore, perf_score=100, weight=1, favorite=1, was_fuzzed=1, exec_us=101, hits=0, map=302, ascii=0, run_time=0:00:00:15)...[0m
[1;94m[*] [0mFuzzing test case #154 (288 total, 0 crashes saved, state: started :-), mode=explore, perf_score=25, weight=1, favorite=1, was_fuzzed=1, exec_us=79, hits=0, map=75, ascii=0, run_time=0:00:00:15)...[0m
[1;94m[*] [0mFuzzing test case #280 (288 total, 0 crashes saved, state: started :-), mode=explore, perf_score=200, weight=1, favorite=1, was_fuzzed=1, exec_us=102, hits=0, map=287, ascii=0, run_time=0:00:00:15)...[0m
[1;94m[*] [0mFuzzing test case #35 (288 total, 0 crashes saved, state: started :-), mode=explore, perf_score=100, weight=0, favorite=0, was_fuzzed=0, exec_us=103, hits=0, map=285, ascii=0, run_time=0:00:00:15)...[0m
[1;94m[*] [0mFuzzing test case #162 (288 total, 0 crashes saved, state: started :-), mode=explore, perf_score=25, weight=1, favorite=1, was_fuzzed=1, exec_us=77, hits=0, map=78, ascii=0, run_time=0:00:00:15)...[0m
[1;94m[*] [0mFuzzing test case #7 (288 total, 0 crashes saved, state: started :-), mode=explore, perf_score=25, weight=1, favorite=0, was_fuzzed=1, exec_us=79, hits=0, map=76, ascii=0, run_time=0:00:00:15)...[0m
[1;94m[*] [0mFuzzing test case #154 (288 total, 0 crashes saved, state: started :-), mode=explore, perf_score=25, weight=1, favorite=1, was_fuzzed=1, exec_us=79, hits=0, map=75, ascii=0, run_time=0:00:00:15)...[0m
[1;94m[*] [0mFuzzing test case #163 (288 total, 0 crashes saved, state: started :-), mode=explore, perf_score=25, weight=1, favorite=1, was_fuzzed=1, exec_us=80, hits=0, map=78, ascii=0, run_time=0:00:00:15)...[0m
[1;94m[*] [0mFuzzing test case #33 (288 total, 0 crashes saved, state: started :-), mode=explore, perf_score=100, weight=1, favorite=0, was_fuzzed=1, exec_us=101, hits=0, map=284, ascii=0, run_time=0:00:00:15)...[0m
[1;94m[*] [0mFuzzing test case #203 (288 total, 0 crashes saved, state: started :-), mode=explore, perf_score=100, weight=2, favorite=0, was_fuzzed=0, exec_us=102, hits=0, map=289, ascii=0, run_time=0:00:00:15)...[0m
[1;94m[*] [0mFuzzing test case #162 (288 total, 0 crashes saved, state: started :-), mode=explore, perf_score=25, weight=1, favorite=1, was_fuzzed=1, exec_us=77, hits=0, map=78, ascii=0, run_time=0:00:00:15)...[0m
[1;94m[*] [0mFuzzing test case #261 (288 total, 0 crashes saved, state: started :-), mode=explore, perf_score=200, weight=0, favorite=1, was_fuzzed=1, exec_us=104, hits=0, map=240, ascii=0, run_time=0:00:00:15)...[0m
[1;94m[*] [0mFuzzing test case #150 (288 total, 0 crashes saved, state: started :-), mode=explore, perf_score=100, weight=0, favorite=0, was_fuzzed=0, exec_us=105, hits=0, map=323, ascii=0, run_time=0:00:00:15)...[0m
[1;94m[*] [0mFuzzing test case #133 (288 total, 0 crashes saved, state: started :-), mode=explore, perf_score=100, weight=0, favorite=1, was_fuzzed=1, exec_us=104, hits=0, map=331, ascii=0, run_time=0:00:00:15)...[0m
[1;94m[*] [0mFuzzing test case #20 (288 total, 0 crashes saved, state: started :-), mode=explore, perf_score=100, weight=1, favorite=0, was_fuzzed=0, exec_us=98, hits=0, map=279, ascii=0, run_time=0:00:00:15)...[0m
[1;94m[*] [0mFuzzing test case #282 (288 total, 0 crashes saved, state: started :-), mode=explore, perf_score=100, weight=0, favorite=1, was_fuzzed=1, exec_us=112, hits=0, map=88, ascii=0, run_time=0:00:00:15)...[0m
[1;94m[*] [0mFuzzing test case #288 (289 total, 0 crashes saved, state: started :-), mode=explore, perf_score=100, weight=1, favorite=1, was_fuzzed=0, exec_us=82, hits=0, map=88, ascii=0, run_time=0:00:00:15)...[0m
[1;94m[*] [0mFuzzing test case #190 (289 total, 0 crashes saved, state: started :-), mode=explore, perf_score=100, weight=1, favorite=1, was_fuzzed=1, exec_us=86, hits=0, map=171, ascii=0, run_time=0:00:00:15)...[0m
[1;94m[*] [0mFuzzing test case #34 (289 total, 0 crashes saved, state: started :-), mode=explore, perf_score=100, weight=1, favorite=0, was_fuzzed=0, exec_us=100, hits=0, map=268, ascii=0, run_time=0:00:00:15)...[0m
[1;94m[*] [0mFuzzing test case #191 (289 total, 0 crashes saved, state: started :-), mode=explore, perf_score=75, weight=1, favorite=1, was_fuzzed=1, exec_us=88, hits=0, map=156, ascii=0, run_time=0:00:00:15)...[0m
[1;94m[*] [0mFuzzing test case #191 (289 total, 0 crashes saved, state: started :-), mode=explore, perf_score=75, weight=1, favorite=1, was_fuzzed=1, exec_us=88, hits=0, map=156, ascii=0, run_time=0:00:00:15)...[0m
[1;94m[*] [0mFuzzing test case #263 (289 total, 0 crashes saved, state: started :-), mode=explore, perf_score=200, weight=1, favorite=1, was_fuzzed=1, exec_us=102, hits=0, map=255, ascii=0, run_time=0:00:00:15)...[0m
[1;94m[*] [0mFuzzing test case #267 (289 total, 0 crashes saved, state: started :-), mode=explore, perf_score=200, weight=1, favorite=1, was_fuzzed=1, exec_us=101, hits=0, map=203, ascii=0, run_time=0:00:00:15)...[0m
[1;94m[*] [0mFuzzing test case #243 (289 total, 0 crashes saved, state: started :-), mode=explore, perf_score=100, weight=1, favorite=1, was_fuzzed=1, exec_us=100, hits=0, map=275, ascii=0, run_time=0:00:00:15)...[0m
[1;94m[*] [0mFuzzing test case #5 (289 total, 0 crashes saved, state: started :-), mode=explore, perf_score=25, weight=1, favorite=1, was_fuzzed=1, exec_us=78, hits=0, map=54, ascii=0, run_time=0:00:00:15)...[0m
[1;94m[*] [0mFuzzing test case #88 (289 total, 0 crashes saved, state: started :-), mode=explore, perf_score=150, weight=1, favorite=1, was_fuzzed=1, exec_us=102, hits=0, map=350, ascii=0, run_time=0:00:00:15)...[0m
[1;94m[*] [0mFuzzing test case #6 (289 total, 0 crashes saved, state: started :-), mode=explore, perf_score=25, weight=1, favorite=1, was_fuzzed=1, exec_us=102, hits=0, map=57, ascii=0, run_time=0:00:00:15)...[0m
[1;94m[*] [0mFuzzing test case #233 (289 total, 0 crashes saved, state: started :-), mode=explore, perf_score=100, weight=2, favorite=0, was_fuzzed=0, exec_us=102, hits=0, map=254, ascii=0, run_time=0:00:00:15)...[0m
[1;94m[*] [0mFuzzing test case #186 (289 total, 0 crashes saved, state: started :-), mode=explore, perf_score=25, weight=1, favorite=1, was_fuzzed=1, exec_us=78, hits=0, map=68, ascii=0, run_time=0:00:00:15)...[0m
[1;94m[*] [0mFuzzing test case #202 (289 total, 0 crashes saved, state: started :-), mode=explore, perf_score=150, weight=0, favorite=1, was_fuzzed=1, exec_us=114, hits=0, map=349, ascii=0, run_time=0:00:00:15)...[0m
[1;94m[*] [0mFuzzing test case #96 (289 total, 0 crashes saved, state: started :-), mode=explore, perf_score=50, weight=1, favorite=1, was_fuzzed=1, exec_us=82, hits=0, map=84, ascii=0, run_time=0:00:00:15)...[0m
[1;94m[*] [0mFuzzing test case #247 (289 total, 0 crashes saved, state: started :-), mode=explore, perf_score=100, weight=1, favorite=1, was_fuzzed=1, exec_us=98, hits=0, map=291, ascii=0, run_time=0:00:00:15)...[0m
[1;94m[*] [0mFuzzing test case #120 (289 total, 0 crashes saved, state: started :-), mode=explore, perf_score=100, weight=1, favorite=0, was_fuzzed=1, exec_us=101, hits=0, map=286, ascii=0, run_time=0:00:00:15)...[0m
[1;94m[*] [0mFuzzing test case #245 (289 total, 0 crashes saved, state: started :-), mode=explore, perf_score=100, weight=2, favorite=0, was_fuzzed=0, exec_us=100, hits=0, map=286, ascii=0, run_time=0:00:00:15)...[0m
[1;94m[*] [0mFuzzing test case #199 (289 total, 0 crashes saved, state: started :-), mode=explore, perf_score=25, weight=1, favorite=1, was_fuzzed=1, exec_us=95, hits=0, map=79, ascii=0, run_time=0:00:00:15)...[0m
[1;94m[*] [0mFuzzing test case #243 (289 total, 0 crashes saved, state: started :-), mode=explore, perf_score=100, weight=1, favorite=1, was_fuzzed=1, exec_us=100, hits=0, map=275, ascii=0, run_time=0:00:00:15)...[0m
[1;94m[*] [0mFuzzing test case #188 (289 total, 0 crashes saved, state: started :-), mode=explore, perf_score=50, weight=1, favorite=1, was_fuzzed=1, exec_us=82, hits=0, map=90, ascii=0, run_time=0:00:00:15)...[0m
[1;94m[*] [0mFuzzing test case #271 (289 total, 0 crashes saved, state: started :-), mode=explore, perf_score=200, weight=1, favorite=1, was_fuzzed=1, exec_us=90, hits=0, map=235, ascii=0, run_time=0:00:00:15)...[0m
[1;94m[*] [0mFuzzing test case #187 (289 total, 0 crashes saved, state: started :-), mode=explore, perf_score=25, weight=1, favorite=1, was_fuzzed=1, exec_us=79, hits=0, map=77, ascii=0, run_time=0:00:00:15)...[0m
[1;94m[*] [0mFuzzing test case #262 (289 total, 0 crashes saved, state: started :-), mode=explore, perf_score=200, weight=1, favorite=1, was_fuzzed=1, exec_us=99, hits=0, map=257, ascii=0, run_time=0:00:00:15)...[0m
[1;94m[*] [0mFuzzing test case #262 (289 total, 0 crashes saved, state: started :-), mode=explore, perf_score=200, weight=1, favorite=1, was_fuzzed=1, exec_us=99, hits=0, map=257, ascii=0, run_time=0:00:00:15)...[0m
[1;94m[*] [0mFuzzing test case #6 (289 total, 0 crashes saved, state: started :-), mode=explore, perf_score=25, weight=1, favorite=1, was_fuzzed=1, exec_us=102, hits=0, map=57, ascii=0, run_time=0:00:00:15)...[0m
[1;94m[*] [0mFuzzing test case #223 (289 total, 0 crashes saved, state: started :-), mode=explore, perf_score=100, weight=0, favorite=0, was_fuzzed=0, exec_us=104, hits=0, map=318, ascii=0, run_time=0:00:00:15)...[0m
[1;94m[*] [0mFuzzing test case #188 (289 total, 0 crashes saved, state: started :-), mode=explore, perf_score=50, weight=1, favorite=1, was_fuzzed=1, exec_us=82, hits=0, map=90, ascii=0, run_time=0:00:00:15)...[0m
[1;94m[*] [0mFuzzing test case #96 (289 total, 0 crashes saved, state: started :-), mode=explore, perf_score=50, weight=1, favorite=1, was_fuzzed=1, exec_us=82, hits=0, map=84, ascii=0, run_time=0:00:00:15)...[0m
[1;94m[*] [0mFuzzing test case #289 (290 total, 0 crashes saved, state: started :-), mode=explore, perf_score=100, weight=1, favorite=1, was_fuzzed=0, exec_us=86, hits=0, map=83, ascii=0, run_time=0:00:00:15)...[0m
[1;94m[*] [0mFuzzing test case #290 (291 total, 0 crashes saved, state: started :-), mode=explore, perf_score=100, weight=1, favorite=1, was_fuzzed=0, exec_us=83, hits=0, map=91, ascii=0, run_time=0:00:00:15)...[0m
[1;94m[*] [0mFuzzing test case #12 (291 total, 0 crashes saved, state: started :-), mode=explore, perf_score=75, weight=0, favorite=1, was_fuzzed=1, exec_us=121, hits=0, map=154, ascii=0, run_time=0:00:00:15)...[0m
[1;94m[*] [0mFuzzing test case #254 (291 total, 0 crashes saved, state: started :-), mode=explore, perf_score=200, weight=1, favorite=1, was_fuzzed=1, exec_us=95, hits=0, map=223, ascii=0, run_time=0:00:00:15)...[0m
[1;94m[*] [0mFuzzing test case #220 (291 total, 0 crashes saved, state: started :-), mode=explore, perf_score=100, weight=1, favorite=0, was_fuzzed=1, exec_us=101, hits=0, map=249, ascii=0, run_time=0:00:00:15)...[0m
[1;94m[*] [0mFuzzing test case #65 (291 total, 0 crashes saved, state: started :-), mode=explore, perf_score=100, weight=0, favorite=0, was_fuzzed=1, exec_us=103, hits=0, map=299, ascii=0, run_time=0:00:00:15)...[0m
[1;94m[*] [0mFuzzing test case #186 (291 total, 0 crashes saved, state: started :-), mode=explore, perf_score=25, weight=1, favorite=1, was_fuzzed=1, exec_us=78, hits=0, map=68, ascii=0, run_time=0:00:00:15)...[0m
[1;94m[*] [0mFuzzing test case #165 (291 total, 0 crashes saved, state: started :-), mode=explore, perf_score=50, weight=1, favorite=1, was_fuzzed=1, exec_us=79, hits=0, map=89, ascii=0, run_time=0:00:00:15)...[0m
[1;94m[*] [0mFuzzing test case #187 (291 total, 0 crashes saved, state: started :-), mode=explore, perf_score=25, weight=1, favorite=1, was_fuzzed=1, exec_us=79, hits=0, map=77, ascii=0, run_time=0:00:00:15)...[0m
[1;94m[*] [0mFuzzing test case #162 (291 total, 0 crashes saved, state: started :-), mode=explore, perf_score=25, weight=1, favorite=1, was_fuzzed=1, exec_us=77, hits=0, map=78, ascii=0, run_time=0:00:00:15)...[0m
[1;94m[*] [0mFuzzing test case #180 (291 total, 0 crashes saved, state: started :-), mode=explore, perf_score=25, weight=1, favorite=1, was_fuzzed=1, exec_us=77, hits=0, map=65, ascii=0, run_time=0:00:00:15)...[0m
[1;94m[*] [0mFuzzing test case #237 (291 total, 0 crashes saved, state: started :-), mode=explore, perf_score=100, weight=0, favorite=1, was_fuzzed=1, exec_us=109, hits=0, map=333, ascii=0, run_time=0:00:00:15)...[0m
[1;94m[*] [0mFuzzing test case #166 (291 total, 0 crashes saved, state: started :-), mode=explore, perf_score=150, weight=0, favorite=1, was_fuzzed=1, exec_us=106, hits=0, map=353, ascii=0, run_time=0:00:00:15)...[0m
[1;94m[*] [0mFuzzing test case #86 (291 total, 0 crashes saved, state: started :-), mode=explore, perf_score=150, weight=0, favorite=1, was_fuzzed=1, exec_us=106, hits=0, map=350, ascii=0, run_time=0:00:00:15)...[0m
[1;94m[*] [0mFuzzing test case #256 (291 total, 0 crashes saved, state: started :-), mode=explore, perf_score=200, weight=1, favorite=1, was_fuzzed=1, exec_us=90, hits=0, map=224, ascii=0, run_time=0:00:00:15)...[0m
[1;94m[*] [0mFuzzing test case #288 (291 total, 0 crashes saved, state: started :-), mode=explore, perf_score=100, weight=1, favorite=1, was_fuzzed=1, exec_us=82, hits=0, map=88, ascii=0, run_time=0:00:00:15)...[0m
[1;94m[*] [0mFuzzing test case #262 (291 total, 0 crashes saved, state: started :-), mode=explore, perf_score=200, weight=1, favorite=1, was_fuzzed=1, exec_us=99, hits=0, map=257, ascii=0, run_time=0:00:00:15)...[0m
[1;94m[*] [0mFuzzing test case #167 (291 total, 0 crashes saved, state: started :-), mode=explore, perf_score=100, weight=1, favorite=1, was_fuzzed=1, exec_us=87, hits=0, map=172, ascii=0, run_time=0:00:00:15)...[0m
[1;94m[*] [0mFuzzing test case #5 (291 total, 0 crashes saved, state: started :-), mode=explore, perf_score=25, weight=1, favorite=1, was_fuzzed=1, exec_us=78, hits=0, map=54, ascii=0, run_time=0:00:00:15)...[0m
[1;94m[*] [0mFuzzing test case #167 (291 total, 0 crashes saved, state: started :-), mode=explore, perf_score=100, weight=1, favorite=1, was_fuzzed=1, exec_us=87, hits=0, map=172, ascii=0, run_time=0:00:00:15)...[0m
[1;94m[*] [0mFuzzing test case #199 (291 total, 0 crashes saved, state: started :-), mode=explore, perf_score=25, weight=1, favorite=1, was_fuzzed=1, exec_us=95, hits=0, map=79, ascii=0, run_time=0:00:00:15)...[0m
[1;94m[*] [0mFuzzing test case #187 (291 total, 0 crashes saved, state: started :-), mode=explore, perf_score=25, weight=1, favorite=1, was_fuzzed=1, exec_us=79, hits=0, map=77, ascii=0, run_time=0:00:00:15)...[0m
[1;94m[*] [0mFuzzing test case #289 (291 total, 0 crashes saved, state: started :-), mode=explore, perf_score=50, weight=1, favorite=1, was_fuzzed=1, exec_us=86, hits=0, map=83, ascii=0, run_time=0:00:00:15)...[0m
[1;94m[*] [0mFuzzing test case #195 (291 total, 0 crashes saved, state: started :-), mode=explore, perf_score=25, weight=1, favorite=1, was_fuzzed=1, exec_us=79, hits=0, map=78, ascii=0, run_time=0:00:00:15)...[0m
[1;94m[*] [0mFuzzing test case #47 (291 total, 0 crashes saved, state: started :-), mode=explore, perf_score=100, weight=0, favorite=0, was_fuzzed=1, exec_us=105, hits=0, map=287, ascii=0, run_time=0:00:00:15)...[0m
[1;94m[*] [0mFuzzing test case #190 (291 total, 0 crashes saved, state: started :-), mode=explore, perf_score=100, weight=1, favorite=1, was_fuzzed=1, exec_us=86, hits=0, map=171, ascii=0, run_time=0:00:00:15)...[0m
[1;94m[*] [0mFuzzing test case #270 (291 total, 0 crashes saved, state: started :-), mode=explore, perf_score=200, weight=0, favorite=0, was_fuzzed=0, exec_us=103, hits=0, map=203, ascii=0, run_time=0:00:00:15)...[0m
[1;94m[*] [0mFuzzing test case #191 (291 total, 0 crashes saved, state: started :-), mode=explore, perf_score=75, weight=1, favorite=1, was_fuzzed=1, exec_us=88, hits=0, map=156, ascii=0, run_time=0:00:00:15)...[0m
[1;94m[*] [0mFuzzing test case #195 (291 total, 0 crashes saved, state: started :-), mode=explore, perf_score=25, weight=1, favorite=1, was_fuzzed=1, exec_us=79, hits=0, map=78, ascii=0, run_time=0:00:00:15)...[0m
[1;94m[*] [0mFuzzing test case #240 (291 total, 0 crashes saved, state: started :-), mode=explore, perf_score=100, weight=1, favorite=1, was_fuzzed=1, exec_us=130, hits=0, map=294, ascii=0, run_time=0:00:00:15)...[0m
[1;94m[*] [0mFuzzing test case #50 (291 total, 0 crashes saved, state: started :-), mode=explore, perf_score=100, weight=0, favorite=0, was_fuzzed=0, exec_us=106, hits=0, map=300, ascii=0, run_time=0:00:00:15)...[0m
[1;94m[*] [0mFuzzing test case #243 (291 total, 0 crashes saved, state: started :-), mode=explore, perf_score=100, weight=1, favorite=1, was_fuzzed=1, exec_us=100, hits=0, map=275, ascii=0, run_time=0:00:00:15)...[0m
[1;94m[*] [0mFuzzing test case #10 (291 total, 0 crashes saved, state: started :-), mode=explore, perf_score=25, weight=1, favorite=1, was_fuzzed=1, exec_us=78, hits=0, map=79, ascii=0, run_time=0:00:00:16)...[0m
[1;94m[*] [0mFuzzing test case #276 (291 total, 0 crashes saved, state: started :-), mode=explore, perf_score=50, weight=1, favorite=1, was_fuzzed=1, exec_us=79, hits=0, map=90, ascii=0, run_time=0:00:00:16)...[0m
[1;94m[*] [0mFuzzing test case #52 (291 total, 0 crashes saved, state: started :-), mode=explore, perf_score=100, weight=0, favorite=0, was_fuzzed=0, exec_us=124, hits=0, map=284, ascii=0, run_time=0:00:00:16)...[0m
[1;94m[*] [0mFuzzing test case #54 (291 total, 0 crashes saved, state: started :-), mode=explore, perf_score=100, weight=0, favorite=0, was_fuzzed=0, exec_us=105, hits=0, map=290, ascii=0, run_time=0:00:00:16)...[0m
[1;94m[*] [0mFuzzing test case #95 (291 total, 0 crashes saved, state: started :-), mode=explore, perf_score=25, weight=1, favorite=1, was_fuzzed=1, exec_us=84, hits=0, map=78, ascii=0, run_time=0:00:00:16)...[0m
[1;94m[*] [0mFuzzing test case #72 (291 total, 0 crashes saved, state: started :-), mode=explore, perf_score=100, weight=0, favorite=0, was_fuzzed=0, exec_us=107, hits=0, map=299, ascii=0, run_time=0:00:00:16)...[0m
[1;94m[*] [0mFuzzing test case #267 (291 total, 0 crashes saved, state: started :-), mode=explore, perf_score=200, weight=1, favorite=1, was_fuzzed=1, exec_us=101, hits=0, map=203, ascii=0, run_time=0:00:00:16)...[0m
[1;94m[*] [0mFuzzing test case #160 (291 total, 0 crashes saved, state: started :-), mode=explore, perf_score=25, weight=1, favorite=1, was_fuzzed=1, exec_us=75, hits=0, map=78, ascii=0, run_time=0:00:00:16)...[0m
[1;94m[*] [0mFuzzing test case #160 (291 total, 0 crashes saved, state: started :-), mode=explore, perf_score=25, weight=1, favorite=1, was_fuzzed=1, exec_us=75, hits=0, map=78, ascii=0, run_time=0:00:00:16)...[0m
[1;94m[*] [0mFuzzing test case #240 (291 total, 0 crashes saved, state: started :-), mode=explore, perf_score=100, weight=1, favorite=1, was_fuzzed=1, exec_us=130, hits=0, map=294, ascii=0, run_time=0:00:00:16)...[0m
[1;94m[*] [0mFuzzing test case #86 (291 total, 0 crashes saved, state: started :-), mode=explore, perf_score=150, weight=0, favorite=1, was_fuzzed=1, exec_us=106, hits=0, map=350, ascii=0, run_time=0:00:00:16)...[0m
[1;94m[*] [0mFuzzing test case #289 (291 total, 0 crashes saved, state: started :-), mode=explore, perf_score=25, weight=1, favorite=1, was_fuzzed=1, exec_us=86, hits=0, map=83, ascii=0, run_time=0:00:00:16)...[0m
[1;94m[*] [0mFuzzing test case #262 (291 total, 0 crashes saved, state: started :-), mode=explore, perf_score=200, weight=1, favorite=1, was_fuzzed=1, exec_us=99, hits=0, map=257, ascii=0, run_time=0:00:00:16)...[0m
[1;94m[*] [0mFuzzing test case #3 (292 total, 0 crashes saved, state: started :-), mode=explore, perf_score=25, weight=0, favorite=1, was_fuzzed=1, exec_us=81, hits=0, map=47, ascii=0, run_time=0:00:00:16)...[0m
[1;94m[*] [0mFuzzing test case #95 (292 total, 0 crashes saved, state: started :-), mode=explore, perf_score=25, weight=1, favorite=1, was_fuzzed=1, exec_us=84, hits=0, map=78, ascii=0, run_time=0:00:00:16)...[0m
[1;94m[*] [0mFuzzing test case #86 (292 total, 0 crashes saved, state: started :-), mode=explore, perf_score=150, weight=0, favorite=1, was_fuzzed=1, exec_us=106, hits=0, map=350, ascii=0, run_time=0:00:00:16)...[0m
[1;94m[*] [0mFuzzing test case #179 (292 total, 0 crashes saved, state: started :-), mode=explore, perf_score=100, weight=0, favorite=1, was_fuzzed=1, exec_us=104, hits=0, map=323, ascii=0, run_time=0:00:00:16)...[0m
[1;94m[*] [0mFuzzing test case #165 (292 total, 0 crashes saved, state: started :-), mode=explore, perf_score=50, weight=1, favorite=1, was_fuzzed=1, exec_us=79, hits=0, map=89, ascii=0, run_time=0:00:00:16)...[0m
[1;94m[*] [0mFuzzing test case #288 (292 total, 0 crashes saved, state: started :-), mode=explore, perf_score=100, weight=1, favorite=1, was_fuzzed=1, exec_us=82, hits=0, map=88, ascii=0, run_time=0:00:00:16)...[0m
[1;94m[*] [0mFuzzing test case #101 (292 total, 0 crashes saved, state: started :-), mode=explore, perf_score=100, weight=1, favorite=0, was_fuzzed=0, exec_us=99, hits=0, map=251, ascii=0, run_time=0:00:00:16)...[0m
[1;94m[*] [0mFuzzing test case #256 (292 total, 0 crashes saved, state: started :-), mode=explore, perf_score=200, weight=1, favorite=1, was_fuzzed=1, exec_us=90, hits=0, map=224, ascii=0, run_time=0:00:00:16)...[0m
[1;94m[*] [0mFuzzing test case #243 (292 total, 0 crashes saved, state: started :-), mode=explore, perf_score=100, weight=1, favorite=1, was_fuzzed=1, exec_us=100, hits=0, map=275, ascii=0, run_time=0:00:00:16)...[0m
[1;94m[*] [0mFuzzing test case #168 (292 total, 0 crashes saved, state: started :-), mode=explore, perf_score=100, weight=1, favorite=1, was_fuzzed=1, exec_us=101, hits=0, map=302, ascii=0, run_time=0:00:00:16)...[0m
[1;94m[*] [0mFuzzing test case #288 (292 total, 0 crashes saved, state: started :-), mode=explore, perf_score=100, weight=1, favorite=1, was_fuzzed=1, exec_us=82, hits=0, map=88, ascii=0, run_time=0:00:00:16)...[0m
[1;94m[*] [0mFuzzing test case #82 (292 total, 0 crashes saved, state: started :-), mode=explore, perf_score=100, weight=0, favorite=1, was_fuzzed=1, exec_us=107, hits=0, map=330, ascii=0, run_time=0:00:00:16)...[0m
[1;94m[*] [0mFuzzing test case #224 (292 total, 0 crashes saved, state: started :-), mode=explore, perf_score=100, weight=2, favorite=0, was_fuzzed=0, exec_us=101, hits=0, map=297, ascii=0, run_time=0:00:00:16)...[0m
[1;94m[*] [0mFuzzing test case #290 (292 total, 0 crashes saved, state: started :-), mode=explore, perf_score=100, weight=1, favorite=1, was_fuzzed=1, exec_us=83, hits=0, map=91, ascii=0, run_time=0:00:00:16)...[0m
[1;94m[*] [0mFuzzing test case #276 (292 total, 0 crashes saved, state: started :-), mode=explore, perf_score=50, weight=1, favorite=1, was_fuzzed=1, exec_us=79, hits=0, map=90, ascii=0, run_time=0:00:00:16)...[0m
[1;94m[*] [0mFuzzing test case #36 (292 total, 0 crashes saved, state: started :-), mode=explore, perf_score=100, weight=1, favorite=0, was_fuzzed=1, exec_us=102, hits=0, map=260, ascii=0, run_time=0:00:00:16)...[0m
[1;94m[*] [0mFuzzing test case #243 (292 total, 0 crashes saved, state: started :-), mode=explore, perf_score=100, weight=1, favorite=1, was_fuzzed=1, exec_us=100, hits=0, map=275, ascii=0, run_time=0:00:00:16)...[0m
[1;94m[*] [0mFuzzing test case #175 (292 total, 0 crashes saved, state: started :-), mode=explore, perf_score=100, weight=1, favorite=0, was_fuzzed=1, exec_us=100, hits=0, map=291, ascii=0, run_time=0:00:00:16)...[0m
[1;94m[*] [0mFuzzing test case #247 (292 total, 0 crashes saved, state: started :-), mode=explore, perf_score=100, weight=1, favorite=1, was_fuzzed=1, exec_us=98, hits=0, map=291, ascii=0, run_time=0:00:00:16)...[0m
[1;94m[*] [0mFuzzing test case #243 (292 total, 0 crashes saved, state: started :-), mode=explore, perf_score=100, weight=1, favorite=1, was_fuzzed=1, exec_us=100, hits=0, map=275, ascii=0, run_time=0:00:00:16)...[0m
[1;94m[*] [0mFuzzing test case #180 (292 total, 0 crashes saved, state: started :-), mode=explore, perf_score=25, weight=1, favorite=1, was_fuzzed=1, exec_us=77, hits=0, map=65, ascii=0, run_time=0:00:00:16)...[0m
[1;94m[*] [0mFuzzing test case #182 (292 total, 0 crashes saved, state: started :-), mode=explore, perf_score=100, weight=0, favorite=0, was_fuzzed=0, exec_us=108, hits=0, map=298, ascii=0, run_time=0:00:00:16)...[0m
[1;94m[*] [0mFuzzing test case #271 (292 total, 0 crashes saved, state: started :-), mode=explore, perf_score=200, weight=1, favorite=1, was_fuzzed=1, exec_us=90, hits=0, map=235, ascii=0, run_time=0:00:00:16)...[0m
[1;94m[*] [0mFuzzing test case #283 (292 total, 0 crashes saved, state: started :-), mode=explore, perf_score=50, weight=1, favorite=1, was_fuzzed=1, exec_us=81, hits=0, map=78, ascii=0, run_time=0:00:00:16)...[0m
[1;94m[*] [0mFuzzing test case #82 (292 total, 0 crashes saved, state: started :-), mode=explore, perf_score=100, weight=0, favorite=1, was_fuzzed=1, exec_us=107, hits=0, map=330, ascii=0, run_time=0:00:00:16)...[0m
[1;94m[*] [0mFuzzing test case #178 (292 total, 0 crashes saved, state: started :-), mode=explore, perf_score=75, weight=0, favorite=1, was_fuzzed=1, exec_us=106, hits=0, map=167, ascii=0, run_time=0:00:00:16)...[0m
[1;94m[*] [0mFuzzing test case #288 (292 total, 0 crashes saved, state: started :-), mode=explore, perf_score=100, weight=1, favorite=1, was_fuzzed=1, exec_us=82, hits=0, map=88, ascii=0, run_time=0:00:00:16)...[0m
[1;94m[*] [0mFuzzing test case #231 (292 total, 0 crashes saved, state: started :-), mode=explore, perf_score=100, weight=1, favorite=1, was_fuzzed=1, exec_us=94, hits=0, map=204, ascii=0, run_time=0:00:00:16)...[0m
[1;94m[*] [0mFuzzing test case #290 (292 total, 0 crashes saved, state: started :-), mode=explore, perf_score=100, weight=1, favorite=1, was_fuzzed=1, exec_us=83, hits=0, map=91, ascii=0, run_time=0:00:00:16)...[0m
[1;94m[*] [0mFuzzing test case #194 (292 total, 0 crashes saved, state: started :-), mode=explore, perf_score=100, weight=1, favorite=1, was_fuzzed=1, exec_us=91, hits=0, map=193, ascii=0, run_time=0:00:00:16)...[0m
[1;94m[*] [0mFuzzing test case #242 (292 total, 0 crashes saved, state: started :-), mode=explore, perf_score=100, weight=1, favorite=1, was_fuzzed=1, exec_us=102, hits=0, map=277, ascii=0, run_time=0:00:00:16)...[0m
[1;94m[*] [0mFuzzing test case #186 (292 total, 0 crashes saved, state: started :-), mode=explore, perf_score=25, weight=1, favorite=1, was_fuzzed=1, exec_us=78, hits=0, map=68, ascii=0, run_time=0:00:00:16)...[0m
[1;94m[*] [0mFuzzing test case #244 (292 total, 0 crashes saved, state: started :-), mode=explore, perf_score=100, weight=0, favorite=1, was_fuzzed=1, exec_us=103, hits=0, map=271, ascii=0, run_time=0:00:00:16)...[0m
[1;94m[*] [0mFuzzing test case #272 (292 total, 0 crashes saved, state: started :-), mode=explore, perf_score=200, weight=1, favorite=1, was_fuzzed=1, exec_us=85, hits=0, map=168, ascii=0, run_time=0:00:00:16)...[0m
[1;94m[*] [0mFuzzing test case #292 (293 total, 0 crashes saved, state: started :-), mode=explore, perf_score=100, weight=1, favorite=1, was_fuzzed=0, exec_us=83, hits=0, map=158, ascii=0, run_time=0:00:00:16)...[0m
[1;94m[*] [0mFuzzing test case #267 (293 total, 0 crashes saved, state: started :-), mode=explore, perf_score=200, weight=1, favorite=1, was_fuzzed=1, exec_us=101, hits=0, map=203, ascii=0, run_time=0:00:00:16)...[0m
[1;94m[*] [0mFuzzing test case #226 (293 total, 0 crashes saved, state: started :-), mode=explore, perf_score=100, weight=0, favorite=1, was_fuzzed=1, exec_us=108, hits=0, map=284, ascii=0, run_time=0:00:00:16)...[0m
[1;94m[*] [0mFuzzing test case #87 (293 total, 0 crashes saved, state: started :-), mode=explore, perf_score=150, weight=0, favorite=1, was_fuzzed=1, exec_us=106, hits=0, map=350, ascii=0, run_time=0:00:00:16)...[0m
[1;94m[*] [0mFuzzing test case #81 (293 total, 0 crashes saved, state: started :-), mode=explore, perf_score=100, weight=0, favorite=1, was_fuzzed=1, exec_us=108, hits=0, map=328, ascii=0, run_time=0:00:00:16)...[0m
[1;94m[*] [0mFuzzing test case #293 (294 total, 0 crashes saved, state: started :-), mode=explore, perf_score=100, weight=1, favorite=1, was_fuzzed=0, exec_us=87, hits=0, map=66, ascii=0, run_time=0:00:00:16)...[0m
[1;94m[*] [0mFuzzing test case #277 (294 total, 0 crashes saved, state: started :-), mode=explore, perf_score=200, weight=1, favorite=1, was_fuzzed=1, exec_us=84, hits=0, map=182, ascii=0, run_time=0:00:00:16)...[0m
[1;94m[*] [0mFuzzing test case #124 (294 total, 0 crashes saved, state: started :-), mode=explore, perf_score=100, weight=0, favorite=0, was_fuzzed=0, exec_us=110, hits=0, map=294, ascii=0, run_time=0:00:00:16)...[0m
[1;94m[*] [0mFuzzing test case #243 (294 total, 0 crashes saved, state: started :-), mode=explore, perf_score=100, weight=1, favorite=1, was_fuzzed=1, exec_us=100, hits=0, map=275, ascii=0, run_time=0:00:00:16)...[0m
[1;94m[*] [0mFuzzing test case #168 (294 total, 0 crashes saved, state: started :-), mode=explore, perf_score=100, weight=1, favorite=1, was_fuzzed=1, exec_us=101, hits=0, map=302, ascii=0, run_time=0:00:00:16)...[0m
[1;94m[*] [0mFuzzing test case #290 (294 total, 0 crashes saved, state: started :-), mode=explore, perf_score=100, weight=1, favorite=1, was_fuzzed=1, exec_us=83, hits=0, map=91, ascii=0, run_time=0:00:00:16)...[0m
[1;94m[*] [0mFuzzing test case #220 (294 total, 0 crashes saved, state: started :-), mode=explore, perf_score=100, weight=1, favorite=0, was_fuzzed=1, exec_us=101, hits=0, map=249, ascii=0, run_time=0:00:00:16)...[0m
[1;94m[*] [0mFuzzing test case #42 (294 total, 0 crashes saved, state: started :-), mode=explore, perf_score=100, weight=1, favorite=0, was_fuzzed=1, exec_us=99, hits=0, map=273, ascii=0, run_time=0:00:00:16)...[0m
[1;94m[*] [0mFuzzing test case #202 (294 total, 0 crashes saved, state: started :-), mode=explore, perf_score=150, weight=0, favorite=1, was_fuzzed=1, exec_us=114, hits=0, map=349, ascii=0, run_time=0:00:00:16)...[0m
[1;94m[*] [0mFuzzing test case #288 (294 total, 0 crashes saved, state: started :-), mode=explore, perf_score=100, weight=1, favorite=1, was_fuzzed=1, exec_us=82, hits=0, map=88, ascii=0, run_time=0:00:00:16)...[0m
[1;94m[*] [0mFuzzing test case #194 (294 total, 0 crashes saved, state: started :-), mode=explore, perf_score=100, weight=1, favorite=1, was_fuzzed=1, exec_us=91, hits=0, map=193, ascii=0, run_time=0:00:00:16)...[0m
[1;94m[*] [0mFuzzing test case #247 (294 total, 0 crashes saved, state: started :-), mode=explore, perf_score=100, weight=1, favorite=1, was_fuzzed=1, exec_us=98, hits=0, map=291, ascii=0, run_time=0:00:00:16)...[0m
[1;94m[*] [0mFuzzing test case #267 (294 total, 0 crashes saved, state: started :-), mode=explore, perf_score=200, weight=1, favorite=1, was_fuzzed=1, exec_us=101, hits=0, map=203, ascii=0, run_time=0:00:00:16)...[0m
[1;94m[*] [0mFuzzing test case #3 (294 total, 0 crashes saved, state: started :-), mode=explore, perf_score=25, weight=0, favorite=1, was_fuzzed=1, exec_us=81, hits=0, map=47, ascii=0, run_time=0:00:00:16)...[0m
[1;94m[*] [0mFuzzing test case #10 (294 total, 0 crashes saved, state: started :-), mode=explore, perf_score=25, weight=1, favorite=1, was_fuzzed=1, exec_us=78, hits=0, map=79, ascii=0, run_time=0:00:00:16)...[0m
[1;94m[*] [0mFuzzing test case #186 (294 total, 0 crashes saved, state: started :-), mode=explore, perf_score=25, weight=1, favorite=1, was_fuzzed=1, exec_us=78, hits=0, map=68, ascii=0, run_time=0:00:00:16)...[0m
[1;94m[*] [0mFuzzing test case #283 (294 total, 0 crashes saved, state: started :-), mode=explore, perf_score=50, weight=1, favorite=1, was_fuzzed=1, exec_us=81, hits=0, map=78, ascii=0, run_time=0:00:00:16)...[0m
[1;94m[*] [0mFuzzing test case #90 (294 total, 0 crashes saved, state: started :-), mode=explore, perf_score=100, weight=1, favorite=1, was_fuzzed=1, exec_us=102, hits=0, map=309, ascii=0, run_time=0:00:00:16)...[0m
[1;94m[*] [0mFuzzing test case #190 (294 total, 0 crashes saved, state: started :-), mode=explore, perf_score=100, weight=1, favorite=1, was_fuzzed=1, exec_us=86, hits=0, map=171, ascii=0, run_time=0:00:00:16)...[0m
[1;94m[*] [0mFuzzing test case #178 (294 total, 0 crashes saved, state: started :-), mode=explore, perf_score=100, weight=0, favorite=1, was_fuzzed=1, exec_us=106, hits=0, map=167, ascii=0, run_time=0:00:00:16)...[0m
[1;94m[*] [0mFuzzing test case #90 (294 total, 0 crashes saved, state: started :-), mode=explore, perf_score=100, weight=1, favorite=1, was_fuzzed=1, exec_us=102, hits=0, map=309, ascii=0, run_time=0:00:00:16)...[0m
[1;94m[*] [0mFuzzing test case #243 (294 total, 0 crashes saved, state: started :-), mode=explore, perf_score=100, weight=1, favorite=1, was_fuzzed=1, exec_us=100, hits=0, map=275, ascii=0, run_time=0:00:00:16)...[0m
[1;94m[*] [0mFuzzing test case #162 (294 total, 0 crashes saved, state: started :-), mode=explore, perf_score=25, weight=1, favorite=1, was_fuzzed=1, exec_us=77, hits=0, map=78, ascii=0, run_time=0:00:00:16)...[0m
[1;94m[*] [0mFuzzing test case #247 (294 total, 0 crashes saved, state: started :-), mode=explore, perf_score=100, weight=1, favorite=1, was_fuzzed=1, exec_us=98, hits=0, map=291, ascii=0, run_time=0:00:00:16)...[0m
[1;94m[*] [0mFuzzing test case #233 (294 total, 0 crashes saved, state: started :-), mode=explore, perf_score=100, weight=1, favorite=1, was_fuzzed=1, exec_us=102, hits=0, map=254, ascii=0, run_time=0:00:00:16)...[0m
[1;94m[*] [0mFuzzing test case #125 (294 total, 0 crashes saved, state: started :-), mode=explore, perf_score=100, weight=0, favorite=0, was_fuzzed=0, exec_us=103, hits=0, map=311, ascii=0, run_time=0:00:00:16)...[0m
[1;94m[*] [0mFuzzing test case #195 (294 total, 0 crashes saved, state: started :-), mode=explore, perf_score=25, weight=1, favorite=1, was_fuzzed=1, exec_us=79, hits=0, map=78, ascii=0, run_time=0:00:00:16)...[0m
[1;94m[*] [0mFuzzing test case #187 (294 total, 0 crashes saved, state: started :-), mode=explore, perf_score=25, weight=1, favorite=1, was_fuzzed=1, exec_us=79, hits=0, map=77, ascii=0, run_time=0:00:00:16)...[0m
[1;94m[*] [0mFuzzing test case #135 (294 total, 0 crashes saved, state: started :-), mode=explore, perf_score=100, weight=0, favorite=0, was_fuzzed=0, exec_us=107, hits=0, map=333, ascii=0, run_time=0:00:00:16)...[0m
[1;94m[*] [0mFuzzing test case #206 (294 total, 0 crashes saved, state: started :-), mode=explore, perf_score=100, weight=1, favorite=0, was_fuzzed=1, exec_us=100, hits=0, map=270, ascii=0, run_time=0:00:00:16)...[0m
[1;94m[*] [0mFuzzing test case #168 (294 total, 0 crashes saved, state: started :-), mode=explore, perf_score=100, weight=1, favorite=1, was_fuzzed=1, exec_us=101, hits=0, map=302, ascii=0, run_time=0:00:00:16)...[0m
[1;94m[*] [0mFuzzing test case #57 (294 total, 0 crashes saved, state: started :-), mode=explore, perf_score=100, weight=1, favorite=0, was_fuzzed=0, exec_us=134, hits=0, map=302, ascii=0, run_time=0:00:00:16)...[0m
[1;94m[*] [0mFuzzing test case #6 (294 total, 0 crashes saved, state: started :-), mode=explore, perf_score=25, weight=1, favorite=1, was_fuzzed=1, exec_us=102, hits=0, map=57, ascii=0, run_time=0:00:00:16)...[0m
[1;94m[*] [0mFuzzing test case #280 (294 total, 0 crashes saved, state: started :-), mode=explore, perf_score=200, weight=1, favorite=1, was_fuzzed=1, exec_us=102, hits=0, map=287, ascii=0, run_time=0:00:00:16)...[0m
[1;94m[*] [0mFuzzing test case #276 (294 total, 0 crashes saved, state: started :-), mode=explore, perf_score=50, weight=1, favorite=1, was_fuzzed=1, exec_us=79, hits=0, map=90, ascii=0, run_time=0:00:00:16)...[0m
[1;94m[*] [0mFuzzing test case #288 (294 total, 0 crashes saved, state: started :-), mode=explore, perf_score=100, weight=1, favorite=1, was_fuzzed=1, exec_us=82, hits=0, map=88, ascii=0, run_time=0:00:00:16)...[0m
[1;94m[*] [0mFuzzing test case #165 (294 total, 0 crashes saved, state: started :-), mode=explore, perf_score=50, weight=1, favorite=1, was_fuzzed=1, exec_us=79, hits=0, map=89, ascii=0, run_time=0:00:00:16)...[0m
[1;94m[*] [0mFuzzing test case #263 (294 total, 0 crashes saved, state: started :-), mode=explore, perf_score=200, weight=1, favorite=1, was_fuzzed=1, exec_us=102, hits=0, map=255, ascii=0, run_time=0:00:00:16)...[0m
[1;94m[*] [0mFuzzing test case #255 (294 total, 0 crashes saved, state: started :-), mode=explore, perf_score=200, weight=1, favorite=0, was_fuzzed=1, exec_us=94, hits=0, map=226, ascii=0, run_time=0:00:00:16)...[0m
[1;94m[*] [0mFuzzing test case #242 (294 total, 0 crashes saved, state: started :-), mode=explore, perf_score=100, weight=1, favorite=1, was_fuzzed=1, exec_us=102, hits=0, map=277, ascii=0, run_time=0:00:00:16)...[0m
[1;94m[*] [0mFuzzing test case #242 (294 total, 0 crashes saved, state: started :-), mode=explore, perf_score=100, weight=1, favorite=1, was_fuzzed=1, exec_us=102, hits=0, map=277, ascii=0, run_time=0:00:00:16)...[0m
[1;94m[*] [0mFuzzing test case #90 (294 total, 0 crashes saved, state: started :-), mode=explore, perf_score=100, weight=1, favorite=1, was_fuzzed=1, exec_us=102, hits=0, map=309, ascii=0, run_time=0:00:00:16)...[0m
[1;94m[*] [0mFuzzing test case #276 (294 total, 0 crashes saved, state: started :-), mode=explore, perf_score=50, weight=1, favorite=1, was_fuzzed=1, exec_us=79, hits=0, map=90, ascii=0, run_time=0:00:00:16)...[0m
[1;94m[*] [0mFuzzing test case #294 (295 total, 0 crashes saved, state: started :-), mode=explore, perf_score=100, weight=1, favorite=1, was_fuzzed=0, exec_us=81, hits=0, map=89, ascii=0, run_time=0:00:00:16)...[0m
[1;94m[*] [0mFuzzing test case #185 (295 total, 0 crashes saved, state: started :-), mode=explore, perf_score=50, weight=1, favorite=1, was_fuzzed=1, exec_us=78, hits=0, map=91, ascii=0, run_time=0:00:00:16)...[0m
[1;94m[*] [0mFuzzing test case #271 (295 total, 0 crashes saved, state: started :-), mode=explore, perf_score=200, weight=1, favorite=1, was_fuzzed=1, exec_us=90, hits=0, map=235, ascii=0, run_time=0:00:00:16)...[0m
[1;94m[*] [0mFuzzing test case #5 (295 total, 0 crashes saved, state: started :-), mode=explore, perf_score=25, weight=1, favorite=1, was_fuzzed=1, exec_us=78, hits=0, map=54, ascii=0, run_time=0:00:00:16)...[0m
[1;94m[*] [0mFuzzing test case #154 (295 total, 0 crashes saved, state: started :-), mode=explore, perf_score=25, weight=1, favorite=1, was_fuzzed=1, exec_us=79, hits=0, map=75, ascii=0, run_time=0:00:00:16)...[0m
[1;94m[*] [0mFuzzing test case #276 (295 total, 0 crashes saved, state: started :-), mode=explore, perf_score=50, weight=1, favorite=1, was_fuzzed=1, exec_us=79, hits=0, map=90, ascii=0, run_time=0:00:00:16)...[0m
[1;94m[*] [0mFuzzing test case #195 (295 total, 0 crashes saved, state: started :-), mode=explore, perf_score=25, weight=1, favorite=1, was_fuzzed=1, exec_us=79, hits=0, map=78, ascii=0, run_time=0:00:00:16)...[0m
[1;94m[*] [0mFuzzing test case #88 (295 total, 0 crashes saved, state: started :-), mode=explore, perf_score=150, weight=1, favorite=1, was_fuzzed=1, exec_us=102, hits=0, map=350, ascii=0, run_time=0:00:00:16)...[0m
[1;94m[*] [0mFuzzing test case #154 (295 total, 0 crashes saved, state: started :-), mode=explore, perf_score=25, weight=1, favorite=1, was_fuzzed=1, exec_us=79, hits=0, map=75, ascii=0, run_time=0:00:00:17)...[0m
[1;94m[*] [0mFuzzing test case #290 (295 total, 0 crashes saved, state: started :-), mode=explore, perf_score=100, weight=1, favorite=1, was_fuzzed=1, exec_us=83, hits=0, map=91, ascii=0, run_time=0:00:00:17)...[0m
[1;94m[*] [0mFuzzing test case #187 (295 total, 0 crashes saved, state: started :-), mode=explore, perf_score=25, weight=1, favorite=1, was_fuzzed=1, exec_us=79, hits=0, map=77, ascii=0, run_time=0:00:00:17)...[0m
[1;94m[*] [0mFuzzing test case #247 (295 total, 0 crashes saved, state: started :-), mode=explore, perf_score=100, weight=1, favorite=1, was_fuzzed=1, exec_us=98, hits=0, map=291, ascii=0, run_time=0:00:00:17)...[0m
[1;94m[*] [0mFuzzing test case #247 (295 total, 0 crashes saved, state: started :-), mode=explore, perf_score=100, weight=1, favorite=1, was_fuzzed=1, exec_us=98, hits=0, map=291, ascii=0, run_time=0:00:00:17)...[0m
[1;94m[*] [0mFuzzing test case #191 (295 total, 0 crashes saved, state: started :-), mode=explore, perf_score=75, weight=1, favorite=1, was_fuzzed=1, exec_us=88, hits=0, map=156, ascii=0, run_time=0:00:00:17)...[0m
[1;94m[*] [0mFuzzing test case #243 (295 total, 0 crashes saved, state: started :-), mode=explore, perf_score=100, weight=1, favorite=1, was_fuzzed=1, exec_us=100, hits=0, map=275, ascii=0, run_time=0:00:00:17)...[0m
[1;94m[*] [0mFuzzing test case #243 (295 total, 0 crashes saved, state: started :-), mode=explore, perf_score=100, weight=1, favorite=1, was_fuzzed=1, exec_us=100, hits=0, map=275, ascii=0, run_time=0:00:00:17)...[0m
[1;94m[*] [0mFuzzing test case #279 (295 total, 0 crashes saved, state: started :-), mode=explore, perf_score=200, weight=0, favorite=0, was_fuzzed=0, exec_us=125, hits=0, map=179, ascii=0, run_time=0:00:00:17)...[0m
[1;94m[*] [0mFuzzing test case #247 (295 total, 0 crashes saved, state: started :-), mode=explore, perf_score=100, weight=1, favorite=1, was_fuzzed=1, exec_us=98, hits=0, map=291, ascii=0, run_time=0:00:00:17)...[0m
[1;94m[*] [0mFuzzing test case #96 (295 total, 0 crashes saved, state: started :-), mode=explore, perf_score=50, weight=1, favorite=1, was_fuzzed=1, exec_us=82, hits=0, map=84, ascii=0, run_time=0:00:00:17)...[0m
[1;94m[*] [0mFuzzing test case #280 (295 total, 0 crashes saved, state: started :-), mode=explore, perf_score=200, weight=1, favorite=1, was_fuzzed=1, exec_us=102, hits=0, map=287, ascii=0, run_time=0:00:00:17)...[0m
[1;94m[*] [0mFuzzing test case #8 (295 total, 0 crashes saved, state: started :-), mode=explore, perf_score=25, weight=1, favorite=1, was_fuzzed=1, exec_us=81, hits=0, map=78, ascii=0, run_time=0:00:00:17)...[0m
[1;94m[*] [0mFuzzing test case #5 (295 total, 0 crashes saved, state: started :-), mode=explore, perf_score=25, weight=1, favorite=1, was_fuzzed=1, exec_us=78, hits=0, map=54, ascii=0, run_time=0:00:00:17)...[0m
[1;94m[*] [0mFuzzing test case #288 (295 total, 0 crashes saved, state: started :-), mode=explore, perf_score=100, weight=1, favorite=1, was_fuzzed=1, exec_us=82, hits=0, map=88, ascii=0, run_time=0:00:00:17)...[0m
[1;94m[*] [0mFuzzing test case #259 (295 total, 0 crashes saved, state: started :-), mode=explore, perf_score=200, weight=0, favorite=1, was_fuzzed=1, exec_us=127, hits=0, map=240, ascii=0, run_time=0:00:00:17)...[0m
[1;94m[*] [0mFuzzing test case #288 (295 total, 0 crashes saved, state: started :-), mode=explore, perf_score=100, weight=1, favorite=1, was_fuzzed=1, exec_us=82, hits=0, map=88, ascii=0, run_time=0:00:00:17)...[0m
[1;94m[*] [0mFuzzing test case #90 (295 total, 0 crashes saved, state: started :-), mode=explore, perf_score=100, weight=1, favorite=1, was_fuzzed=1, exec_us=102, hits=0, map=309, ascii=0, run_time=0:00:00:17)...[0m
[1;94m[*] [0mFuzzing test case #231 (295 total, 0 crashes saved, state: started :-), mode=explore, perf_score=100, weight=1, favorite=1, was_fuzzed=1, exec_us=94, hits=0, map=204, ascii=0, run_time=0:00:00:17)...[0m
[1;94m[*] [0mFuzzing test case #167 (295 total, 0 crashes saved, state: started :-), mode=explore, perf_score=100, weight=1, favorite=1, was_fuzzed=1, exec_us=87, hits=0, map=172, ascii=0, run_time=0:00:00:17)...[0m
[1;94m[*] [0mFuzzing test case #240 (295 total, 0 crashes saved, state: started :-), mode=explore, perf_score=100, weight=1, favorite=1, was_fuzzed=1, exec_us=130, hits=0, map=294, ascii=0, run_time=0:00:00:17)...[0m
[1;94m[*] [0mFuzzing test case #288 (295 total, 0 crashes saved, state: started :-), mode=explore, perf_score=100, weight=1, favorite=1, was_fuzzed=1, exec_us=82, hits=0, map=88, ascii=0, run_time=0:00:00:17)...[0m
[1;94m[*] [0mFuzzing test case #155 (295 total, 0 crashes saved, state: started :-), mode=explore, perf_score=100, weight=1, favorite=1, was_fuzzed=1, exec_us=102, hits=0, map=293, ascii=0, run_time=0:00:00:17)...[0m
[1;94m[*] [0mFuzzing test case #10 (295 total, 0 crashes saved, state: started :-), mode=explore, perf_score=25, weight=1, favorite=1, was_fuzzed=1, exec_us=78, hits=0, map=79, ascii=0, run_time=0:00:00:17)...[0m
[1;94m[*] [0mFuzzing test case #254 (295 total, 0 crashes saved, state: started :-), mode=explore, perf_score=200, weight=1, favorite=1, was_fuzzed=1, exec_us=95, hits=0, map=223, ascii=0, run_time=0:00:00:17)...[0m
[1;94m[*] [0mFuzzing test case #227 (295 total, 0 crashes saved, state: started :-), mode=explore, perf_score=100, weight=1, favorite=0, was_fuzzed=1, exec_us=101, hits=0, map=289, ascii=0, run_time=0:00:00:17)...[0m
[1;94m[*] [0mFuzzing test case #292 (295 total, 0 crashes saved, state: started :-), mode=explore, perf_score=150, weight=1, favorite=1, was_fuzzed=1, exec_us=83, hits=0, map=158, ascii=0, run_time=0:00:00:17)...[0m
[1;94m[*] [0mFuzzing test case #290 (295 total, 0 crashes saved, state: started :-), mode=explore, perf_score=100, weight=1, favorite=1, was_fuzzed=1, exec_us=83, hits=0, map=91, ascii=0, run_time=0:00:00:17)...[0m
[1;94m[*] [0mFuzzing test case #290 (295 total, 0 crashes saved, state: started :-), mode=explore, perf_score=100, weight=1, favorite=1, was_fuzzed=1, exec_us=83, hits=0, map=91, ascii=0, run_time=0:00:00:17)...[0m
[1;94m[*] [0mFuzzing test case #5 (295 total, 0 crashes saved, state: started :-), mode=explore, perf_score=25, weight=1, favorite=1, was_fuzzed=1, exec_us=78, hits=0, map=54, ascii=0, run_time=0:00:00:17)...[0m
[1;94m[*] [0mFuzzing test case #247 (295 total, 0 crashes saved, state: started :-), mode=explore, perf_score=100, weight=1, favorite=1, was_fuzzed=1, exec_us=98, hits=0, map=291, ascii=0, run_time=0:00:00:17)...[0m
[1;94m[*] [0mFuzzing test case #229 (295 total, 0 crashes saved, state: started :-), mode=explore, perf_score=100, weight=0, favorite=1, was_fuzzed=1, exec_us=108, hits=0, map=297, ascii=0, run_time=0:00:00:17)...[0m
[1;94m[*] [0mFuzzing test case #292 (295 total, 0 crashes saved, state: started :-), mode=explore, perf_score=150, weight=1, favorite=1, was_fuzzed=1, exec_us=83, hits=0, map=158, ascii=0, run_time=0:00:00:17)...[0m
[1;94m[*] [0mFuzzing test case #247 (295 total, 0 crashes saved, state: started :-), mode=explore, perf_score=100, weight=1, favorite=1, was_fuzzed=1, exec_us=98, hits=0, map=291, ascii=0, run_time=0:00:00:17)...[0m
[1;94m[*] [0mFuzzing test case #272 (295 total, 0 crashes saved, state: started :-), mode=explore, perf_score=200, weight=1, favorite=1, was_fuzzed=1, exec_us=85, hits=0, map=168, ascii=0, run_time=0:00:00:17)...[0m
[1;94m[*] [0mFuzzing test case #5 (295 total, 0 crashes saved, state: started :-), mode=explore, perf_score=25, weight=1, favorite=1, was_fuzzed=1, exec_us=78, hits=0, map=54, ascii=0, run_time=0:00:00:17)...[0m
[1;94m[*] [0mFuzzing test case #126 (295 total, 0 crashes saved, state: started :-), mode=explore, perf_score=100, weight=1, favorite=0, was_fuzzed=1, exec_us=102, hits=0, map=296, ascii=0, run_time=0:00:00:17)...[0m
[1;94m[*] [0mFuzzing test case #183 (295 total, 0 crashes saved, state: started :-), mode=explore, perf_score=100, weight=0, favorite=1, was_fuzzed=1, exec_us=109, hits=0, map=326, ascii=0, run_time=0:00:00:17)...[0m
[1;94m[*] [0mFuzzing test case #195 (295 total, 0 crashes saved, state: started :-), mode=explore, perf_score=25, weight=1, favorite=1, was_fuzzed=1, exec_us=79, hits=0, map=78, ascii=0, run_time=0:00:00:17)...[0m
[1;94m[*] [0mFuzzing test case #88 (295 total, 0 crashes saved, state: started :-), mode=explore, perf_score=150, weight=1, favorite=1, was_fuzzed=1, exec_us=102, hits=0, map=350, ascii=0, run_time=0:00:00:17)...[0m
[1;94m[*] [0mFuzzing test case #242 (295 total, 0 crashes saved, state: started :-), mode=explore, perf_score=100, weight=1, favorite=1, was_fuzzed=1, exec_us=102, hits=0, map=277, ascii=0, run_time=0:00:00:17)...[0m
[1;94m[*] [0mFuzzing test case #290 (295 total, 0 crashes saved, state: started :-), mode=explore, perf_score=100, weight=1, favorite=1, was_fuzzed=1, exec_us=83, hits=0, map=91, ascii=0, run_time=0:00:00:17)...[0m
[1;94m[*] [0mFuzzing test case #165 (295 total, 0 crashes saved, state: started :-), mode=explore, perf_score=50, weight=1, favorite=1, was_fuzzed=1, exec_us=79, hits=0, map=89, ascii=0, run_time=0:00:00:17)...[0m
[1;94m[*] [0mFuzzing test case #247 (295 total, 0 crashes saved, state: started :-), mode=explore, perf_score=100, weight=1, favorite=1, was_fuzzed=1, exec_us=98, hits=0, map=291, ascii=0, run_time=0:00:00:17)...[0m
[1;94m[*] [0mFuzzing test case #256 (295 total, 0 crashes saved, state: started :-), mode=explore, perf_score=200, weight=1, favorite=1, was_fuzzed=1, exec_us=90, hits=0, map=224, ascii=0, run_time=0:00:00:17)...[0m
[1;94m[*] [0mFuzzing test case #179 (295 total, 0 crashes saved, state: started :-), mode=explore, perf_score=100, weight=0, favorite=1, was_fuzzed=1, exec_us=104, hits=0, map=323, ascii=0, run_time=0:00:00:17)...[0m
[1;94m[*] [0mFuzzing test case #12 (295 total, 0 crashes saved, state: started :-), mode=explore, perf_score=75, weight=0, favorite=1, was_fuzzed=1, exec_us=121, hits=0, map=154, ascii=0, run_time=0:00:00:17)...[0m
[1;94m[*] [0mEntering queue cycle 4
[0m
[1;94m[*] [0mFuzzing test case #8 (295 total, 0 crashes saved, state: started :-), mode=explore, perf_score=25, weight=1, favorite=1, was_fuzzed=1, exec_us=81, hits=0, map=78, ascii=0, run_time=0:00:00:17)...[0m
[1;94m[*] [0mFuzzing test case #187 (295 total, 0 crashes saved, state: started :-), mode=explore, perf_score=25, weight=1, favorite=1, was_fuzzed=1, exec_us=79, hits=0, map=77, ascii=0, run_time=0:00:00:17)...[0m
[1;94m[*] [0mFuzzing test case #8 (295 total, 0 crashes saved, state: started :-), mode=explore, perf_score=25, weight=1, favorite=1, was_fuzzed=1, exec_us=81, hits=0, map=78, ascii=0, run_time=0:00:00:17)...[0m
[1;94m[*] [0mFuzzing test case #277 (295 total, 0 crashes saved, state: started :-), mode=explore, perf_score=200, weight=1, favorite=1, was_fuzzed=1, exec_us=84, hits=0, map=182, ascii=0, run_time=0:00:00:17)...[0m
[1;94m[*] [0mFuzzing test case #288 (295 total, 0 crashes saved, state: started :-), mode=explore, perf_score=100, weight=1, favorite=1, was_fuzzed=1, exec_us=82, hits=0, map=88, ascii=0, run_time=0:00:00:17)...[0m
[1;94m[*] [0mFuzzing test case #154 (295 total, 0 crashes saved, state: started :-), mode=explore, perf_score=25, weight=1, favorite=1, was_fuzzed=1, exec_us=79, hits=0, map=75, ascii=0, run_time=0:00:00:17)...[0m
[1;94m[*] [0mFuzzing test case #195 (295 total, 0 crashes saved, state: started :-), mode=explore, perf_score=25, weight=1, favorite=1, was_fuzzed=1, exec_us=79, hits=0, map=78, ascii=0, run_time=0:00:00:17)...[0m
[1;94m[*] [0mFuzzing test case #166 (295 total, 0 crashes saved, state: started :-), mode=explore, perf_score=150, weight=0, favorite=1, was_fuzzed=1, exec_us=106, hits=0, map=353, ascii=0, run_time=0:00:00:17)...[0m
[1;94m[*] [0mFuzzing test case #207 (295 total, 0 crashes saved, state: started :-), mode=explore, perf_score=100, weight=1, favorite=0, was_fuzzed=1, exec_us=91, hits=0, map=241, ascii=0, run_time=0:00:00:17)...[0m
[1;94m[*] [0mFuzzing test case #262 (295 total, 0 crashes saved, state: started :-), mode=explore, perf_score=200, weight=1, favorite=1, was_fuzzed=1, exec_us=99, hits=0, map=257, ascii=0, run_time=0:00:00:17)...[0m
[1;94m[*] [0mFuzzing test case #256 (295 total, 0 crashes saved, state: started :-), mode=explore, perf_score=200, weight=1, favorite=1, was_fuzzed=1, exec_us=90, hits=0, map=224, ascii=0, run_time=0:00:00:17)...[0m
[1;94m[*] [0mFuzzing test case #154 (295 total, 0 crashes saved, state: started :-), mode=explore, perf_score=25, weight=1, favorite=1, was_fuzzed=1, exec_us=79, hits=0, map=75, ascii=0, run_time=0:00:00:17)...[0m
[1;94m[*] [0mFuzzing test case #263 (295 total, 0 crashes saved, state: started :-), mode=explore, perf_score=200, weight=1, favorite=1, was_fuzzed=1, exec_us=102, hits=0, map=255, ascii=0, run_time=0:00:00:17)...[0m
[1;94m[*] [0mFuzzing test case #88 (295 total, 0 crashes saved, state: started :-), mode=explore, perf_score=150, weight=1, favorite=1, was_fuzzed=1, exec_us=102, hits=0, map=350, ascii=0, run_time=0:00:00:17)...[0m
[1;94m[*] [0mFuzzing test case #87 (295 total, 0 crashes saved, state: started :-), mode=explore, perf_score=150, weight=0, favorite=1, was_fuzzed=1, exec_us=106, hits=0, map=350, ascii=0, run_time=0:00:00:17)...[0m
[1;94m[*] [0mFuzzing test case #5 (295 total, 0 crashes saved, state: started :-), mode=explore, perf_score=25, weight=1, favorite=1, was_fuzzed=1, exec_us=78, hits=0, map=54, ascii=0, run_time=0:00:00:17)...[0m
[1;94m[*] [0mFuzzing test case #242 (295 total, 0 crashes saved, state: started :-), mode=explore, perf_score=100, weight=1, favorite=1, was_fuzzed=1, exec_us=102, hits=0, map=277, ascii=0, run_time=0:00:00:17)...[0m
[1;94m[*] [0mFuzzing test case #291 (295 total, 0 crashes saved, state: started :-), mode=explore, perf_score=200, weight=0, favorite=0, was_fuzzed=0, exec_us=116, hits=0, map=264, ascii=0, run_time=0:00:00:17)...[0m
[1;94m[*] [0mFuzzing test case #280 (295 total, 0 crashes saved, state: started :-), mode=explore, perf_score=200, weight=1, favorite=1, was_fuzzed=1, exec_us=102, hits=0, map=287, ascii=0, run_time=0:00:00:17)...[0m
[1;94m[*] [0mFuzzing test case #145 (295 total, 0 crashes saved, state: started :-), mode=explore, perf_score=100, weight=0, favorite=0, was_fuzzed=0, exec_us=105, hits=0, map=282, ascii=0, run_time=0:00:00:17)...[0m
[1;94m[*] [0mFuzzing test case #218 (295 total, 0 crashes saved, state: started :-), mode=explore, perf_score=100, weight=0, favorite=1, was_fuzzed=1, exec_us=106, hits=0, map=295, ascii=0, run_time=0:00:00:17)...[0m
[1;94m[*] [0mFuzzing test case #230 (295 total, 0 crashes saved, state: started :-), mode=explore, perf_score=100, weight=0, favorite=1, was_fuzzed=1, exec_us=107, hits=0, map=291, ascii=0, run_time=0:00:00:17)...[0m
[1;94m[*] [0mFuzzing test case #6 (295 total, 0 crashes saved, state: started :-), mode=explore, perf_score=25, weight=1, favorite=1, was_fuzzed=1, exec_us=102, hits=0, map=57, ascii=0, run_time=0:00:00:17)...[0m
[1;94m[*] [0mFuzzing test case #288 (295 total, 0 crashes saved, state: started :-), mode=explore, perf_score=100, weight=1, favorite=1, was_fuzzed=1, exec_us=82, hits=0, map=88, ascii=0, run_time=0:00:00:17)...[0m
[1;94m[*] [0mFuzzing test case #12 (295 total, 0 crashes saved, state: started :-), mode=explore, perf_score=75, weight=0, favorite=1, was_fuzzed=1, exec_us=121, hits=0, map=154, ascii=0, run_time=0:00:00:17)...[0m
[1;94m[*] [0mFuzzing test case #243 (295 total, 0 crashes saved, state: started :-), mode=explore, perf_score=100, weight=1, favorite=1, was_fuzzed=1, exec_us=100, hits=0, map=275, ascii=0, run_time=0:00:00:17)...[0m
[1;94m[*] [0mFuzzing test case #283 (295 total, 0 crashes saved, state: started :-), mode=explore, perf_score=50, weight=1, favorite=1, was_fuzzed=1, exec_us=81, hits=0, map=78, ascii=0, run_time=0:00:00:17)...[0m
[1;94m[*] [0mFuzzing test case #231 (295 total, 0 crashes saved, state: started :-), mode=explore, perf_score=100, weight=1, favorite=1, was_fuzzed=1, exec_us=94, hits=0, map=204, ascii=0, run_time=0:00:00:17)...[0m
[1;94m[*] [0mFuzzing test case #163 (295 total, 0 crashes saved, state: started :-), mode=explore, perf_score=25, weight=1, favorite=1, was_fuzzed=1, exec_us=80, hits=0, map=78, ascii=0, run_time=0:00:00:17)...[0m
[1;94m[*] [0mFuzzing test case #154 (295 total, 0 crashes saved, state: started :-), mode=explore, perf_score=25, weight=1, favorite=1, was_fuzzed=1, exec_us=79, hits=0, map=75, ascii=0, run_time=0:00:00:17)...[0m
[1;94m[*] [0mFuzzing test case #242 (295 total, 0 crashes saved, state: started :-), mode=explore, perf_score=100, weight=1, favorite=1, was_fuzzed=1, exec_us=102, hits=0, map=277, ascii=0, run_time=0:00:00:17)...[0m
[1;94m[*] [0mFuzzing test case #289 (295 total, 0 crashes saved, state: started :-), mode=explore, perf_score=50, weight=1, favorite=1, was_fuzzed=1, exec_us=86, hits=0, map=83, ascii=0, run_time=0:00:00:17)...[0m
[1;94m[*] [0mFuzzing test case #160 (295 total, 0 crashes saved, state: started :-), mode=explore, perf_score=25, weight=1, favorite=1, was_fuzzed=1, exec_us=75, hits=0, map=78, ascii=0, run_time=0:00:00:17)...[0m
[1;94m[*] [0mFuzzing test case #186 (295 total, 0 crashes saved, state: started :-), mode=explore, perf_score=25, weight=1, favorite=1, was_fuzzed=1, exec_us=78, hits=0, map=68, ascii=0, run_time=0:00:00:17)...[0m
[1;94m[*] [0mFuzzing test case #185 (295 total, 0 crashes saved, state: started :-), mode=explore, perf_score=50, weight=1, favorite=1, was_fuzzed=1, exec_us=78, hits=0, map=91, ascii=0, run_time=0:00:00:17)...[0m
[1;94m[*] [0mFuzzing test case #199 (295 total, 0 crashes saved, state: started :-), mode=explore, perf_score=25, weight=1, favorite=1, was_fuzzed=1, exec_us=95, hits=0, map=79, ascii=0, run_time=0:00:00:17)...[0m
[1;94m[*] [0mFuzzing test case #180 (295 total, 0 crashes saved, state: started :-), mode=explore, perf_score=25, weight=1, favorite=1, was_fuzzed=1, exec_us=77, hits=0, map=65, ascii=0, run_time=0:00:00:17)...[0m
[1;94m[*] [0mFuzzing test case #289 (295 total, 0 crashes saved, state: started :-), mode=explore, perf_score=50, weight=1, favorite=1, was_fuzzed=1, exec_us=86, hits=0, map=83, ascii=0, run_time=0:00:00:17)...[0m
[1;94m[*] [0mFuzzing test case #156 (295 total, 0 crashes saved, state: started :-), mode=explore, perf_score=100, weight=0, favorite=1, was_fuzzed=1, exec_us=103, hits=0, map=301, ascii=0, run_time=0:00:00:17)...[0m
[1;94m[*] [0mFuzzing test case #283 (295 total, 0 crashes saved, state: started :-), mode=explore, perf_score=50, weight=1, favorite=1, was_fuzzed=1, exec_us=81, hits=0, map=78, ascii=0, run_time=0:00:00:17)...[0m
[1;94m[*] [0mFuzzing test case #155 (295 total, 0 crashes saved, state: started :-), mode=explore, perf_score=100, weight=1, favorite=1, was_fuzzed=1, exec_us=102, hits=0, map=293, ascii=0, run_time=0:00:00:17)...[0m
[1;94m[*] [0mFuzzing test case #254 (295 total, 0 crashes saved, state: started :-), mode=explore, perf_score=200, weight=1, favorite=1, was_fuzzed=1, exec_us=95, hits=0, map=223, ascii=0, run_time=0:00:00:17)...[0m
[1;94m[*] [0mFuzzing test case #194 (295 total, 0 crashes saved, state: started :-), mode=explore, perf_score=100, weight=1, favorite=1, was_fuzzed=1, exec_us=91, hits=0, map=193, ascii=0, run_time=0:00:00:17)...[0m
[1;94m[*] [0mFuzzing test case #163 (295 total, 0 crashes saved, state: started :-), mode=explore, perf_score=25, weight=1, favorite=1, was_fuzzed=1, exec_us=80, hits=0, map=78, ascii=0, run_time=0:00:00:17)...[0m
[1;94m[*] [0mFuzzing test case #233 (295 total, 0 crashes saved, state: started :-), mode=explore, perf_score=100, weight=1, favorite=1, was_fuzzed=1, exec_us=102, hits=0, map=254, ascii=0, run_time=0:00:00:17)...[0m
[1;94m[*] [0mFuzzing test case #173 (295 total, 0 crashes saved, state: started :-), mode=explore, perf_score=100, weight=0, favorite=0, was_fuzzed=0, exec_us=103, hits=0, map=299, ascii=0, run_time=0:00:00:17)...[0m
[1;94m[*] [0mFuzzing test case #165 (295 total, 0 crashes saved, state: started :-), mode=explore, perf_score=50, weight=1, favorite=1, was_fuzzed=1, exec_us=79, hits=0, map=89, ascii=0, run_time=0:00:00:17)...[0m
[1;94m[*] [0mFuzzing test case #156 (295 total, 0 crashes saved, state: started :-), mode=explore, perf_score=100, weight=0, favorite=1, was_fuzzed=1, exec_us=103, hits=0, map=301, ascii=0, run_time=0:00:00:17)...[0m
[1;94m[*] [0mFuzzing test case #221 (295 total, 0 crashes saved, state: started :-), mode=explore, perf_score=100, weight=1, favorite=0, was_fuzzed=1, exec_us=99, hits=0, map=298, ascii=0, run_time=0:00:00:17)...[0m
[1;94m[*] [0mFuzzing test case #231 (295 total, 0 crashes saved, state: started :-), mode=explore, perf_score=100, weight=1, favorite=1, was_fuzzed=1, exec_us=94, hits=0, map=204, ascii=0, run_time=0:00:00:17)...[0m
[1;94m[*] [0mFuzzing test case #163 (295 total, 0 crashes saved, state: started :-), mode=explore, perf_score=25, weight=1, favorite=1, was_fuzzed=1, exec_us=80, hits=0, map=78, ascii=0, run_time=0:00:00:17)...[0m
[1;94m[*] [0mFuzzing test case #2 (295 total, 0 crashes saved, state: started :-), mode=explore, perf_score=25, weight=0, favorite=1, was_fuzzed=1, exec_us=90, hits=0, map=47, ascii=0, run_time=0:00:00:17)...[0m
[1;94m[*] [0mFuzzing test case #290 (295 total, 0 crashes saved, state: started :-), mode=explore, perf_score=100, weight=1, favorite=1, was_fuzzed=1, exec_us=83, hits=0, map=91, ascii=0, run_time=0:00:00:17)...[0m
[1;94m[*] [0mFuzzing test case #290 (295 total, 0 crashes saved, state: started :-), mode=explore, perf_score=100, weight=1, favorite=1, was_fuzzed=1, exec_us=83, hits=0, map=91, ascii=0, run_time=0:00:00:17)...[0m
[1;94m[*] [0mFuzzing test case #240 (295 total, 0 crashes saved, state: started :-), mode=explore, perf_score=100, weight=1, favorite=1, was_fuzzed=1, exec_us=130, hits=0, map=294, ascii=0, run_time=0:00:00:17)...[0m
[1;94m[*] [0mFuzzing test case #240 (295 total, 0 crashes saved, state: started :-), mode=explore, perf_score=100, weight=1, favorite=1, was_fuzzed=1, exec_us=130, hits=0, map=294, ascii=0, run_time=0:00:00:17)...[0m
[1;94m[*] [0mFuzzing test case #185 (295 total, 0 crashes saved, state: started :-), mode=explore, perf_score=50, weight=1, favorite=1, was_fuzzed=1, exec_us=78, hits=0, map=91, ascii=0, run_time=0:00:00:17)...[0m
[1;94m[*] [0mFuzzing test case #180 (295 total, 0 crashes saved, state: started :-), mode=explore, perf_score=25, weight=1, favorite=1, was_fuzzed=1, exec_us=77, hits=0, map=65, ascii=0, run_time=0:00:00:17)...[0m
[1;94m[*] [0mFuzzing test case #163 (295 total, 0 crashes saved, state: started :-), mode=explore, perf_score=25, weight=1, favorite=1, was_fuzzed=1, exec_us=80, hits=0, map=78, ascii=0, run_time=0:00:00:17)...[0m
[1;94m[*] [0mFuzzing test case #288 (295 total, 0 crashes saved, state: started :-), mode=explore, perf_score=100, weight=1, favorite=1, was_fuzzed=1, exec_us=82, hits=0, map=88, ascii=0, run_time=0:00:00:17)...[0m
[1;94m[*] [0mFuzzing test case #280 (295 total, 0 crashes saved, state: started :-), mode=explore, perf_score=200, weight=1, favorite=1, was_fuzzed=1, exec_us=102, hits=0, map=287, ascii=0, run_time=0:00:00:17)...[0m
[1;94m[*] [0mFuzzing test case #243 (295 total, 0 crashes saved, state: started :-), mode=explore, perf_score=100, weight=1, favorite=1, was_fuzzed=1, exec_us=100, hits=0, map=275, ascii=0, run_time=0:00:00:17)...[0m
[1;94m[*] [0mFuzzing test case #280 (295 total, 0 crashes saved, state: started :-), mode=explore, perf_score=200, weight=1, favorite=1, was_fuzzed=1, exec_us=102, hits=0, map=287, ascii=0, run_time=0:00:00:17)...[0m
[1;94m[*] [0mFuzzing test case #294 (295 total, 0 crashes saved, state: started :-), mode=explore, perf_score=100, weight=1, favorite=1, was_fuzzed=1, exec_us=81, hits=0, map=89, ascii=0, run_time=0:00:00:17)...[0m
[1;94m[*] [0mFuzzing test case #272 (295 total, 0 crashes saved, state: started :-), mode=explore, perf_score=200, weight=1, favorite=1, was_fuzzed=1, exec_us=85, hits=0, map=168, ascii=0, run_time=0:00:00:17)...[0m
[1;94m[*] [0mFuzzing test case #186 (295 total, 0 crashes saved, state: started :-), mode=explore, perf_score=25, weight=1, favorite=1, was_fuzzed=1, exec_us=78, hits=0, map=68, ascii=0, run_time=0:00:00:17)...[0m
[1;94m[*] [0mFuzzing test case #231 (295 total, 0 crashes saved, state: started :-), mode=explore, perf_score=100, weight=1, favorite=1, was_fuzzed=1, exec_us=94, hits=0, map=204, ascii=0, run_time=0:00:00:17)...[0m
[1;94m[*] [0mFuzzing test case #292 (295 total, 0 crashes saved, state: started :-), mode=explore, perf_score=150, weight=1, favorite=1, was_fuzzed=1, exec_us=83, hits=0, map=158, ascii=0, run_time=0:00:00:17)...[0m
[1;94m[*] [0mFuzzing test case #200 (295 total, 0 crashes saved, state: started :-), mode=explore, perf_score=100, weight=0, favorite=0, was_fuzzed=0, exec_us=109, hits=0, map=299, ascii=0, run_time=0:00:00:17)...[0m
[1;94m[*] [0mFuzzing test case #292 (295 total, 0 crashes saved, state: started :-), mode=explore, perf_score=150, weight=1, favorite=1, was_fuzzed=1, exec_us=83, hits=0, map=158, ascii=0, run_time=0:00:00:18)...[0m
[1;94m[*] [0mFuzzing test case #294 (295 total, 0 crashes saved, state: started :-), mode=explore, perf_score=100, weight=1, favorite=1, was_fuzzed=1, exec_us=81, hits=0, map=89, ascii=0, run_time=0:00:00:18)...[0m
[1;94m[*] [0mFuzzing test case #230 (295 total, 0 crashes saved, state: started :-), mode=explore, perf_score=100, weight=0, favorite=1, was_fuzzed=1, exec_us=107, hits=0, map=291, ascii=0, run_time=0:00:00:18)...[0m
[1;94m[*] [0mFuzzing test case #190 (295 total, 0 crashes saved, state: started :-), mode=explore, perf_score=100, weight=1, favorite=1, was_fuzzed=1, exec_us=86, hits=0, map=171, ascii=0, run_time=0:00:00:18)...[0m
[1;94m[*] [0mFuzzing test case #243 (295 total, 0 crashes saved, state: started :-), mode=explore, perf_score=100, weight=1, favorite=1, was_fuzzed=1, exec_us=100, hits=0, map=275, ascii=0, run_time=0:00:00:18)...[0m
[1;94m[*] [0mFuzzing test case #167 (295 total, 0 crashes saved, state: started :-), mode=explore, perf_score=100, weight=1, favorite=1, was_fuzzed=1, exec_us=87, hits=0, map=172, ascii=0, run_time=0:00:00:18)...[0m
[1;94m[*] [0mFuzzing test case #219 (295 total, 0 crashes saved, state: started :-), mode=explore, perf_score=100, weight=0, favorite=0, was_fuzzed=0, exec_us=105, hits=0, map=311, ascii=0, run_time=0:00:00:18)...[0m
[1;94m[*] [0mFuzzing test case #96 (295 total, 0 crashes saved, state: started :-), mode=explore, perf_score=50, weight=1, favorite=1, was_fuzzed=1, exec_us=82, hits=0, map=84, ascii=0, run_time=0:00:00:18)...[0m
[1;94m[*] [0mFuzzing test case #231 (295 total, 0 crashes saved, state: started :-), mode=explore, perf_score=100, weight=1, favorite=1, was_fuzzed=1, exec_us=94, hits=0, map=204, ascii=0, run_time=0:00:00:18)...[0m
[1;94m[*] [0mFuzzing test case #215 (295 total, 0 crashes saved, state: started :-), mode=explore, perf_score=100, weight=0, favorite=0, was_fuzzed=0, exec_us=121, hits=0, map=285, ascii=0, run_time=0:00:00:18)...[0m
[1;94m[*] [0mFuzzing test case #190 (295 total, 0 crashes saved, state: started :-), mode=explore, perf_score=100, weight=1, favorite=1, was_fuzzed=1, exec_us=86, hits=0, map=171, ascii=0, run_time=0:00:00:18)...[0m
[1;94m[*] [0mFuzzing test case #153 (295 total, 0 crashes saved, state: started :-), mode=explore, perf_score=100, weight=1, favorite=0, was_fuzzed=1, exec_us=99, hits=0, map=290, ascii=0, run_time=0:00:00:18)...[0m
[1;94m[*] [0mFuzzing test case #82 (295 total, 0 crashes saved, state: started :-), mode=explore, perf_score=100, weight=0, favorite=1, was_fuzzed=1, exec_us=107, hits=0, map=330, ascii=0, run_time=0:00:00:18)...[0m
[1;94m[*] [0mFuzzing test case #249 (295 total, 0 crashes saved, state: started :-), mode=explore, perf_score=100, weight=0, favorite=1, was_fuzzed=1, exec_us=104, hits=0, map=262, ascii=0, run_time=0:00:00:18)...[0m
[1;94m[*] [0mFuzzing test case #276 (295 total, 0 crashes saved, state: started :-), mode=explore, perf_score=50, weight=1, favorite=1, was_fuzzed=1, exec_us=79, hits=0, map=90, ascii=0, run_time=0:00:00:18)...[0m
[1;94m[*] [0mFuzzing test case #188 (295 total, 0 crashes saved, state: started :-), mode=explore, perf_score=50, weight=1, favorite=1, was_fuzzed=1, exec_us=82, hits=0, map=90, ascii=0, run_time=0:00:00:18)...[0m
[1;94m[*] [0mFuzzing test case #190 (295 total, 0 crashes saved, state: started :-), mode=explore, perf_score=100, weight=1, favorite=1, was_fuzzed=1, exec_us=86, hits=0, map=171, ascii=0, run_time=0:00:00:18)...[0m
[1;94m[*] [0mFuzzing test case #283 (295 total, 0 crashes saved, state: started :-), mode=explore, perf_score=50, weight=1, favorite=1, was_fuzzed=1, exec_us=81, hits=0, map=78, ascii=0, run_time=0:00:00:18)...[0m
[1;94m[*] [0mFuzzing test case #160 (295 total, 0 crashes saved, state: started :-), mode=explore, perf_score=25, weight=1, favorite=1, was_fuzzed=1, exec_us=75, hits=0, map=78, ascii=0, run_time=0:00:00:18)...[0m
[1;94m[*] [0mFuzzing test case #155 (295 total, 0 crashes saved, state: started :-), mode=explore, perf_score=100, weight=1, favorite=1, was_fuzzed=1, exec_us=102, hits=0, map=293, ascii=0, run_time=0:00:00:18)...[0m
[1;94m[*] [0mFuzzing test case #116 (295 total, 0 crashes saved, state: started :-), mode=explore, perf_score=100, weight=0, favorite=0, was_fuzzed=0, exec_us=105, hits=0, map=313, ascii=0, run_time=0:00:00:18)...[0m
[1;94m[*] [0mFuzzing test case #243 (295 total, 0 crashes saved, state: started :-), mode=explore, perf_score=100, weight=1, favorite=1, was_fuzzed=1, exec_us=100, hits=0, map=275, ascii=0, run_time=0:00:00:18)...[0m
[1;94m[*] [0mFuzzing test case #195 (295 total, 0 crashes saved, state: started :-), mode=explore, perf_score=25, weight=1, favorite=1, was_fuzzed=1, exec_us=79, hits=0, map=78, ascii=0, run_time=0:00:00:18)...[0m
[1;94m[*] [0mFuzzing test case #231 (295 total, 0 crashes saved, state: started :-), mode=explore, perf_score=100, weight=1, favorite=1, was_fuzzed=1, exec_us=94, hits=0, map=204, ascii=0, run_time=0:00:00:18)...[0m
[1;94m[*] [0mFuzzing test case #118 (295 total, 0 crashes saved, state: started :-), mode=explore, perf_score=100, weight=0, favorite=0, was_fuzzed=0, exec_us=104, hits=0, map=294, ascii=0, run_time=0:00:00:18)...[0m
[1;94m[*] [0mFuzzing test case #280 (295 total, 0 crashes saved, state: started :-), mode=explore, perf_score=200, weight=1, favorite=1, was_fuzzed=1, exec_us=102, hits=0, map=287, ascii=0, run_time=0:00:00:18)...[0m
[1;94m[*] [0mFuzzing test case #90 (295 total, 0 crashes saved, state: started :-), mode=explore, perf_score=100, weight=1, favorite=1, was_fuzzed=1, exec_us=102, hits=0, map=309, ascii=0, run_time=0:00:00:18)...[0m
[1;94m[*] [0mFuzzing test case #187 (295 total, 0 crashes saved, state: started :-), mode=explore, perf_score=25, weight=1, favorite=1, was_fuzzed=1, exec_us=79, hits=0, map=77, ascii=0, run_time=0:00:00:18)...[0m
[1;94m[*] [0mFuzzing test case #293 (295 total, 0 crashes saved, state: started :-), mode=explore, perf_score=25, weight=1, favorite=1, was_fuzzed=1, exec_us=87, hits=0, map=66, ascii=0, run_time=0:00:00:18)...[0m
[1;94m[*] [0mFuzzing test case #89 (295 total, 0 crashes saved, state: started :-), mode=explore, perf_score=150, weight=0, favorite=0, was_fuzzed=0, exec_us=103, hits=0, map=350, ascii=0, run_time=0:00:00:18)...[0m
[1;94m[*] [0mFuzzing test case #268 (295 total, 0 crashes saved, state: started :-), mode=explore, perf_score=200, weight=1, favorite=0, was_fuzzed=1, exec_us=90, hits=0, map=182, ascii=0, run_time=0:00:00:18)...[0m
[1;94m[*] [0mFuzzing test case #171 (295 total, 0 crashes saved, state: started :-), mode=explore, perf_score=100, weight=0, favorite=0, was_fuzzed=0, exec_us=103, hits=0, map=293, ascii=0, run_time=0:00:00:18)...[0m
[1;94m[*] [0mFuzzing test case #2 (295 total, 0 crashes saved, state: started :-), mode=explore, perf_score=25, weight=0, favorite=1, was_fuzzed=1, exec_us=90, hits=0, map=47, ascii=0, run_time=0:00:00:18)...[0m
[1;94m[*] [0mFuzzing test case #10 (295 total, 0 crashes saved, state: started :-), mode=explore, perf_score=25, weight=1, favorite=1, was_fuzzed=1, exec_us=78, hits=0, map=79, ascii=0, run_time=0:00:00:18)...[0m
[1;94m[*] [0mFuzzing test case #180 (295 total, 0 crashes saved, state: started :-), mode=explore, perf_score=25, weight=1, favorite=1, was_fuzzed=1, exec_us=77, hits=0, map=65, ascii=0, run_time=0:00:00:18)...[0m
[1;94m[*] [0mFuzzing test case #242 (295 total, 0 crashes saved, state: started :-), mode=explore, perf_score=100, weight=1, favorite=1, was_fuzzed=1, exec_us=102, hits=0, map=277, ascii=0, run_time=0:00:00:18)...[0m
[1;94m[*] [0mFuzzing test case #184 (295 total, 0 crashes saved, state: started :-), mode=explore, perf_score=150, weight=0, favorite=1, was_fuzzed=1, exec_us=106, hits=0, map=334, ascii=0, run_time=0:00:00:18)...[0m
[1;94m[*] [0mFuzzing test case #186 (295 total, 0 crashes saved, state: started :-), mode=explore, perf_score=25, weight=1, favorite=1, was_fuzzed=1, exec_us=78, hits=0, map=68, ascii=0, run_time=0:00:00:18)...[0m
[1;94m[*] [0mFuzzing test case #4 (295 total, 0 crashes saved, state: started :-), mode=explore, perf_score=25, weight=1, favorite=1, was_fuzzed=1, exec_us=79, hits=0, map=47, ascii=0, run_time=0:00:00:18)...[0m
[1;94m[*] [0mFuzzing test case #131 (295 total, 0 crashes saved, state: started :-), mode=explore, perf_score=100, weight=0, favorite=0, was_fuzzed=1, exec_us=104, hits=0, map=320, ascii=0, run_time=0:00:00:18)...[0m
[1;94m[*] [0mFuzzing test case #180 (295 total, 0 crashes saved, state: started :-), mode=explore, perf_score=25, weight=1, favorite=1, was_fuzzed=1, exec_us=77, hits=0, map=65, ascii=0, run_time=0:00:00:18)...[0m
[1;94m[*] [0mFuzzing test case #155 (295 total, 0 crashes saved, state: started :-), mode=explore, perf_score=100, weight=1, favorite=1, was_fuzzed=1, exec_us=102, hits=0, map=293, ascii=0, run_time=0:00:00:18)...[0m
[1;94m[*] [0mFuzzing test case #10 (295 total, 0 crashes saved, state: started :-), mode=explore, perf_score=25, weight=1, favorite=1, was_fuzzed=1, exec_us=78, hits=0, map=79, ascii=0, run_time=0:00:00:18)...[0m
[1;94m[*] [0mFuzzing test case #162 (295 total, 0 crashes saved, state: started :-), mode=explore, perf_score=25, weight=1, favorite=1, was_fuzzed=1, exec_us=77, hits=0, map=78, ascii=0, run_time=0:00:00:18)...[0m
[1;94m[*] [0mFuzzing test case #188 (295 total, 0 crashes saved, state: started :-), mode=explore, perf_score=50, weight=1, favorite=1, was_fuzzed=1, exec_us=82, hits=0, map=90, ascii=0, run_time=0:00:00:18)...[0m
[1;94m[*] [0mFuzzing test case #256 (295 total, 0 crashes saved, state: started :-), mode=explore, perf_score=200, weight=1, favorite=1, was_fuzzed=1, exec_us=90, hits=0, map=224, ascii=0, run_time=0:00:00:18)...[0m
[1;94m[*] [0mFuzzing test case #155 (295 total, 0 crashes saved, state: started :-), mode=explore, perf_score=100, weight=1, favorite=1, was_fuzzed=1, exec_us=102, hits=0, map=293, ascii=0, run_time=0:00:00:18)...[0m
[1;94m[*] [0mFuzzing test case #8 (295 total, 0 crashes saved, state: started :-), mode=explore, perf_score=25, weight=1, favorite=1, was_fuzzed=1, exec_us=81, hits=0, map=78, ascii=0, run_time=0:00:00:18)...[0m
[1;94m[*] [0mFuzzing test case #96 (295 total, 0 crashes saved, state: started :-), mode=explore, perf_score=50, weight=1, favorite=1, was_fuzzed=1, exec_us=82, hits=0, map=84, ascii=0, run_time=0:00:00:18)...[0m
[1;94m[*] [0mFuzzing test case #292 (295 total, 0 crashes saved, state: started :-), mode=explore, perf_score=150, weight=1, favorite=1, was_fuzzed=1, exec_us=83, hits=0, map=158, ascii=0, run_time=0:00:00:18)...[0m
[1;94m[*] [0mFuzzing test case #154 (295 total, 0 crashes saved, state: started :-), mode=explore, perf_score=25, weight=1, favorite=1, was_fuzzed=1, exec_us=79, hits=0, map=75, ascii=0, run_time=0:00:00:18)...[0m
[1;94m[*] [0mFuzzing test case #87 (295 total, 0 crashes saved, state: started :-), mode=explore, perf_score=150, weight=0, favorite=1, was_fuzzed=1, exec_us=106, hits=0, map=350, ascii=0, run_time=0:00:00:18)...[0m
[1;94m[*] [0mFuzzing test case #256 (295 total, 0 crashes saved, state: started :-), mode=explore, perf_score=200, weight=1, favorite=1, was_fuzzed=1, exec_us=90, hits=0, map=224, ascii=0, run_time=0:00:00:18)...[0m
[1;94m[*] [0mFuzzing test case #167 (295 total, 0 crashes saved, state: started :-), mode=explore, perf_score=100, weight=1, favorite=1, was_fuzzed=1, exec_us=87, hits=0, map=172, ascii=0, run_time=0:00:00:18)...[0m
[1;94m[*] [0mFuzzing test case #0 (295 total, 0 crashes saved, state: started :-), mode=explore, perf_score=25, weight=1, favorite=1, was_fuzzed=1, exec_us=95, hits=0, map=47, ascii=0, run_time=0:00:00:18)...[0m
[1;94m[*] [0mFuzzing test case #3 (295 total, 0 crashes saved, state: started :-), mode=explore, perf_score=25, weight=1, favorite=1, was_fuzzed=1, exec_us=81, hits=0, map=47, ascii=0, run_time=0:00:00:18)...[0m
[1;94m[*] [0mFuzzing test case #289 (295 total, 0 crashes saved, state: started :-), mode=explore, perf_score=50, weight=1, favorite=1, was_fuzzed=1, exec_us=86, hits=0, map=83, ascii=0, run_time=0:00:00:18)...[0m
[1;94m[*] [0mFuzzing test case #283 (295 total, 0 crashes saved, state: started :-), mode=explore, perf_score=50, weight=1, favorite=1, was_fuzzed=1, exec_us=81, hits=0, map=78, ascii=0, run_time=0:00:00:18)...[0m
[1;94m[*] [0mFuzzing test case #90 (295 total, 0 crashes saved, state: started :-), mode=explore, perf_score=100, weight=1, favorite=1, was_fuzzed=1, exec_us=102, hits=0, map=309, ascii=0, run_time=0:00:00:18)...[0m
[1;94m[*] [0mFuzzing test case #6 (295 total, 0 crashes saved, state: started :-), mode=explore, perf_score=25, weight=1, favorite=1, was_fuzzed=1, exec_us=102, hits=0, map=57, ascii=0, run_time=0:00:00:18)...[0m
[1;94m[*] [0mFuzzing test case #195 (295 total, 0 crashes saved, state: started :-), mode=explore, perf_score=25, weight=1, favorite=1, was_fuzzed=1, exec_us=79, hits=0, map=78, ascii=0, run_time=0:00:00:18)...[0m
[1;94m[*] [0mFuzzing test case #168 (295 total, 0 crashes saved, state: started :-), mode=explore, perf_score=100, weight=1, favorite=1, was_fuzzed=1, exec_us=101, hits=0, map=302, ascii=0, run_time=0:00:00:18)...[0m
[1;94m[*] [0mFuzzing test case #188 (295 total, 0 crashes saved, state: started :-), mode=explore, perf_score=50, weight=1, favorite=1, was_fuzzed=1, exec_us=82, hits=0, map=90, ascii=0, run_time=0:00:00:18)...[0m
[1;94m[*] [0mFuzzing test case #4 (295 total, 0 crashes saved, state: started :-), mode=explore, perf_score=25, weight=1, favorite=1, was_fuzzed=1, exec_us=79, hits=0, map=47, ascii=0, run_time=0:00:00:18)...[0m
[1;94m[*] [0mFuzzing test case #113 (295 total, 0 crashes saved, state: started :-), mode=explore, perf_score=100, weight=0, favorite=0, was_fuzzed=0, exec_us=103, hits=0, map=263, ascii=0, run_time=0:00:00:18)...[0m
[1;94m[*] [0mFuzzing test case #199 (295 total, 0 crashes saved, state: started :-), mode=explore, perf_score=25, weight=1, favorite=1, was_fuzzed=1, exec_us=95, hits=0, map=79, ascii=0, run_time=0:00:00:18)...[0m
[1;94m[*] [0mFuzzing test case #233 (295 total, 0 crashes saved, state: started :-), mode=explore, perf_score=100, weight=1, favorite=1, was_fuzzed=1, exec_us=102, hits=0, map=254, ascii=0, run_time=0:00:00:18)...[0m
[1;94m[*] [0mFuzzing test case #228 (295 total, 0 crashes saved, state: started :-), mode=explore, perf_score=100, weight=0, favorite=0, was_fuzzed=0, exec_us=117, hits=0, map=292, ascii=0, run_time=0:00:00:18)...[0m
[1;94m[*] [0mFuzzing test case #263 (295 total, 0 crashes saved, state: started :-), mode=explore, perf_score=200, weight=1, favorite=1, was_fuzzed=1, exec_us=102, hits=0, map=255, ascii=0, run_time=0:00:00:18)...[0m
[1;94m[*] [0mFuzzing test case #155 (295 total, 0 crashes saved, state: started :-), mode=explore, perf_score=100, weight=1, favorite=1, was_fuzzed=1, exec_us=102, hits=0, map=293, ascii=0, run_time=0:00:00:18)...[0m
[1;94m[*] [0mFuzzing test case #96 (295 total, 0 crashes saved, state: started :-), mode=explore, perf_score=50, weight=1, favorite=1, was_fuzzed=1, exec_us=82, hits=0, map=84, ascii=0, run_time=0:00:00:18)...[0m
[1;94m[*] [0mFuzzing test case #199 (295 total, 0 crashes saved, state: started :-), mode=explore, perf_score=25, weight=1, favorite=1, was_fuzzed=1, exec_us=95, hits=0, map=79, ascii=0, run_time=0:00:00:18)...[0m
[1;94m[*] [0mFuzzing test case #199 (295 total, 0 crashes saved, state: started :-), mode=explore, perf_score=25, weight=1, favorite=1, was_fuzzed=1, exec_us=95, hits=0, map=79, ascii=0, run_time=0:00:00:18)...[0m
[1;94m[*] [0mFuzzing test case #8 (295 total, 0 crashes saved, state: started :-), mode=explore, perf_score=25, weight=1, favorite=1, was_fuzzed=1, exec_us=81, hits=0, map=78, ascii=0, run_time=0:00:00:18)...[0m
[1;94m[*] [0mFuzzing test case #233 (295 total, 0 crashes saved, state: started :-), mode=explore, perf_score=100, weight=1, favorite=1, was_fuzzed=1, exec_us=102, hits=0, map=254, ascii=0, run_time=0:00:00:18)...[0m
[1;94m[*] [0mFuzzing test case #44 (295 total, 0 crashes saved, state: started :-), mode=explore, perf_score=100, weight=1, favorite=0, was_fuzzed=1, exec_us=102, hits=0, map=270, ascii=0, run_time=0:00:00:18)...[0m
[1;94m[*] [0mFuzzing test case #277 (295 total, 0 crashes saved, state: started :-), mode=explore, perf_score=200, weight=1, favorite=1, was_fuzzed=1, exec_us=84, hits=0, map=182, ascii=0, run_time=0:00:00:18)...[0m
[1;94m[*] [0mFuzzing test case #155 (295 total, 0 crashes saved, state: started :-), mode=explore, perf_score=100, weight=1, favorite=1, was_fuzzed=1, exec_us=102, hits=0, map=293, ascii=0, run_time=0:00:00:18)...[0m
[1;94m[*] [0mFuzzing test case #10 (295 total, 0 crashes saved, state: started :-), mode=explore, perf_score=25, weight=1, favorite=1, was_fuzzed=1, exec_us=78, hits=0, map=79, ascii=0, run_time=0:00:00:18)...[0m
[1;94m[*] [0mFuzzing test case #2 (295 total, 0 crashes saved, state: started :-), mode=explore, perf_score=25, weight=0, favorite=1, was_fuzzed=1, exec_us=90, hits=0, map=47, ascii=0, run_time=0:00:00:18)...[0m
[1;94m[*] [0mFuzzing test case #186 (295 total, 0 crashes saved, state: started :-), mode=explore, perf_score=25, weight=1, favorite=1, was_fuzzed=1, exec_us=78, hits=0, map=68, ascii=0, run_time=0:00:00:18)...[0m
[1;94m[*] [0mFuzzing test case #166 (295 total, 0 crashes saved, state: started :-), mode=explore, perf_score=150, weight=0, favorite=1, was_fuzzed=1, exec_us=106, hits=0, map=353, ascii=0, run_time=0:00:00:18)...[0m
[1;94m[*] [0mFuzzing test case #165 (295 total, 0 crashes saved, state: started :-), mode=explore, perf_score=50, weight=1, favorite=1, was_fuzzed=1, exec_us=79, hits=0, map=89, ascii=0, run_time=0:00:00:18)...[0m
[1;94m[*] [0mFuzzing test case #256 (295 total, 0 crashes saved, state: started :-), mode=explore, perf_score=200, weight=1, favorite=1, was_fuzzed=1, exec_us=90, hits=0, map=224, ascii=0, run_time=0:00:00:18)...[0m
[1;94m[*] [0mFuzzing test case #237 (295 total, 0 crashes saved, state: started :-), mode=explore, perf_score=150, weight=0, favorite=1, was_fuzzed=1, exec_us=109, hits=0, map=333, ascii=0, run_time=0:00:00:18)...[0m
[1;94m[*] [0mFuzzing test case #190 (295 total, 0 crashes saved, state: started :-), mode=explore, perf_score=100, weight=1, favorite=1, was_fuzzed=1, exec_us=86, hits=0, map=171, ascii=0, run_time=0:00:00:18)...[0m
[1;94m[*] [0mFuzzing test case #166 (295 total, 0 crashes saved, state: started :-), mode=explore, perf_score=150, weight=0, favorite=1, was_fuzzed=1, exec_us=106, hits=0, map=353, ascii=0, run_time=0:00:00:18)...[0m
[1;94m[*] [0mFuzzing test case #185 (295 total, 0 crashes saved, state: started :-), mode=explore, perf_score=50, weight=1, favorite=1, was_fuzzed=1, exec_us=78, hits=0, map=91, ascii=0, run_time=0:00:00:18)...[0m
[1;94m[*] [0mFuzzing test case #190 (295 total, 0 crashes saved, state: started :-), mode=explore, perf_score=100, weight=1, favorite=1, was_fuzzed=1, exec_us=86, hits=0, map=171, ascii=0, run_time=0:00:00:18)...[0m
[1;94m[*] [0mFuzzing test case #6 (295 total, 0 crashes saved, state: started :-), mode=explore, perf_score=25, weight=1, favorite=1, was_fuzzed=1, exec_us=102, hits=0, map=57, ascii=0, run_time=0:00:00:18)...[0m
[1;94m[*] [0mFuzzing test case #8 (295 total, 0 crashes saved, state: started :-), mode=explore, perf_score=25, weight=1, favorite=1, was_fuzzed=1, exec_us=81, hits=0, map=78, ascii=0, run_time=0:00:00:18)...[0m
[1;94m[*] [0mFuzzing test case #163 (295 total, 0 crashes saved, state: started :-), mode=explore, perf_score=25, weight=1, favorite=1, was_fuzzed=1, exec_us=80, hits=0, map=78, ascii=0, run_time=0:00:00:18)...[0m
[1;94m[*] [0mFuzzing test case #231 (295 total, 0 crashes saved, state: started :-), mode=explore, perf_score=100, weight=1, favorite=1, was_fuzzed=1, exec_us=94, hits=0, map=204, ascii=0, run_time=0:00:00:18)...[0m
[1;94m[*] [0mFuzzing test case #244 (295 total, 0 crashes saved, state: started :-), mode=explore, perf_score=100, weight=0, favorite=1, was_fuzzed=1, exec_us=103, hits=0, map=271, ascii=0, run_time=0:00:00:18)...[0m
[1;94m[*] [0mFuzzing test case #149 (295 total, 0 crashes saved, state: started :-), mode=explore, perf_score=100, weight=1, favorite=0, was_fuzzed=1, exec_us=96, hits=0, map=192, ascii=0, run_time=0:00:00:18)...[0m
[1;94m[*] [0mFuzzing test case #277 (295 total, 0 crashes saved, state: started :-), mode=explore, perf_score=200, weight=1, favorite=1, was_fuzzed=1, exec_us=84, hits=0, map=182, ascii=0, run_time=0:00:00:18)...[0m
[1;94m[*] [0mFuzzing test case #272 (295 total, 0 crashes saved, state: started :-), mode=explore, perf_score=200, weight=1, favorite=1, was_fuzzed=1, exec_us=85, hits=0, map=168, ascii=0, run_time=0:00:00:18)...[0m
[1;94m[*] [0mFuzzing test case #249 (295 total, 0 crashes saved, state: started :-), mode=explore, perf_score=100, weight=0, favorite=1, was_fuzzed=1, exec_us=104, hits=0, map=262, ascii=0, run_time=0:00:00:18)...[0m
[1;94m[*] [0mFuzzing test case #231 (295 total, 0 crashes saved, state: started :-), mode=explore, perf_score=100, weight=1, favorite=1, was_fuzzed=1, exec_us=94, hits=0, map=204, ascii=0, run_time=0:00:00:18)...[0m
[1;94m[*] [0mFuzzing test case #2 (295 total, 0 crashes saved, state: started :-), mode=explore, perf_score=25, weight=0, favorite=1, was_fuzzed=1, exec_us=90, hits=0, map=47, ascii=0, run_time=0:00:00:18)...[0m
[1;94m[*] [0mFuzzing test case #148 (295 total, 0 crashes saved, state: started :-), mode=explore, perf_score=100, weight=0, favorite=0, was_fuzzed=0, exec_us=107, hits=0, map=321, ascii=0, run_time=0:00:00:18)...[0m
[1;94m[*] [0mFuzzing test case #88 (295 total, 0 crashes saved, state: started :-), mode=explore, perf_score=150, weight=1, favorite=1, was_fuzzed=1, exec_us=102, hits=0, map=350, ascii=0, run_time=0:00:00:18)...[0m
[1;94m[*] [0mFuzzing test case #165 (295 total, 0 crashes saved, state: started :-), mode=explore, perf_score=50, weight=1, favorite=1, was_fuzzed=1, exec_us=79, hits=0, map=89, ascii=0, run_time=0:00:00:18)...[0m
[1;94m[*] [0mFuzzing test case #280 (295 total, 0 crashes saved, state: started :-), mode=explore, perf_score=200, weight=1, favorite=1, was_fuzzed=1, exec_us=102, hits=0, map=287, ascii=0, run_time=0:00:00:18)...[0m
[1;94m[*] [0mFuzzing test case #293 (295 total, 0 crashes saved, state: started :-), mode=explore, perf_score=25, weight=1, favorite=1, was_fuzzed=1, exec_us=87, hits=0, map=66, ascii=0, run_time=0:00:00:18)...[0m
[1;94m[*] [0mFuzzing test case #10 (295 total, 0 crashes saved, state: started :-), mode=explore, perf_score=25, weight=1, favorite=1, was_fuzzed=1, exec_us=78, hits=0, map=79, ascii=0, run_time=0:00:00:18)...[0m
[1;94m[*] [0mFuzzing test case #293 (295 total, 0 crashes saved, state: started :-), mode=explore, perf_score=25, weight=1, favorite=1, was_fuzzed=1, exec_us=87, hits=0, map=66, ascii=0, run_time=0:00:00:18)...[0m
[1;94m[*] [0mFuzzing test case #283 (295 total, 0 crashes saved, state: started :-), mode=explore, perf_score=50, weight=1, favorite=1, was_fuzzed=1, exec_us=81, hits=0, map=78, ascii=0, run_time=0:00:00:18)...[0m
[1;94m[*] [0mFuzzing test case #256 (295 total, 0 crashes saved, state: started :-), mode=explore, perf_score=200, weight=1, favorite=1, was_fuzzed=1, exec_us=90, hits=0, map=224, ascii=0, run_time=0:00:00:18)...[0m
[1;94m[*] [0mFuzzing test case #294 (295 total, 0 crashes saved, state: started :-), mode=explore, perf_score=100, weight=1, favorite=1, was_fuzzed=1, exec_us=81, hits=0, map=89, ascii=0, run_time=0:00:00:18)...[0m
[1;94m[*] [0mFuzzing test case #277 (295 total, 0 crashes saved, state: started :-), mode=explore, perf_score=200, weight=1, favorite=1, was_fuzzed=1, exec_us=84, hits=0, map=182, ascii=0, run_time=0:00:00:18)...[0m
[1;94m[*] [0mFuzzing test case #290 (295 total, 0 crashes saved, state: started :-), mode=explore, perf_score=100, weight=1, favorite=1, was_fuzzed=1, exec_us=83, hits=0, map=91, ascii=0, run_time=0:00:00:18)...[0m
[1;94m[*] [0mFuzzing test case #185 (295 total, 0 crashes saved, state: started :-), mode=explore, perf_score=50, weight=1, favorite=1, was_fuzzed=1, exec_us=78, hits=0, map=91, ascii=0, run_time=0:00:00:18)...[0m
[1;94m[*] [0mFuzzing test case #194 (295 total, 0 crashes saved, state: started :-), mode=explore, perf_score=100, weight=1, favorite=1, was_fuzzed=1, exec_us=91, hits=0, map=193, ascii=0, run_time=0:00:00:18)...[0m
[1;94m[*] [0mFuzzing test case #104 (295 total, 0 crashes saved, state: started :-), mode=explore, perf_score=100, weight=1, favorite=0, was_fuzzed=1, exec_us=98, hits=0, map=254, ascii=0, run_time=0:00:00:18)...[0m
[1;94m[*] [0mFuzzing test case #202 (295 total, 0 crashes saved, state: started :-), mode=explore, perf_score=150, weight=0, favorite=1, was_fuzzed=1, exec_us=114, hits=0, map=349, ascii=0, run_time=0:00:00:18)...[0m
[1;94m[*] [0mFuzzing test case #288 (295 total, 0 crashes saved, state: started :-), mode=explore, perf_score=100, weight=1, favorite=1, was_fuzzed=1, exec_us=82, hits=0, map=88, ascii=0, run_time=0:00:00:18)...[0m
[1;94m[*] [0mFuzzing test case #81 (295 total, 0 crashes saved, state: started :-), mode=explore, perf_score=100, weight=0, favorite=1, was_fuzzed=1, exec_us=108, hits=0, map=328, ascii=0, run_time=0:00:00:19)...[0m
[1;94m[*] [0mFuzzing test case #81 (295 total, 0 crashes saved, state: started :-), mode=explore, perf_score=100, weight=0, favorite=1, was_fuzzed=1, exec_us=108, hits=0, map=328, ascii=0, run_time=0:00:00:19)...[0m
[1;94m[*] [0mFuzzing test case #277 (295 total, 0 crashes saved, state: started :-), mode=explore, perf_score=200, weight=1, favorite=1, was_fuzzed=1, exec_us=84, hits=0, map=182, ascii=0, run_time=0:00:00:19)...[0m
[1;94m[*] [0mFuzzing test case #254 (295 total, 0 crashes saved, state: started :-), mode=explore, perf_score=200, weight=1, favorite=1, was_fuzzed=1, exec_us=95, hits=0, map=223, ascii=0, run_time=0:00:00:19)...[0m
[1;94m[*] [0mFuzzing test case #199 (295 total, 0 crashes saved, state: started :-), mode=explore, perf_score=25, weight=1, favorite=1, was_fuzzed=1, exec_us=95, hits=0, map=79, ascii=0, run_time=0:00:00:19)...[0m
[1;94m[*] [0mFuzzing test case #271 (295 total, 0 crashes saved, state: started :-), mode=explore, perf_score=200, weight=1, favorite=1, was_fuzzed=1, exec_us=90, hits=0, map=235, ascii=0, run_time=0:00:00:19)...[0m
[1;94m[*] [0mFuzzing test case #243 (295 total, 0 crashes saved, state: started :-), mode=explore, perf_score=100, weight=1, favorite=1, was_fuzzed=1, exec_us=100, hits=0, map=275, ascii=0, run_time=0:00:00:19)...[0m
[1;94m[*] [0mFuzzing test case #292 (295 total, 0 crashes saved, state: started :-), mode=explore, perf_score=150, weight=1, favorite=1, was_fuzzed=1, exec_us=83, hits=0, map=158, ascii=0, run_time=0:00:00:19)...[0m
[1;94m[*] [0mFuzzing test case #10 (295 total, 0 crashes saved, state: started :-), mode=explore, perf_score=25, weight=1, favorite=1, was_fuzzed=1, exec_us=78, hits=0, map=79, ascii=0, run_time=0:00:00:19)...[0m
[1;94m[*] [0mFuzzing test case #240 (295 total, 0 crashes saved, state: started :-), mode=explore, perf_score=100, weight=1, favorite=1, was_fuzzed=1, exec_us=130, hits=0, map=294, ascii=0, run_time=0:00:00:19)...[0m
[1;94m[*] [0mFuzzing test case #276 (295 total, 0 crashes saved, state: started :-), mode=explore, perf_score=50, weight=1, favorite=1, was_fuzzed=1, exec_us=79, hits=0, map=90, ascii=0, run_time=0:00:00:19)...[0m
[1;94m[*] [0mFuzzing test case #39 (295 total, 0 crashes saved, state: started :-), mode=explore, perf_score=100, weight=0, favorite=0, was_fuzzed=0, exec_us=121, hits=0, map=264, ascii=0, run_time=0:00:00:19)...[0m
[1;94m[*] [0mFuzzing test case #165 (295 total, 0 crashes saved, state: started :-), mode=explore, perf_score=50, weight=1, favorite=1, was_fuzzed=1, exec_us=79, hits=0, map=89, ascii=0, run_time=0:00:00:19)...[0m
[1;94m[*] [0mFuzzing test case #155 (295 total, 0 crashes saved, state: started :-), mode=explore, perf_score=100, weight=1, favorite=1, was_fuzzed=1, exec_us=102, hits=0, map=293, ascii=0, run_time=0:00:00:19)...[0m
[1;94m[*] [0mFuzzing test case #188 (295 total, 0 crashes saved, state: started :-), mode=explore, perf_score=50, weight=1, favorite=1, was_fuzzed=1, exec_us=82, hits=0, map=90, ascii=0, run_time=0:00:00:19)...[0m
[1;94m[*] [0mFuzzing test case #292 (295 total, 0 crashes saved, state: started :-), mode=explore, perf_score=150, weight=1, favorite=1, was_fuzzed=1, exec_us=83, hits=0, map=158, ascii=0, run_time=0:00:00:19)...[0m
[1;94m[*] [0mFuzzing test case #227 (295 total, 0 crashes saved, state: started :-), mode=explore, perf_score=100, weight=1, favorite=0, was_fuzzed=1, exec_us=101, hits=0, map=289, ascii=0, run_time=0:00:00:19)...[0m
[1;94m[*] [0mFuzzing test case #0 (295 total, 0 crashes saved, state: started :-), mode=explore, perf_score=25, weight=1, favorite=1, was_fuzzed=1, exec_us=95, hits=0, map=47, ascii=0, run_time=0:00:00:19)...[0m
[1;94m[*] [0mFuzzing test case #165 (295 total, 0 crashes saved, state: started :-), mode=explore, perf_score=50, weight=1, favorite=1, was_fuzzed=1, exec_us=79, hits=0, map=89, ascii=0, run_time=0:00:00:19)...[0m
[1;94m[*] [0mFuzzing test case #5 (295 total, 0 crashes saved, state: started :-), mode=explore, perf_score=25, weight=1, favorite=1, was_fuzzed=1, exec_us=78, hits=0, map=54, ascii=0, run_time=0:00:00:19)...[0m
[1;94m[*] [0mFuzzing test case #272 (295 total, 0 crashes saved, state: started :-), mode=explore, perf_score=200, weight=1, favorite=1, was_fuzzed=1, exec_us=85, hits=0, map=168, ascii=0, run_time=0:00:00:19)...[0m
[1;94m[*] [0mFuzzing test case #154 (295 total, 0 crashes saved, state: started :-), mode=explore, perf_score=25, weight=1, favorite=1, was_fuzzed=1, exec_us=79, hits=0, map=75, ascii=0, run_time=0:00:00:19)...[0m
[1;94m[*] [0mFuzzing test case #283 (295 total, 0 crashes saved, state: started :-), mode=explore, perf_score=50, weight=1, favorite=1, was_fuzzed=1, exec_us=81, hits=0, map=78, ascii=0, run_time=0:00:00:19)...[0m
[1;94m[*] [0mFuzzing test case #256 (295 total, 0 crashes saved, state: started :-), mode=explore, perf_score=200, weight=1, favorite=1, was_fuzzed=1, exec_us=90, hits=0, map=224, ascii=0, run_time=0:00:00:19)...[0m
[1;94m[*] [0mFuzzing test case #4 (295 total, 0 crashes saved, state: started :-), mode=explore, perf_score=25, weight=1, favorite=1, was_fuzzed=1, exec_us=79, hits=0, map=47, ascii=0, run_time=0:00:00:19)...[0m
[1;94m[*] [0mFuzzing test case #262 (295 total, 0 crashes saved, state: started :-), mode=explore, perf_score=200, weight=1, favorite=1, was_fuzzed=1, exec_us=99, hits=0, map=257, ascii=0, run_time=0:00:00:19)...[0m
[1;94m[*] [0mFuzzing test case #212 (295 total, 0 crashes saved, state: started :-), mode=explore, perf_score=100, weight=0, favorite=0, was_fuzzed=0, exec_us=103, hits=0, map=281, ascii=0, run_time=0:00:00:19)...[0m
[1;94m[*] [0mFuzzing test case #154 (295 total, 0 crashes saved, state: started :-), mode=explore, perf_score=25, weight=1, favorite=1, was_fuzzed=1, exec_us=79, hits=0, map=75, ascii=0, run_time=0:00:00:19)...[0m
[1;94m[*] [0mFuzzing test case #262 (295 total, 0 crashes saved, state: started :-), mode=explore, perf_score=200, weight=1, favorite=1, was_fuzzed=1, exec_us=99, hits=0, map=257, ascii=0, run_time=0:00:00:19)...[0m
[1;94m[*] [0mFuzzing test case #48 (295 total, 0 crashes saved, state: started :-), mode=explore, perf_score=100, weight=0, favorite=0, was_fuzzed=0, exec_us=107, hits=0, map=307, ascii=0, run_time=0:00:00:19)...[0m
[1;94m[*] [0mFuzzing test case #4 (295 total, 0 crashes saved, state: started :-), mode=explore, perf_score=25, weight=1, favorite=1, was_fuzzed=1, exec_us=79, hits=0, map=47, ascii=0, run_time=0:00:00:19)...[0m
[1;94m[*] [0mFuzzing test case #29 (295 total, 0 crashes saved, state: started :-), mode=explore, perf_score=100, weight=0, favorite=0, was_fuzzed=0, exec_us=121, hits=0, map=258, ascii=0, run_time=0:00:00:19)...[0m
[1;94m[*] [0mFuzzing test case #289 (295 total, 0 crashes saved, state: started :-), mode=explore, perf_score=50, weight=1, favorite=1, was_fuzzed=1, exec_us=86, hits=0, map=83, ascii=0, run_time=0:00:00:19)...[0m
[1;94m[*] [0mFuzzing test case #194 (295 total, 0 crashes saved, state: started :-), mode=explore, perf_score=100, weight=1, favorite=1, was_fuzzed=1, exec_us=91, hits=0, map=193, ascii=0, run_time=0:00:00:19)...[0m
[1;94m[*] [0mFuzzing test case #277 (295 total, 0 crashes saved, state: started :-), mode=explore, perf_score=200, weight=1, favorite=1, was_fuzzed=1, exec_us=84, hits=0, map=182, ascii=0, run_time=0:00:00:19)...[0m
[1;94m[*] [0mFuzzing test case #247 (295 total, 0 crashes saved, state: started :-), mode=explore, perf_score=100, weight=1, favorite=1, was_fuzzed=1, exec_us=98, hits=0, map=291, ascii=0, run_time=0:00:00:19)...[0m
[1;94m[*] [0mFuzzing test case #5 (295 total, 0 crashes saved, state: started :-), mode=explore, perf_score=25, weight=1, favorite=1, was_fuzzed=1, exec_us=78, hits=0, map=54, ascii=0, run_time=0:00:00:19)...[0m
[1;94m[*] [0mFuzzing test case #263 (295 total, 0 crashes saved, state: started :-), mode=explore, perf_score=200, weight=1, favorite=1, was_fuzzed=1, exec_us=102, hits=0, map=255, ascii=0, run_time=0:00:00:19)...[0m
[1;94m[*] [0mFuzzing test case #199 (295 total, 0 crashes saved, state: started :-), mode=explore, perf_score=25, weight=1, favorite=1, was_fuzzed=1, exec_us=95, hits=0, map=79, ascii=0, run_time=0:00:00:19)...[0m
[1;94m[*] [0mFuzzing test case #129 (295 total, 0 crashes saved, state: started :-), mode=explore, perf_score=100, weight=0, favorite=0, was_fuzzed=0, exec_us=106, hits=0, map=296, ascii=0, run_time=0:00:00:19)...[0m
[1;94m[*] [0mFuzzing test case #247 (295 total, 0 crashes saved, state: started :-), mode=explore, perf_score=100, weight=1, favorite=1, was_fuzzed=1, exec_us=98, hits=0, map=291, ascii=0, run_time=0:00:00:19)...[0m
[1;94m[*] [0mFuzzing test case #283 (295 total, 0 crashes saved, state: started :-), mode=explore, perf_score=50, weight=1, favorite=1, was_fuzzed=1, exec_us=81, hits=0, map=78, ascii=0, run_time=0:00:00:19)...[0m
[1;94m[*] [0mFuzzing test case #186 (295 total, 0 crashes saved, state: started :-), mode=explore, perf_score=25, weight=1, favorite=1, was_fuzzed=1, exec_us=78, hits=0, map=68, ascii=0, run_time=0:00:00:19)...[0m
[1;94m[*] [0mFuzzing test case #277 (295 total, 0 crashes saved, state: started :-), mode=explore, perf_score=200, weight=1, favorite=1, was_fuzzed=1, exec_us=84, hits=0, map=182, ascii=0, run_time=0:00:00:19)...[0m
[1;94m[*] [0mFuzzing test case #284 (295 total, 0 crashes saved, state: started :-), mode=explore, perf_score=200, weight=1, favorite=1, was_fuzzed=1, exec_us=91, hits=0, map=238, ascii=0, run_time=0:00:00:19)...[0m
[1;94m[*] [0mFuzzing test case #150 (295 total, 0 crashes saved, state: started :-), mode=explore, perf_score=100, weight=0, favorite=0, was_fuzzed=1, exec_us=105, hits=0, map=323, ascii=0, run_time=0:00:00:19)...[0m
[1;94m[*] [0mFuzzing test case #185 (295 total, 0 crashes saved, state: started :-), mode=explore, perf_score=50, weight=1, favorite=1, was_fuzzed=1, exec_us=78, hits=0, map=91, ascii=0, run_time=0:00:00:19)...[0m
[1;94m[*] [0mFuzzing test case #187 (295 total, 0 crashes saved, state: started :-), mode=explore, perf_score=25, weight=1, favorite=1, was_fuzzed=1, exec_us=79, hits=0, map=77, ascii=0, run_time=0:00:00:19)...[0m
[1;94m[*] [0mFuzzing test case #277 (295 total, 0 crashes saved, state: started :-), mode=explore, perf_score=200, weight=1, favorite=1, was_fuzzed=1, exec_us=84, hits=0, map=182, ascii=0, run_time=0:00:00:19)...[0m
[1;94m[*] [0mFuzzing test case #155 (295 total, 0 crashes saved, state: started :-), mode=explore, perf_score=100, weight=1, favorite=1, was_fuzzed=1, exec_us=102, hits=0, map=293, ascii=0, run_time=0:00:00:19)...[0m
[1;94m[*] [0mFuzzing test case #263 (295 total, 0 crashes saved, state: started :-), mode=explore, perf_score=200, weight=1, favorite=1, was_fuzzed=1, exec_us=102, hits=0, map=255, ascii=0, run_time=0:00:00:19)...[0m
[1;94m[*] [0mFuzzing test case #174 (295 total, 0 crashes saved, state: started :-), mode=explore, perf_score=100, weight=0, favorite=0, was_fuzzed=0, exec_us=104, hits=0, map=304, ascii=0, run_time=0:00:00:19)...[0m
[1;94m[*] [0mFuzzing test case #96 (295 total, 0 crashes saved, state: started :-), mode=explore, perf_score=50, weight=1, favorite=1, was_fuzzed=1, exec_us=82, hits=0, map=84, ascii=0, run_time=0:00:00:19)...[0m
[1;94m[*] [0mFuzzing test case #91 (295 total, 0 crashes saved, state: started :-), mode=explore, perf_score=100, weight=0, favorite=1, was_fuzzed=1, exec_us=112, hits=0, map=304, ascii=0, run_time=0:00:00:19)...[0m
[1;94m[*] [0mFuzzing test case #163 (295 total, 0 crashes saved, state: started :-), mode=explore, perf_score=25, weight=1, favorite=1, was_fuzzed=1, exec_us=80, hits=0, map=78, ascii=0, run_time=0:00:00:19)...[0m
[1;94m[*] [0mFuzzing test case #292 (295 total, 0 crashes saved, state: started :-), mode=explore, perf_score=150, weight=1, favorite=1, was_fuzzed=1, exec_us=83, hits=0, map=158, ascii=0, run_time=0:00:00:19)...[0m
[1;94m[*] [0mFuzzing test case #167 (295 total, 0 crashes saved, state: started :-), mode=explore, perf_score=100, weight=1, favorite=1, was_fuzzed=1, exec_us=87, hits=0, map=172, ascii=0, run_time=0:00:00:19)...[0m
[1;94m[*] [0mFuzzing test case #154 (295 total, 0 crashes saved, state: started :-), mode=explore, perf_score=25, weight=1, favorite=1, was_fuzzed=1, exec_us=79, hits=0, map=75, ascii=0, run_time=0:00:00:19)...[0m
[1;94m[*] [0mFuzzing test case #247 (295 total, 0 crashes saved, state: started :-), mode=explore, perf_score=100, weight=1, favorite=1, was_fuzzed=1, exec_us=98, hits=0, map=291, ascii=0, run_time=0:00:00:19)...[0m
[1;94m[*] [0mFuzzing test case #272 (295 total, 0 crashes saved, state: started :-), mode=explore, perf_score=200, weight=1, favorite=1, was_fuzzed=1, exec_us=85, hits=0, map=168, ascii=0, run_time=0:00:00:19)...[0m
[1;94m[*] [0mFuzzing test case #168 (295 total, 0 crashes saved, state: started :-), mode=explore, perf_score=100, weight=1, favorite=1, was_fuzzed=1, exec_us=101, hits=0, map=302, ascii=0, run_time=0:00:00:19)...[0m
[1;94m[*] [0mFuzzing test case #160 (295 total, 0 crashes saved, state: started :-), mode=explore, perf_score=25, weight=1, favorite=1, was_fuzzed=1, exec_us=75, hits=0, map=78, ascii=0, run_time=0:00:00:19)...[0m
[1;94m[*] [0mFuzzing test case #199 (295 total, 0 crashes saved, state: started :-), mode=explore, perf_score=25, weight=1, favorite=1, was_fuzzed=1, exec_us=95, hits=0, map=79, ascii=0, run_time=0:00:00:19)...[0m
[1;94m[*] [0mFuzzing test case #3 (295 total, 0 crashes saved, state: started :-), mode=explore, perf_score=25, weight=1, favorite=1, was_fuzzed=1, exec_us=81, hits=0, map=47, ascii=0, run_time=0:00:00:19)...[0m
[1;94m[*] [0mFuzzing test case #192 (295 total, 0 crashes saved, state: started :-), mode=explore, perf_score=100, weight=0, favorite=0, was_fuzzed=0, exec_us=103, hits=0, map=292, ascii=0, run_time=0:00:00:19)...[0m
[1;94m[*] [0mFuzzing test case #290 (295 total, 0 crashes saved, state: started :-), mode=explore, perf_score=100, weight=1, favorite=1, was_fuzzed=1, exec_us=83, hits=0, map=91, ascii=0, run_time=0:00:00:19)...[0m
[1;94m[*] [0mFuzzing test case #90 (295 total, 0 crashes saved, state: started :-), mode=explore, perf_score=100, weight=1, favorite=1, was_fuzzed=1, exec_us=102, hits=0, map=309, ascii=0, run_time=0:00:00:19)...[0m
[1;94m[*] [0mFuzzing test case #271 (295 total, 0 crashes saved, state: started :-), mode=explore, perf_score=200, weight=1, favorite=1, was_fuzzed=1, exec_us=90, hits=0, map=235, ascii=0, run_time=0:00:00:19)...[0m
[1;94m[*] [0mFuzzing test case #95 (295 total, 0 crashes saved, state: started :-), mode=explore, perf_score=25, weight=1, favorite=1, was_fuzzed=1, exec_us=84, hits=0, map=78, ascii=0, run_time=0:00:00:19)...[0m
[1;94m[*] [0mFuzzing test case #190 (295 total, 0 crashes saved, state: started :-), mode=explore, perf_score=100, weight=1, favorite=1, was_fuzzed=1, exec_us=86, hits=0, map=171, ascii=0, run_time=0:00:00:19)...[0m
[1;94m[*] [0mFuzzing test case #18 (295 total, 0 crashes saved, state: started :-), mode=explore, perf_score=100, weight=0, favorite=0, was_fuzzed=0, exec_us=125, hits=0, map=280, ascii=0, run_time=0:00:00:19)...[0m
[1;94m[*] [0mFuzzing test case #162 (295 total, 0 crashes saved, state: started :-), mode=explore, perf_score=25, weight=1, favorite=1, was_fuzzed=1, exec_us=77, hits=0, map=78, ascii=0, run_time=0:00:00:19)...[0m
[1;94m[*] [0mFuzzing test case #294 (295 total, 0 crashes saved, state: started :-), mode=explore, perf_score=100, weight=1, favorite=1, was_fuzzed=1, exec_us=81, hits=0, map=89, ascii=0, run_time=0:00:00:19)...[0m
[1;94m[*] [0mFuzzing test case #242 (295 total, 0 crashes saved, state: started :-), mode=explore, perf_score=100, weight=1, favorite=1, was_fuzzed=1, exec_us=102, hits=0, map=277, ascii=0, run_time=0:00:00:19)...[0m
[1;94m[*] [0mFuzzing test case #267 (295 total, 0 crashes saved, state: started :-), mode=explore, perf_score=200, weight=1, favorite=1, was_fuzzed=1, exec_us=101, hits=0, map=203, ascii=0, run_time=0:00:00:19)...[0m
[1;94m[*] [0mFuzzing test case #267 (295 total, 0 crashes saved, state: started :-), mode=explore, perf_score=200, weight=1, favorite=1, was_fuzzed=1, exec_us=101, hits=0, map=203, ascii=0, run_time=0:00:00:19)...[0m
[1;94m[*] [0mFuzzing test case #187 (295 total, 0 crashes saved, state: started :-), mode=explore, perf_score=25, weight=1, favorite=1, was_fuzzed=1, exec_us=79, hits=0, map=77, ascii=0, run_time=0:00:00:19)...[0m
[1;94m[*] [0mFuzzing test case #254 (295 total, 0 crashes saved, state: started :-), mode=explore, perf_score=200, weight=1, favorite=1, was_fuzzed=1, exec_us=95, hits=0, map=223, ascii=0, run_time=0:00:00:19)...[0m
[1;94m[*] [0mFuzzing test case #293 (295 total, 0 crashes saved, state: started :-), mode=explore, perf_score=25, weight=1, favorite=1, was_fuzzed=1, exec_us=87, hits=0, map=66, ascii=0, run_time=0:00:00:19)...[0m
[1;94m[*] [0mFuzzing test case #292 (295 total, 0 crashes saved, state: started :-), mode=explore, perf_score=150, weight=1, favorite=1, was_fuzzed=1, exec_us=83, hits=0, map=158, ascii=0, run_time=0:00:00:19)...[0m
[1;94m[*] [0mFuzzing test case #293 (295 total, 0 crashes saved, state: started :-), mode=explore, perf_score=25, weight=1, favorite=1, was_fuzzed=1, exec_us=87, hits=0, map=66, ascii=0, run_time=0:00:00:19)...[0m
[1;94m[*] [0mFuzzing test case #90 (295 total, 0 crashes saved, state: started :-), mode=explore, perf_score=100, weight=1, favorite=1, was_fuzzed=1, exec_us=102, hits=0, map=309, ascii=0, run_time=0:00:00:19)...[0m
[1;94m[*] [0mFuzzing test case #191 (295 total, 0 crashes saved, state: started :-), mode=explore, perf_score=75, weight=1, favorite=1, was_fuzzed=1, exec_us=88, hits=0, map=156, ascii=0, run_time=0:00:00:19)...[0m
[1;94m[*] [0mFuzzing test case #6 (295 total, 0 crashes saved, state: started :-), mode=explore, perf_score=25, weight=1, favorite=1, was_fuzzed=1, exec_us=102, hits=0, map=57, ascii=0, run_time=0:00:00:19)...[0m
[1;94m[*] [0mFuzzing test case #191 (295 total, 0 crashes saved, state: started :-), mode=explore, perf_score=75, weight=1, favorite=1, was_fuzzed=1, exec_us=88, hits=0, map=156, ascii=0, run_time=0:00:00:19)...[0m
[1;94m[*] [0mFuzzing test case #233 (295 total, 0 crashes saved, state: started :-), mode=explore, perf_score=100, weight=1, favorite=1, was_fuzzed=1, exec_us=102, hits=0, map=254, ascii=0, run_time=0:00:00:19)...[0m
[1;94m[*] [0mFuzzing test case #263 (295 total, 0 crashes saved, state: started :-), mode=explore, perf_score=200, weight=1, favorite=1, was_fuzzed=1, exec_us=102, hits=0, map=255, ascii=0, run_time=0:00:00:19)...[0m
[1;94m[*] [0mFuzzing test case #247 (295 total, 0 crashes saved, state: started :-), mode=explore, perf_score=100, weight=1, favorite=1, was_fuzzed=1, exec_us=98, hits=0, map=291, ascii=0, run_time=0:00:00:19)...[0m
[1;94m[*] [0mFuzzing test case #247 (295 total, 0 crashes saved, state: started :-), mode=explore, perf_score=100, weight=1, favorite=1, was_fuzzed=1, exec_us=98, hits=0, map=291, ascii=0, run_time=0:00:00:19)...[0m
[1;94m[*] [0mFuzzing test case #237 (295 total, 0 crashes saved, state: started :-), mode=explore, perf_score=150, weight=0, favorite=1, was_fuzzed=1, exec_us=109, hits=0, map=333, ascii=0, run_time=0:00:00:19)...[0m
[1;94m[*] [0mFuzzing test case #190 (295 total, 0 crashes saved, state: started :-), mode=explore, perf_score=100, weight=1, favorite=1, was_fuzzed=1, exec_us=86, hits=0, map=171, ascii=0, run_time=0:00:00:19)...[0m
[1;94m[*] [0mFuzzing test case #293 (295 total, 0 crashes saved, state: started :-), mode=explore, perf_score=25, weight=1, favorite=1, was_fuzzed=1, exec_us=87, hits=0, map=66, ascii=0, run_time=0:00:00:19)...[0m
[1;94m[*] [0mFuzzing test case #256 (295 total, 0 crashes saved, state: started :-), mode=explore, perf_score=200, weight=1, favorite=1, was_fuzzed=1, exec_us=90, hits=0, map=224, ascii=0, run_time=0:00:00:19)...[0m
[1;94m[*] [0mFuzzing test case #280 (295 total, 0 crashes saved, state: started :-), mode=explore, perf_score=200, weight=1, favorite=1, was_fuzzed=1, exec_us=102, hits=0, map=287, ascii=0, run_time=0:00:00:19)...[0m
[1;94m[*] [0mFuzzing test case #37 (295 total, 0 crashes saved, state: started :-), mode=explore, perf_score=100, weight=0, favorite=0, was_fuzzed=0, exec_us=107, hits=0, map=282, ascii=0, run_time=0:00:00:19)...[0m
[1;94m[*] [0mFuzzing test case #95 (295 total, 0 crashes saved, state: started :-), mode=explore, perf_score=25, weight=1, favorite=1, was_fuzzed=1, exec_us=84, hits=0, map=78, ascii=0, run_time=0:00:00:19)...[0m
[1;94m[*] [0mFuzzing test case #256 (295 total, 0 crashes saved, state: started :-), mode=explore, perf_score=200, weight=1, favorite=1, was_fuzzed=1, exec_us=90, hits=0, map=224, ascii=0, run_time=0:00:00:19)...[0m
[1;94m[*] [0mFuzzing test case #188 (295 total, 0 crashes saved, state: started :-), mode=explore, perf_score=50, weight=1, favorite=1, was_fuzzed=1, exec_us=82, hits=0, map=90, ascii=0, run_time=0:00:00:19)...[0m
[1;94m[*] [0mFuzzing test case #92 (295 total, 0 crashes saved, state: started :-), mode=explore, perf_score=150, weight=0, favorite=1, was_fuzzed=1, exec_us=107, hits=0, map=350, ascii=0, run_time=0:00:00:19)...[0m
[1;94m[*] [0mFuzzing test case #294 (295 total, 0 crashes saved, state: started :-), mode=explore, perf_score=100, weight=1, favorite=1, was_fuzzed=1, exec_us=81, hits=0, map=89, ascii=0, run_time=0:00:00:19)...[0m
[1;94m[*] [0mFuzzing test case #239 (295 total, 0 crashes saved, state: started :-), mode=explore, perf_score=100, weight=0, favorite=0, was_fuzzed=1, exec_us=103, hits=0, map=295, ascii=0, run_time=0:00:00:19)...[0m
[1;94m[*] [0mFuzzing test case #283 (295 total, 0 crashes saved, state: started :-), mode=explore, perf_score=50, weight=1, favorite=1, was_fuzzed=1, exec_us=81, hits=0, map=78, ascii=0, run_time=0:00:00:19)...[0m
[1;94m[*] [0mFuzzing test case #82 (295 total, 0 crashes saved, state: started :-), mode=explore, perf_score=100, weight=0, favorite=1, was_fuzzed=1, exec_us=107, hits=0, map=330, ascii=0, run_time=0:00:00:19)...[0m
[1;94m[*] [0mFuzzing test case #188 (295 total, 0 crashes saved, state: started :-), mode=explore, perf_score=50, weight=1, favorite=1, was_fuzzed=1, exec_us=82, hits=0, map=90, ascii=0, run_time=0:00:00:19)...[0m
[1;94m[*] [0mFuzzing test case #271 (295 total, 0 crashes saved, state: started :-), mode=explore, perf_score=200, weight=1, favorite=1, was_fuzzed=1, exec_us=90, hits=0, map=235, ascii=0, run_time=0:00:00:19)...[0m
[1;94m[*] [0mFuzzing test case #260 (295 total, 0 crashes saved, state: started :-), mode=explore, perf_score=200, weight=1, favorite=0, was_fuzzed=1, exec_us=102, hits=0, map=266, ascii=0, run_time=0:00:00:20)...[0m
[1;94m[*] [0mFuzzing test case #107 (295 total, 0 crashes saved, state: started :-), mode=explore, perf_score=100, weight=1, favorite=0, was_fuzzed=1, exec_us=101, hits=0, map=253, ascii=0, run_time=0:00:00:20)...[0m
[1;94m[*] [0mFuzzing test case #262 (295 total, 0 crashes saved, state: started :-), mode=explore, perf_score=200, weight=1, favorite=1, was_fuzzed=1, exec_us=99, hits=0, map=257, ascii=0, run_time=0:00:00:20)...[0m
[1;94m[*] [0mFuzzing test case #185 (295 total, 0 crashes saved, state: started :-), mode=explore, perf_score=50, weight=1, favorite=1, was_fuzzed=1, exec_us=78, hits=0, map=91, ascii=0, run_time=0:00:00:20)...[0m
[1;94m[*] [0mFuzzing test case #276 (295 total, 0 crashes saved, state: started :-), mode=explore, perf_score=50, weight=1, favorite=1, was_fuzzed=1, exec_us=79, hits=0, map=90, ascii=0, run_time=0:00:00:20)...[0m
[1;94m[*] [0mFuzzing test case #194 (295 total, 0 crashes saved, state: started :-), mode=explore, perf_score=100, weight=1, favorite=1, was_fuzzed=1, exec_us=91, hits=0, map=193, ascii=0, run_time=0:00:00:20)...[0m
[1;94m[*] [0mEntering queue cycle 5
[0m
[1;94m[*] [0mFuzzing test case #186 (295 total, 0 crashes saved, state: started :-), mode=explore, perf_score=25, weight=1, favorite=1, was_fuzzed=1, exec_us=78, hits=0, map=68, ascii=0, run_time=0:00:00:20)...[0m
[1;94m[*] [0mFuzzing test case #169 (295 total, 0 crashes saved, state: started :-), mode=explore, perf_score=100, weight=1, favorite=0, was_fuzzed=1, exec_us=99, hits=0, map=307, ascii=0, run_time=0:00:00:20)...[0m
[1;94m[*] [0mFuzzing test case #271 (295 total, 0 crashes saved, state: started :-), mode=explore, perf_score=200, weight=1, favorite=1, was_fuzzed=1, exec_us=90, hits=0, map=235, ascii=0, run_time=0:00:00:20)...[0m
[1;94m[*] [0mFuzzing test case #276 (295 total, 0 crashes saved, state: started :-), mode=explore, perf_score=50, weight=1, favorite=1, was_fuzzed=1, exec_us=79, hits=0, map=90, ascii=0, run_time=0:00:00:20)...[0m
[1;94m[*] [0mFuzzing test case #176 (295 total, 0 crashes saved, state: started :-), mode=explore, perf_score=100, weight=1, favorite=0, was_fuzzed=1, exec_us=102, hits=0, map=268, ascii=0, run_time=0:00:00:20)...[0m
[1;94m[*] [0mFuzzing test case #195 (295 total, 0 crashes saved, state: started :-), mode=explore, perf_score=25, weight=1, favorite=1, was_fuzzed=1, exec_us=79, hits=0, map=78, ascii=0, run_time=0:00:00:20)...[0m
[1;94m[*] [0mFuzzing test case #0 (295 total, 0 crashes saved, state: started :-), mode=explore, perf_score=25, weight=1, favorite=1, was_fuzzed=1, exec_us=95, hits=0, map=47, ascii=0, run_time=0:00:00:20)...[0m
[1;94m[*] [0mFuzzing test case #96 (295 total, 0 crashes saved, state: started :-), mode=explore, perf_score=50, weight=1, favorite=1, was_fuzzed=1, exec_us=82, hits=0, map=84, ascii=0, run_time=0:00:00:20)...[0m
[1;94m[*] [0mFuzzing test case #272 (295 total, 0 crashes saved, state: started :-), mode=explore, perf_score=200, weight=1, favorite=1, was_fuzzed=1, exec_us=85, hits=0, map=168, ascii=0, run_time=0:00:00:20)...[0m
[1;94m[*] [0mFuzzing test case #185 (295 total, 0 crashes saved, state: started :-), mode=explore, perf_score=50, weight=1, favorite=1, was_fuzzed=1, exec_us=78, hits=0, map=91, ascii=0, run_time=0:00:00:20)...[0m
[1;94m[*] [0mFuzzing test case #199 (295 total, 0 crashes saved, state: started :-), mode=explore, perf_score=25, weight=1, favorite=1, was_fuzzed=1, exec_us=95, hits=0, map=79, ascii=0, run_time=0:00:00:20)...[0m
[1;94m[*] [0mFuzzing test case #154 (295 total, 0 crashes saved, state: started :-), mode=explore, perf_score=25, weight=1, favorite=1, was_fuzzed=1, exec_us=79, hits=0, map=75, ascii=0, run_time=0:00:00:20)...[0m
[1;94m[*] [0mFuzzing test case #96 (295 total, 0 crashes saved, state: started :-), mode=explore, perf_score=50, weight=1, favorite=1, was_fuzzed=1, exec_us=82, hits=0, map=84, ascii=0, run_time=0:00:00:20)...[0m
[1;94m[*] [0mFuzzing test case #288 (295 total, 0 crashes saved, state: started :-), mode=explore, perf_score=100, weight=1, favorite=1, was_fuzzed=1, exec_us=82, hits=0, map=88, ascii=0, run_time=0:00:00:20)...[0m
[1;94m[*] [0mFuzzing test case #165 (295 total, 0 crashes saved, state: started :-), mode=explore, perf_score=50, weight=1, favorite=1, was_fuzzed=1, exec_us=79, hits=0, map=89, ascii=0, run_time=0:00:00:20)...[0m
[1;94m[*] [0mFuzzing test case #3 (295 total, 0 crashes saved, state: started :-), mode=explore, perf_score=25, weight=1, favorite=1, was_fuzzed=1, exec_us=81, hits=0, map=47, ascii=0, run_time=0:00:00:20)...[0m
[1;94m[*] [0mFuzzing test case #12 (295 total, 0 crashes saved, state: started :-), mode=explore, perf_score=75, weight=0, favorite=1, was_fuzzed=1, exec_us=121, hits=0, map=154, ascii=0, run_time=0:00:00:20)...[0m
[1;94m[*] [0mFuzzing test case #263 (295 total, 0 crashes saved, state: started :-), mode=explore, perf_score=200, weight=1, favorite=1, was_fuzzed=1, exec_us=102, hits=0, map=255, ascii=0, run_time=0:00:00:20)...[0m
[1;94m[*] [0mFuzzing test case #240 (295 total, 0 crashes saved, state: started :-), mode=explore, perf_score=100, weight=1, favorite=1, was_fuzzed=1, exec_us=130, hits=0, map=294, ascii=0, run_time=0:00:00:20)...[0m
[1;94m[*] [0mFuzzing test case #254 (295 total, 0 crashes saved, state: started :-), mode=explore, perf_score=200, weight=1, favorite=1, was_fuzzed=1, exec_us=95, hits=0, map=223, ascii=0, run_time=0:00:00:20)...[0m
[1;94m[*] [0mFuzzing test case #166 (295 total, 0 crashes saved, state: started :-), mode=explore, perf_score=150, weight=0, favorite=1, was_fuzzed=1, exec_us=106, hits=0, map=353, ascii=0, run_time=0:00:00:20)...[0m
[1;94m[*] [0mFuzzing test case #185 (295 total, 0 crashes saved, state: started :-), mode=explore, perf_score=50, weight=1, favorite=1, was_fuzzed=1, exec_us=78, hits=0, map=91, ascii=0, run_time=0:00:00:20)...[0m
[1;94m[*] [0mFuzzing test case #238 (295 total, 0 crashes saved, state: started :-), mode=explore, perf_score=150, weight=0, favorite=1, was_fuzzed=1, exec_us=108, hits=0, map=337, ascii=0, run_time=0:00:00:20)...[0m
[1;94m[*] [0mFuzzing test case #195 (295 total, 0 crashes saved, state: started :-), mode=explore, perf_score=25, weight=1, favorite=1, was_fuzzed=1, exec_us=79, hits=0, map=78, ascii=0, run_time=0:00:00:20)...[0m
[1;94m[*] [0mFuzzing test case #120 (295 total, 0 crashes saved, state: started :-), mode=explore, perf_score=100, weight=1, favorite=0, was_fuzzed=1, exec_us=101, hits=0, map=286, ascii=0, run_time=0:00:00:20)...[0m
[1;94m[*] [0mFuzzing test case #199 (295 total, 0 crashes saved, state: started :-), mode=explore, perf_score=25, weight=1, favorite=1, was_fuzzed=1, exec_us=95, hits=0, map=79, ascii=0, run_time=0:00:00:20)...[0m
[1;94m[*] [0mFuzzing test case #6 (295 total, 0 crashes saved, state: started :-), mode=explore, perf_score=25, weight=1, favorite=1, was_fuzzed=1, exec_us=102, hits=0, map=57, ascii=0, run_time=0:00:00:20)...[0m
[1;94m[*] [0mFuzzing test case #191 (295 total, 0 crashes saved, state: started :-), mode=explore, perf_score=75, weight=1, favorite=1, was_fuzzed=1, exec_us=88, hits=0, map=156, ascii=0, run_time=0:00:00:20)...[0m
[1;94m[*] [0mFuzzing test case #4 (295 total, 0 crashes saved, state: started :-), mode=explore, perf_score=25, weight=1, favorite=1, was_fuzzed=1, exec_us=79, hits=0, map=47, ascii=0, run_time=0:00:00:20)...[0m
[1;94m[*] [0mFuzzing test case #160 (295 total, 0 crashes saved, state: started :-), mode=explore, perf_score=25, weight=1, favorite=1, was_fuzzed=1, exec_us=75, hits=0, map=78, ascii=0, run_time=0:00:00:20)...[0m
[1;94m[*] [0mFuzzing test case #5 (295 total, 0 crashes saved, state: started :-), mode=explore, perf_score=25, weight=1, favorite=1, was_fuzzed=1, exec_us=78, hits=0, map=54, ascii=0, run_time=0:00:00:20)...[0m
[1;94m[*] [0mFuzzing test case #8 (295 total, 0 crashes saved, state: started :-), mode=explore, perf_score=25, weight=1, favorite=1, was_fuzzed=1, exec_us=81, hits=0, map=78, ascii=0, run_time=0:00:00:20)...[0m
[1;94m[*] [0mFuzzing test case #197 (295 total, 0 crashes saved, state: started :-), mode=explore, perf_score=100, weight=0, favorite=1, was_fuzzed=1, exec_us=116, hits=0, map=330, ascii=0, run_time=0:00:00:20)...[0m
[1;94m[*] [0mFuzzing test case #88 (295 total, 0 crashes saved, state: started :-), mode=explore, perf_score=150, weight=1, favorite=1, was_fuzzed=1, exec_us=102, hits=0, map=350, ascii=0, run_time=0:00:00:20)...[0m
[1;94m[*] [0mFuzzing test case #186 (295 total, 0 crashes saved, state: started :-), mode=explore, perf_score=25, weight=1, favorite=1, was_fuzzed=1, exec_us=78, hits=0, map=68, ascii=0, run_time=0:00:00:20)...[0m
[1;94m[*] [0mFuzzing test case #88 (295 total, 0 crashes saved, state: started :-), mode=explore, perf_score=150, weight=1, favorite=1, was_fuzzed=1, exec_us=102, hits=0, map=350, ascii=0, run_time=0:00:00:20)...[0m
[1;94m[*] [0mFuzzing test case #167 (295 total, 0 crashes saved, state: started :-), mode=explore, perf_score=100, weight=1, favorite=1, was_fuzzed=1, exec_us=87, hits=0, map=172, ascii=0, run_time=0:00:00:20)...[0m
[1;94m[*] [0mFuzzing test case #233 (295 total, 0 crashes saved, state: started :-), mode=explore, perf_score=100, weight=1, favorite=1, was_fuzzed=1, exec_us=102, hits=0, map=254, ascii=0, run_time=0:00:00:20)...[0m
[1;94m[*] [0mFuzzing test case #104 (295 total, 0 crashes saved, state: started :-), mode=explore, perf_score=100, weight=1, favorite=0, was_fuzzed=1, exec_us=98, hits=0, map=254, ascii=0, run_time=0:00:00:20)...[0m
[1;94m[*] [0mFuzzing test case #272 (295 total, 0 crashes saved, state: started :-), mode=explore, perf_score=200, weight=1, favorite=1, was_fuzzed=1, exec_us=85, hits=0, map=168, ascii=0, run_time=0:00:00:20)...[0m
[1;94m[*] [0mFuzzing test case #202 (295 total, 0 crashes saved, state: started :-), mode=explore, perf_score=150, weight=0, favorite=1, was_fuzzed=1, exec_us=114, hits=0, map=349, ascii=0, run_time=0:00:00:20)...[0m
[1;94m[*] [0mFuzzing test case #84 (295 total, 0 crashes saved, state: started :-), mode=explore, perf_score=100, weight=0, favorite=0, was_fuzzed=0, exec_us=108, hits=0, map=331, ascii=0, run_time=0:00:00:20)...[0m
[1;94m[*] [0mFuzzing test case #180 (295 total, 0 crashes saved, state: started :-), mode=explore, perf_score=25, weight=1, favorite=1, was_fuzzed=1, exec_us=77, hits=0, map=65, ascii=0, run_time=0:00:00:20)...[0m
[1;94m[*] [0mFuzzing test case #10 (295 total, 0 crashes saved, state: started :-), mode=explore, perf_score=25, weight=1, favorite=1, was_fuzzed=1, exec_us=78, hits=0, map=79, ascii=0, run_time=0:00:00:20)...[0m
[1;94m[*] [0mFuzzing test case #96 (295 total, 0 crashes saved, state: started :-), mode=explore, perf_score=50, weight=1, favorite=1, was_fuzzed=1, exec_us=82, hits=0, map=84, ascii=0, run_time=0:00:00:20)...[0m
[1;94m[*] [0mFuzzing test case #267 (295 total, 0 crashes saved, state: started :-), mode=explore, perf_score=200, weight=1, favorite=1, was_fuzzed=1, exec_us=101, hits=0, map=203, ascii=0, run_time=0:00:00:20)...[0m
[1;94m[*] [0mFuzzing test case #183 (295 total, 0 crashes saved, state: started :-), mode=explore, perf_score=100, weight=0, favorite=1, was_fuzzed=1, exec_us=109, hits=0, map=326, ascii=0, run_time=0:00:00:20)...[0m
[1;94m[*] [0mFuzzing test case #12 (295 total, 0 crashes saved, state: started :-), mode=explore, perf_score=75, weight=0, favorite=1, was_fuzzed=1, exec_us=121, hits=0, map=154, ascii=0, run_time=0:00:00:20)...[0m
[1;94m[*] [0mFuzzing test case #95 (295 total, 0 crashes saved, state: started :-), mode=explore, perf_score=25, weight=1, favorite=1, was_fuzzed=1, exec_us=84, hits=0, map=78, ascii=0, run_time=0:00:00:20)...[0m
[1;94m[*] [0mFuzzing test case #256 (295 total, 0 crashes saved, state: started :-), mode=explore, perf_score=200, weight=1, favorite=1, was_fuzzed=1, exec_us=90, hits=0, map=224, ascii=0, run_time=0:00:00:20)...[0m
[1;94m[*] [0mFuzzing test case #240 (295 total, 0 crashes saved, state: started :-), mode=explore, perf_score=100, weight=1, favorite=1, was_fuzzed=1, exec_us=130, hits=0, map=294, ascii=0, run_time=0:00:00:20)...[0m
[1;94m[*] [0mFuzzing test case #163 (295 total, 0 crashes saved, state: started :-), mode=explore, perf_score=25, weight=1, favorite=1, was_fuzzed=1, exec_us=80, hits=0, map=78, ascii=0, run_time=0:00:00:20)...[0m
[1;94m[*] [0mFuzzing test case #180 (295 total, 0 crashes saved, state: started :-), mode=explore, perf_score=25, weight=1, favorite=1, was_fuzzed=1, exec_us=77, hits=0, map=65, ascii=0, run_time=0:00:00:20)...[0m
[1;94m[*] [0mFuzzing test case #4 (295 total, 0 crashes saved, state: started :-), mode=explore, perf_score=25, weight=1, favorite=1, was_fuzzed=1, exec_us=79, hits=0, map=47, ascii=0, run_time=0:00:00:20)...[0m
[1;94m[*] [0mFuzzing test case #155 (295 total, 0 crashes saved, state: started :-), mode=explore, perf_score=100, weight=1, favorite=1, was_fuzzed=1, exec_us=102, hits=0, map=293, ascii=0, run_time=0:00:00:20)...[0m
[1;94m[*] [0mFuzzing test case #254 (295 total, 0 crashes saved, state: started :-), mode=explore, perf_score=200, weight=1, favorite=1, was_fuzzed=1, exec_us=95, hits=0, map=223, ascii=0, run_time=0:00:00:20)...[0m
[1;94m[*] [0mFuzzing test case #92 (295 total, 0 crashes saved, state: started :-), mode=explore, perf_score=150, weight=0, favorite=1, was_fuzzed=1, exec_us=107, hits=0, map=350, ascii=0, run_time=0:00:00:20)...[0m
[1;94m[*] [0mFuzzing test case #284 (295 total, 0 crashes saved, state: started :-), mode=explore, perf_score=200, weight=1, favorite=1, was_fuzzed=1, exec_us=91, hits=0, map=238, ascii=0, run_time=0:00:00:20)...[0m
[1;94m[*] [0mFuzzing test case #22 (295 total, 0 crashes saved, state: started :-), mode=explore, perf_score=100, weight=1, favorite=0, was_fuzzed=1, exec_us=99, hits=0, map=281, ascii=0, run_time=0:00:00:20)...[0m
[1;94m[*] [0mFuzzing test case #5 (295 total, 0 crashes saved, state: started :-), mode=explore, perf_score=25, weight=1, favorite=1, was_fuzzed=1, exec_us=78, hits=0, map=54, ascii=0, run_time=0:00:00:20)...[0m
[1;94m[*] [0mFuzzing test case #283 (295 total, 0 crashes saved, state: started :-), mode=explore, perf_score=50, weight=1, favorite=1, was_fuzzed=1, exec_us=81, hits=0, map=78, ascii=0, run_time=0:00:00:20)...[0m
[1;94m[*] [0mFuzzing test case #160 (295 total, 0 crashes saved, state: started :-), mode=explore, perf_score=25, weight=1, favorite=1, was_fuzzed=1, exec_us=75, hits=0, map=78, ascii=0, run_time=0:00:00:20)...[0m
[1;94m[*] [0mFuzzing test case #238 (295 total, 0 crashes saved, state: started :-), mode=explore, perf_score=150, weight=0, favorite=1, was_fuzzed=1, exec_us=108, hits=0, map=337, ascii=0, run_time=0:00:00:20)...[0m
[1;94m[*] [0mFuzzing test case #163 (295 total, 0 crashes saved, state: started :-), mode=explore, perf_score=25, weight=1, favorite=1, was_fuzzed=1, exec_us=80, hits=0, map=78, ascii=0, run_time=0:00:00:20)...[0m
[1;94m[*] [0mFuzzing test case #8 (295 total, 0 crashes saved, state: started :-), mode=explore, perf_score=25, weight=1, favorite=1, was_fuzzed=1, exec_us=81, hits=0, map=78, ascii=0, run_time=0:00:00:20)...[0m
[1;94m[*] [0mFuzzing test case #284 (295 total, 0 crashes saved, state: started :-), mode=explore, perf_score=200, weight=1, favorite=1, was_fuzzed=1, exec_us=91, hits=0, map=238, ascii=0, run_time=0:00:00:20)...[0m
[1;94m[*] [0mFuzzing test case #205 (295 total, 0 crashes saved, state: started :-), mode=explore, perf_score=100, weight=0, favorite=1, was_fuzzed=1, exec_us=114, hits=0, map=293, ascii=0, run_time=0:00:00:20)...[0m
[1;94m[*] [0mFuzzing test case #294 (295 total, 0 crashes saved, state: started :-), mode=explore, perf_score=100, weight=1, favorite=1, was_fuzzed=1, exec_us=81, hits=0, map=89, ascii=0, run_time=0:00:00:20)...[0m
[1;94m[*] [0mFuzzing test case #281 (295 total, 0 crashes saved, state: started :-), mode=explore, perf_score=200, weight=0, favorite=0, was_fuzzed=0, exec_us=124, hits=0, map=317, ascii=0, run_time=0:00:00:20)...[0m
[1;94m[*] [0mFuzzing test case #163 (295 total, 0 crashes saved, state: started :-), mode=explore, perf_score=25, weight=1, favorite=1, was_fuzzed=1, exec_us=80, hits=0, map=78, ascii=0, run_time=0:00:00:20)...[0m
[1;94m[*] [0mFuzzing test case #280 (295 total, 0 crashes saved, state: started :-), mode=explore, perf_score=200, weight=1, favorite=1, was_fuzzed=1, exec_us=102, hits=0, map=287, ascii=0, run_time=0:00:00:20)...[0m
[1;94m[*] [0mFuzzing test case #217 (295 total, 0 crashes saved, state: started :-), mode=explore, perf_score=100, weight=0, favorite=0, was_fuzzed=0, exec_us=122, hits=0, map=329, ascii=0, run_time=0:00:00:20)...[0m
[1;94m[*] [0mFuzzing test case #187 (295 total, 0 crashes saved, state: started :-), mode=explore, perf_score=25, weight=1, favorite=1, was_fuzzed=1, exec_us=79, hits=0, map=77, ascii=0, run_time=0:00:00:20)...[0m
[1;94m[*] [0mFuzzing test case #285 (295 total, 0 crashes saved, state: started :-), mode=explore, perf_score=200, weight=1, favorite=0, was_fuzzed=1, exec_us=88, hits=0, map=174, ascii=0, run_time=0:00:00:20)...[0m
[1;94m[*] [0mFuzzing test case #247 (295 total, 0 crashes saved, state: started :-), mode=explore, perf_score=100, weight=1, favorite=1, was_fuzzed=1, exec_us=98, hits=0, map=291, ascii=0, run_time=0:00:00:20)...[0m
[1;94m[*] [0mFuzzing test case #92 (295 total, 0 crashes saved, state: started :-), mode=explore, perf_score=150, weight=0, favorite=1, was_fuzzed=1, exec_us=107, hits=0, map=350, ascii=0, run_time=0:00:00:20)...[0m
[1;94m[*] [0mFuzzing test case #267 (295 total, 0 crashes saved, state: started :-), mode=explore, perf_score=200, weight=1, favorite=1, was_fuzzed=1, exec_us=101, hits=0, map=203, ascii=0, run_time=0:00:00:20)...[0m
[1;94m[*] [0mFuzzing test case #78 (295 total, 0 crashes saved, state: started :-), mode=explore, perf_score=100, weight=1, favorite=0, was_fuzzed=1, exec_us=102, hits=0, map=293, ascii=0, run_time=0:00:00:20)...[0m
[1;94m[*] [0mFuzzing test case #180 (295 total, 0 crashes saved, state: started :-), mode=explore, perf_score=25, weight=1, favorite=1, was_fuzzed=1, exec_us=77, hits=0, map=65, ascii=0, run_time=0:00:00:20)...[0m
[1;94m[*] [0mFuzzing test case #242 (295 total, 0 crashes saved, state: started :-), mode=explore, perf_score=100, weight=1, favorite=1, was_fuzzed=1, exec_us=102, hits=0, map=277, ascii=0, run_time=0:00:00:20)...[0m
[1;94m[*] [0mFuzzing test case #277 (295 total, 0 crashes saved, state: started :-), mode=explore, perf_score=200, weight=1, favorite=1, was_fuzzed=1, exec_us=84, hits=0, map=182, ascii=0, run_time=0:00:00:20)...[0m
[1;94m[*] [0mFuzzing test case #57 (295 total, 0 crashes saved, state: started :-), mode=explore, perf_score=100, weight=1, favorite=0, was_fuzzed=1, exec_us=134, hits=0, map=302, ascii=0, run_time=0:00:00:20)...[0m
[1;94m[*] [0mFuzzing test case #233 (295 total, 0 crashes saved, state: started :-), mode=explore, perf_score=100, weight=1, favorite=1, was_fuzzed=1, exec_us=102, hits=0, map=254, ascii=0, run_time=0:00:00:20)...[0m
[1;94m[*] [0mFuzzing test case #160 (295 total, 0 crashes saved, state: started :-), mode=explore, perf_score=25, weight=1, favorite=1, was_fuzzed=1, exec_us=75, hits=0, map=78, ascii=0, run_time=0:00:00:20)...[0m
[1;94m[*] [0mFuzzing test case #78 (295 total, 0 crashes saved, state: started :-), mode=explore, perf_score=100, weight=1, favorite=0, was_fuzzed=1, exec_us=102, hits=0, map=293, ascii=0, run_time=0:00:00:20)...[0m
[1;94m[*] [0mFuzzing test case #242 (295 total, 0 crashes saved, state: started :-), mode=explore, perf_score=100, weight=1, favorite=1, was_fuzzed=1, exec_us=102, hits=0, map=277, ascii=0, run_time=0:00:00:20)...[0m
[1;94m[*] [0mFuzzing test case #4 (295 total, 0 crashes saved, state: started :-), mode=explore, perf_score=25, weight=1, favorite=1, was_fuzzed=1, exec_us=79, hits=0, map=47, ascii=0, run_time=0:00:00:20)...[0m
[1;94m[*] [0mFuzzing test case #115 (295 total, 0 crashes saved, state: started :-), mode=explore, perf_score=100, weight=1, favorite=0, was_fuzzed=1, exec_us=102, hits=0, map=271, ascii=0, run_time=0:00:00:20)...[0m
[1;94m[*] [0mFuzzing test case #247 (295 total, 0 crashes saved, state: started :-), mode=explore, perf_score=100, weight=1, favorite=1, was_fuzzed=1, exec_us=98, hits=0, map=291, ascii=0, run_time=0:00:00:20)...[0m
[1;94m[*] [0mFuzzing test case #160 (295 total, 0 crashes saved, state: started :-), mode=explore, perf_score=25, weight=1, favorite=1, was_fuzzed=1, exec_us=75, hits=0, map=78, ascii=0, run_time=0:00:00:20)...[0m
[1;94m[*] [0mFuzzing test case #160 (295 total, 0 crashes saved, state: started :-), mode=explore, perf_score=25, weight=1, favorite=1, was_fuzzed=1, exec_us=75, hits=0, map=78, ascii=0, run_time=0:00:00:20)...[0m
[1;94m[*] [0mFuzzing test case #199 (295 total, 0 crashes saved, state: started :-), mode=explore, perf_score=25, weight=1, favorite=1, was_fuzzed=1, exec_us=95, hits=0, map=79, ascii=0, run_time=0:00:00:20)...[0m
[1;94m[*] [0mFuzzing test case #80 (295 total, 0 crashes saved, state: started :-), mode=explore, perf_score=100, weight=0, favorite=1, was_fuzzed=1, exec_us=106, hits=0, map=320, ascii=0, run_time=0:00:00:20)...[0m
[1;94m[*] [0mFuzzing test case #167 (295 total, 0 crashes saved, state: started :-), mode=explore, perf_score=100, weight=1, favorite=1, was_fuzzed=1, exec_us=87, hits=0, map=172, ascii=0, run_time=0:00:00:20)...[0m
[1;94m[*] [0mFuzzing test case #293 (295 total, 0 crashes saved, state: started :-), mode=explore, perf_score=25, weight=1, favorite=1, was_fuzzed=1, exec_us=87, hits=0, map=66, ascii=0, run_time=0:00:00:20)...[0m
[1;94m[*] [0mFuzzing test case #168 (295 total, 0 crashes saved, state: started :-), mode=explore, perf_score=100, weight=1, favorite=1, was_fuzzed=1, exec_us=101, hits=0, map=302, ascii=0, run_time=0:00:00:20)...[0m
[1;94m[*] [0mFuzzing test case #288 (295 total, 0 crashes saved, state: started :-), mode=explore, perf_score=100, weight=1, favorite=1, was_fuzzed=1, exec_us=82, hits=0, map=88, ascii=0, run_time=0:00:00:20)...[0m
[1;94m[*] [0mFuzzing test case #233 (295 total, 0 crashes saved, state: started :-), mode=explore, perf_score=100, weight=1, favorite=1, was_fuzzed=1, exec_us=102, hits=0, map=254, ascii=0, run_time=0:00:00:20)...[0m
[1;94m[*] [0mFuzzing test case #199 (295 total, 0 crashes saved, state: started :-), mode=explore, perf_score=25, weight=1, favorite=1, was_fuzzed=1, exec_us=95, hits=0, map=79, ascii=0, run_time=0:00:00:20)...[0m
[1;94m[*] [0mFuzzing test case #8 (295 total, 0 crashes saved, state: started :-), mode=explore, perf_score=25, weight=1, favorite=1, was_fuzzed=1, exec_us=81, hits=0, map=78, ascii=0, run_time=0:00:00:20)...[0m
[1;94m[*] [0mFuzzing test case #90 (295 total, 0 crashes saved, state: started :-), mode=explore, perf_score=100, weight=1, favorite=1, was_fuzzed=1, exec_us=102, hits=0, map=309, ascii=0, run_time=0:00:00:20)...[0m
[1;94m[*] [0mFuzzing test case #154 (295 total, 0 crashes saved, state: started :-), mode=explore, perf_score=25, weight=1, favorite=1, was_fuzzed=1, exec_us=79, hits=0, map=75, ascii=0, run_time=0:00:00:20)...[0m
[1;94m[*] [0mFuzzing test case #269 (295 total, 0 crashes saved, state: started :-), mode=explore, perf_score=200, weight=1, favorite=0, was_fuzzed=1, exec_us=87, hits=0, map=176, ascii=0, run_time=0:00:00:20)...[0m
[1;94m[*] [0mFuzzing test case #277 (295 total, 0 crashes saved, state: started :-), mode=explore, perf_score=200, weight=1, favorite=1, was_fuzzed=1, exec_us=84, hits=0, map=182, ascii=0, run_time=0:00:00:20)...[0m
[1;94m[*] [0mFuzzing test case #40 (295 total, 0 crashes saved, state: started :-), mode=explore, perf_score=100, weight=1, favorite=0, was_fuzzed=1, exec_us=100, hits=0, map=249, ascii=0, run_time=0:00:00:20)...[0m
[1;94m[*] [0mFuzzing test case #199 (295 total, 0 crashes saved, state: started :-), mode=explore, perf_score=25, weight=1, favorite=1, was_fuzzed=1, exec_us=95, hits=0, map=79, ascii=0, run_time=0:00:00:20)...[0m
[1;94m[*] [0mFuzzing test case #165 (295 total, 0 crashes saved, state: started :-), mode=explore, perf_score=50, weight=1, favorite=1, was_fuzzed=1, exec_us=79, hits=0, map=89, ascii=0, run_time=0:00:00:20)...[0m
[1;94m[*] [0mFuzzing test case #187 (295 total, 0 crashes saved, state: started :-), mode=explore, perf_score=25, weight=1, favorite=1, was_fuzzed=1, exec_us=79, hits=0, map=77, ascii=0, run_time=0:00:00:20)...[0m
[1;94m[*] [0mFuzzing test case #10 (295 total, 0 crashes saved, state: started :-), mode=explore, perf_score=25, weight=1, favorite=1, was_fuzzed=1, exec_us=78, hits=0, map=79, ascii=0, run_time=0:00:00:20)...[0m
[1;94m[*] [0mFuzzing test case #4 (295 total, 0 crashes saved, state: started :-), mode=explore, perf_score=25, weight=1, favorite=1, was_fuzzed=1, exec_us=79, hits=0, map=47, ascii=0, run_time=0:00:00:20)...[0m
[1;94m[*] [0mFuzzing test case #247 (295 total, 0 crashes saved, state: started :-), mode=explore, perf_score=100, weight=1, favorite=1, was_fuzzed=1, exec_us=98, hits=0, map=291, ascii=0, run_time=0:00:00:20)...[0m
[1;94m[*] [0mFuzzing test case #191 (295 total, 0 crashes saved, state: started :-), mode=explore, perf_score=75, weight=1, favorite=1, was_fuzzed=1, exec_us=88, hits=0, map=156, ascii=0, run_time=0:00:00:20)...[0m
[1;94m[*] [0mFuzzing test case #294 (295 total, 0 crashes saved, state: started :-), mode=explore, perf_score=100, weight=1, favorite=1, was_fuzzed=1, exec_us=81, hits=0, map=89, ascii=0, run_time=0:00:00:20)...[0m
[1;94m[*] [0mFuzzing test case #15 (295 total, 0 crashes saved, state: started :-), mode=explore, perf_score=100, weight=0, favorite=1, was_fuzzed=1, exec_us=103, hits=0, map=285, ascii=0, run_time=0:00:00:20)...[0m
[1;94m[*] [0mFuzzing test case #80 (295 total, 0 crashes saved, state: started :-), mode=explore, perf_score=100, weight=0, favorite=1, was_fuzzed=1, exec_us=106, hits=0, map=320, ascii=0, run_time=0:00:00:20)...[0m
[1;94m[*] [0mFuzzing test case #199 (295 total, 0 crashes saved, state: started :-), mode=explore, perf_score=25, weight=1, favorite=1, was_fuzzed=1, exec_us=95, hits=0, map=79, ascii=0, run_time=0:00:00:20)...[0m
[1;94m[*] [0mFuzzing test case #141 (295 total, 0 crashes saved, state: started :-), mode=explore, perf_score=100, weight=1, favorite=0, was_fuzzed=1, exec_us=101, hits=0, map=292, ascii=0, run_time=0:00:00:20)...[0m
[1;94m[*] [0mFuzzing test case #88 (295 total, 0 crashes saved, state: started :-), mode=explore, perf_score=150, weight=1, favorite=1, was_fuzzed=1, exec_us=102, hits=0, map=350, ascii=0, run_time=0:00:00:20)...[0m
[1;94m[*] [0mFuzzing test case #155 (295 total, 0 crashes saved, state: started :-), mode=explore, perf_score=100, weight=1, favorite=1, was_fuzzed=1, exec_us=102, hits=0, map=293, ascii=0, run_time=0:00:00:21)...[0m
[1;94m[*] [0mFuzzing test case #191 (295 total, 0 crashes saved, state: started :-), mode=explore, perf_score=75, weight=1, favorite=1, was_fuzzed=1, exec_us=88, hits=0, map=156, ascii=0, run_time=0:00:00:21)...[0m
[1;94m[*] [0mFuzzing test case #190 (295 total, 0 crashes saved, state: started :-), mode=explore, perf_score=100, weight=1, favorite=1, was_fuzzed=1, exec_us=86, hits=0, map=171, ascii=0, run_time=0:00:00:21)...[0m
[1;94m[*] [0mFuzzing test case #194 (295 total, 0 crashes saved, state: started :-), mode=explore, perf_score=100, weight=1, favorite=1, was_fuzzed=1, exec_us=91, hits=0, map=193, ascii=0, run_time=0:00:00:21)...[0m
[1;94m[*] [0mFuzzing test case #8 (295 total, 0 crashes saved, state: started :-), mode=explore, perf_score=25, weight=1, favorite=1, was_fuzzed=1, exec_us=81, hits=0, map=78, ascii=0, run_time=0:00:00:21)...[0m
[1;94m[*] [0mFuzzing test case #6 (295 total, 0 crashes saved, state: started :-), mode=explore, perf_score=25, weight=1, favorite=1, was_fuzzed=1, exec_us=102, hits=0, map=57, ascii=0, run_time=0:00:00:21)...[0m
[1;94m[*] [0mFuzzing test case #231 (295 total, 0 crashes saved, state: started :-), mode=explore, perf_score=100, weight=1, favorite=1, was_fuzzed=1, exec_us=94, hits=0, map=204, ascii=0, run_time=0:00:00:21)...[0m
[1;94m[*] [0mFuzzing test case #96 (295 total, 0 crashes saved, state: started :-), mode=explore, perf_score=50, weight=1, favorite=1, was_fuzzed=1, exec_us=82, hits=0, map=84, ascii=0, run_time=0:00:00:21)...[0m
[1;94m[*] [0mFuzzing test case #94 (295 total, 0 crashes saved, state: started :-), mode=explore, perf_score=25, weight=1, favorite=0, was_fuzzed=1, exec_us=81, hits=0, map=74, ascii=0, run_time=0:00:00:21)...[0m
[1;94m[*] [0mFuzzing test case #91 (295 total, 0 crashes saved, state: started :-), mode=explore, perf_score=100, weight=0, favorite=1, was_fuzzed=1, exec_us=112, hits=0, map=304, ascii=0, run_time=0:00:00:21)...[0m
[1;94m[*] [0mFuzzing test case #290 (295 total, 0 crashes saved, state: started :-), mode=explore, perf_score=100, weight=1, favorite=1, was_fuzzed=1, exec_us=83, hits=0, map=91, ascii=0, run_time=0:00:00:21)...[0m
[1;94m[*] [0mFuzzing test case #243 (295 total, 0 crashes saved, state: started :-), mode=explore, perf_score=100, weight=1, favorite=1, was_fuzzed=1, exec_us=100, hits=0, map=275, ascii=0, run_time=0:00:00:21)...[0m
[1;94m[*] [0mFuzzing test case #10 (295 total, 0 crashes saved, state: started :-), mode=explore, perf_score=25, weight=1, favorite=1, was_fuzzed=1, exec_us=78, hits=0, map=79, ascii=0, run_time=0:00:00:21)...[0m
[1;94m[*] [0mFuzzing test case #195 (295 total, 0 crashes saved, state: started :-), mode=explore, perf_score=25, weight=1, favorite=1, was_fuzzed=1, exec_us=79, hits=0, map=78, ascii=0, run_time=0:00:00:21)...[0m
[1;94m[*] [0mFuzzing test case #267 (295 total, 0 crashes saved, state: started :-), mode=explore, perf_score=200, weight=1, favorite=1, was_fuzzed=1, exec_us=101, hits=0, map=203, ascii=0, run_time=0:00:00:21)...[0m
[1;94m[*] [0mFuzzing test case #276 (295 total, 0 crashes saved, state: started :-), mode=explore, perf_score=50, weight=1, favorite=1, was_fuzzed=1, exec_us=79, hits=0, map=90, ascii=0, run_time=0:00:00:21)...[0m
[1;94m[*] [0mFuzzing test case #243 (295 total, 0 crashes saved, state: started :-), mode=explore, perf_score=100, weight=1, favorite=1, was_fuzzed=1, exec_us=100, hits=0, map=275, ascii=0, run_time=0:00:00:21)...[0m
[1;94m[*] [0mFuzzing test case #186 (295 total, 0 crashes saved, state: started :-), mode=explore, perf_score=25, weight=1, favorite=1, was_fuzzed=1, exec_us=78, hits=0, map=68, ascii=0, run_time=0:00:00:21)...[0m
[1;94m[*] [0mFuzzing test case #187 (295 total, 0 crashes saved, state: started :-), mode=explore, perf_score=25, weight=1, favorite=1, was_fuzzed=1, exec_us=79, hits=0, map=77, ascii=0, run_time=0:00:00:21)...[0m
[1;94m[*] [0mFuzzing test case #88 (295 total, 0 crashes saved, state: started :-), mode=explore, perf_score=150, weight=1, favorite=1, was_fuzzed=1, exec_us=102, hits=0, map=350, ascii=0, run_time=0:00:00:21)...[0m
[1;94m[*] [0mFuzzing test case #256 (295 total, 0 crashes saved, state: started :-), mode=explore, perf_score=200, weight=1, favorite=1, was_fuzzed=1, exec_us=90, hits=0, map=224, ascii=0, run_time=0:00:00:21)...[0m
[1;94m[*] [0mFuzzing test case #137 (295 total, 0 crashes saved, state: started :-), mode=explore, perf_score=100, weight=1, favorite=0, was_fuzzed=1, exec_us=96, hits=0, map=280, ascii=0, run_time=0:00:00:21)...[0m
[1;94m[*] [0mFuzzing test case #242 (295 total, 0 crashes saved, state: started :-), mode=explore, perf_score=100, weight=1, favorite=1, was_fuzzed=1, exec_us=102, hits=0, map=277, ascii=0, run_time=0:00:00:21)...[0m
[1;94m[*] [0mFuzzing test case #231 (295 total, 0 crashes saved, state: started :-), mode=explore, perf_score=100, weight=1, favorite=1, was_fuzzed=1, exec_us=94, hits=0, map=204, ascii=0, run_time=0:00:00:21)...[0m
[1;94m[*] [0mFuzzing test case #6 (295 total, 0 crashes saved, state: started :-), mode=explore, perf_score=25, weight=1, favorite=1, was_fuzzed=1, exec_us=102, hits=0, map=57, ascii=0, run_time=0:00:00:21)...[0m
[1;94m[*] [0mFuzzing test case #276 (295 total, 0 crashes saved, state: started :-), mode=explore, perf_score=50, weight=1, favorite=1, was_fuzzed=1, exec_us=79, hits=0, map=90, ascii=0, run_time=0:00:00:21)...[0m
[1;94m[*] [0mFuzzing test case #237 (295 total, 0 crashes saved, state: started :-), mode=explore, perf_score=150, weight=0, favorite=1, was_fuzzed=1, exec_us=109, hits=0, map=333, ascii=0, run_time=0:00:00:21)...[0m
[1;94m[*] [0mFuzzing test case #3 (295 total, 0 crashes saved, state: started :-), mode=explore, perf_score=25, weight=1, favorite=1, was_fuzzed=1, exec_us=81, hits=0, map=47, ascii=0, run_time=0:00:00:21)...[0m
[1;94m[*] [0mFuzzing test case #272 (295 total, 0 crashes saved, state: started :-), mode=explore, perf_score=200, weight=1, favorite=1, was_fuzzed=1, exec_us=85, hits=0, map=168, ascii=0, run_time=0:00:00:21)...[0m
[1;94m[*] [0mFuzzing test case #199 (295 total, 0 crashes saved, state: started :-), mode=explore, perf_score=25, weight=1, favorite=1, was_fuzzed=1, exec_us=95, hits=0, map=79, ascii=0, run_time=0:00:00:21)...[0m
[1;94m[*] [0mFuzzing test case #290 (295 total, 0 crashes saved, state: started :-), mode=explore, perf_score=100, weight=1, favorite=1, was_fuzzed=1, exec_us=83, hits=0, map=91, ascii=0, run_time=0:00:00:21)...[0m
[1;94m[*] [0mFuzzing test case #202 (295 total, 0 crashes saved, state: started :-), mode=explore, perf_score=150, weight=0, favorite=1, was_fuzzed=1, exec_us=114, hits=0, map=349, ascii=0, run_time=0:00:00:21)...[0m
[1;94m[*] [0mFuzzing test case #95 (295 total, 0 crashes saved, state: started :-), mode=explore, perf_score=25, weight=1, favorite=1, was_fuzzed=1, exec_us=84, hits=0, map=78, ascii=0, run_time=0:00:00:21)...[0m
[1;94m[*] [0mFuzzing test case #180 (295 total, 0 crashes saved, state: started :-), mode=explore, perf_score=25, weight=1, favorite=1, was_fuzzed=1, exec_us=77, hits=0, map=65, ascii=0, run_time=0:00:00:21)...[0m
[1;94m[*] [0mFuzzing test case #165 (295 total, 0 crashes saved, state: started :-), mode=explore, perf_score=50, weight=1, favorite=1, was_fuzzed=1, exec_us=79, hits=0, map=89, ascii=0, run_time=0:00:00:21)...[0m
[1;94m[*] [0mFuzzing test case #191 (295 total, 0 crashes saved, state: started :-), mode=explore, perf_score=75, weight=1, favorite=1, was_fuzzed=1, exec_us=88, hits=0, map=156, ascii=0, run_time=0:00:00:21)...[0m
[1;94m[*] [0mFuzzing test case #261 (295 total, 0 crashes saved, state: started :-), mode=explore, perf_score=200, weight=0, favorite=1, was_fuzzed=1, exec_us=104, hits=0, map=240, ascii=0, run_time=0:00:00:21)...[0m
[1;94m[*] [0mFuzzing test case #90 (295 total, 0 crashes saved, state: started :-), mode=explore, perf_score=100, weight=1, favorite=1, was_fuzzed=1, exec_us=102, hits=0, map=309, ascii=0, run_time=0:00:00:21)...[0m
[1;94m[*] [0mFuzzing test case #163 (295 total, 0 crashes saved, state: started :-), mode=explore, perf_score=25, weight=1, favorite=1, was_fuzzed=1, exec_us=80, hits=0, map=78, ascii=0, run_time=0:00:00:21)...[0m
[1;94m[*] [0mFuzzing test case #271 (295 total, 0 crashes saved, state: started :-), mode=explore, perf_score=200, weight=1, favorite=1, was_fuzzed=1, exec_us=90, hits=0, map=235, ascii=0, run_time=0:00:00:21)...[0m
[1;94m[*] [0mFuzzing test case #242 (295 total, 0 crashes saved, state: started :-), mode=explore, perf_score=100, weight=1, favorite=1, was_fuzzed=1, exec_us=102, hits=0, map=277, ascii=0, run_time=0:00:00:21)...[0m
[1;94m[*] [0mFuzzing test case #96 (295 total, 0 crashes saved, state: started :-), mode=explore, perf_score=50, weight=1, favorite=1, was_fuzzed=1, exec_us=82, hits=0, map=84, ascii=0, run_time=0:00:00:21)...[0m
[1;94m[*] [0mFuzzing test case #277 (295 total, 0 crashes saved, state: started :-), mode=explore, perf_score=200, weight=1, favorite=1, was_fuzzed=1, exec_us=84, hits=0, map=182, ascii=0, run_time=0:00:00:21)...[0m
[1;94m[*] [0mFuzzing test case #288 (295 total, 0 crashes saved, state: started :-), mode=explore, perf_score=100, weight=1, favorite=1, was_fuzzed=1, exec_us=82, hits=0, map=88, ascii=0, run_time=0:00:00:21)...[0m
[1;94m[*] [0mFuzzing test case #96 (295 total, 0 crashes saved, state: started :-), mode=explore, perf_score=50, weight=1, favorite=1, was_fuzzed=1, exec_us=82, hits=0, map=84, ascii=0, run_time=0:00:00:21)...[0m
[1;94m[*] [0mFuzzing test case #283 (295 total, 0 crashes saved, state: started :-), mode=explore, perf_score=50, weight=1, favorite=1, was_fuzzed=1, exec_us=81, hits=0, map=78, ascii=0, run_time=0:00:00:21)...[0m
[1;94m[*] [0mFuzzing test case #233 (295 total, 0 crashes saved, state: started :-), mode=explore, perf_score=100, weight=1, favorite=1, was_fuzzed=1, exec_us=102, hits=0, map=254, ascii=0, run_time=0:00:00:21)...[0m
[1;94m[*] [0mFuzzing test case #240 (295 total, 0 crashes saved, state: started :-), mode=explore, perf_score=100, weight=1, favorite=1, was_fuzzed=1, exec_us=130, hits=0, map=294, ascii=0, run_time=0:00:00:21)...[0m
[1;94m[*] [0mFuzzing test case #90 (295 total, 0 crashes saved, state: started :-), mode=explore, perf_score=100, weight=1, favorite=1, was_fuzzed=1, exec_us=102, hits=0, map=309, ascii=0, run_time=0:00:00:21)...[0m
[1;94m[*] [0mFuzzing test case #256 (295 total, 0 crashes saved, state: started :-), mode=explore, perf_score=200, weight=1, favorite=1, was_fuzzed=1, exec_us=90, hits=0, map=224, ascii=0, run_time=0:00:00:21)...[0m
[1;94m[*] [0mFuzzing test case #254 (295 total, 0 crashes saved, state: started :-), mode=explore, perf_score=200, weight=1, favorite=1, was_fuzzed=1, exec_us=95, hits=0, map=223, ascii=0, run_time=0:00:00:21)...[0m
[1;94m[*] [0mFuzzing test case #233 (295 total, 0 crashes saved, state: started :-), mode=explore, perf_score=100, weight=1, favorite=1, was_fuzzed=1, exec_us=102, hits=0, map=254, ascii=0, run_time=0:00:00:21)...[0m
[1;94m[*] [0mFuzzing test case #155 (295 total, 0 crashes saved, state: started :-), mode=explore, perf_score=100, weight=1, favorite=1, was_fuzzed=1, exec_us=102, hits=0, map=293, ascii=0, run_time=0:00:00:21)...[0m
[1;94m[*] [0mFuzzing test case #155 (295 total, 0 crashes saved, state: started :-), mode=explore, perf_score=100, weight=1, favorite=1, was_fuzzed=1, exec_us=102, hits=0, map=293, ascii=0, run_time=0:00:00:21)...[0m
[1;94m[*] [0mFuzzing test case #199 (295 total, 0 crashes saved, state: started :-), mode=explore, perf_score=25, weight=1, favorite=1, was_fuzzed=1, exec_us=95, hits=0, map=79, ascii=0, run_time=0:00:00:21)...[0m
[1;94m[*] [0mFuzzing test case #155 (295 total, 0 crashes saved, state: started :-), mode=explore, perf_score=100, weight=1, favorite=1, was_fuzzed=1, exec_us=102, hits=0, map=293, ascii=0, run_time=0:00:00:21)...[0m
[1;94m[*] [0mFuzzing test case #294 (295 total, 0 crashes saved, state: started :-), mode=explore, perf_score=100, weight=1, favorite=1, was_fuzzed=1, exec_us=81, hits=0, map=89, ascii=0, run_time=0:00:00:21)...[0m
[1;94m[*] [0mFuzzing test case #2 (295 total, 0 crashes saved, state: started :-), mode=explore, perf_score=25, weight=0, favorite=1, was_fuzzed=1, exec_us=90, hits=0, map=47, ascii=0, run_time=0:00:00:21)...[0m
[1;94m[*] [0mFuzzing test case #180 (295 total, 0 crashes saved, state: started :-), mode=explore, perf_score=25, weight=1, favorite=1, was_fuzzed=1, exec_us=77, hits=0, map=65, ascii=0, run_time=0:00:00:21)...[0m
[1;94m[*] [0mFuzzing test case #240 (295 total, 0 crashes saved, state: started :-), mode=explore, perf_score=100, weight=1, favorite=1, was_fuzzed=1, exec_us=130, hits=0, map=294, ascii=0, run_time=0:00:00:21)...[0m
[1;94m[*] [0mFuzzing test case #187 (295 total, 0 crashes saved, state: started :-), mode=explore, perf_score=25, weight=1, favorite=1, was_fuzzed=1, exec_us=79, hits=0, map=77, ascii=0, run_time=0:00:00:21)...[0m
[1;94m[*] [0mFuzzing test case #191 (295 total, 0 crashes saved, state: started :-), mode=explore, perf_score=75, weight=1, favorite=1, was_fuzzed=1, exec_us=88, hits=0, map=156, ascii=0, run_time=0:00:00:21)...[0m
[1;94m[*] [0mFuzzing test case #162 (295 total, 0 crashes saved, state: started :-), mode=explore, perf_score=25, weight=1, favorite=1, was_fuzzed=1, exec_us=77, hits=0, map=78, ascii=0, run_time=0:00:00:21)...[0m
[1;94m[*] [0mFuzzing test case #109 (295 total, 0 crashes saved, state: started :-), mode=explore, perf_score=100, weight=1, favorite=0, was_fuzzed=1, exec_us=135, hits=0, map=307, ascii=0, run_time=0:00:00:21)...[0m
[1;94m[*] [0mFuzzing test case #288 (295 total, 0 crashes saved, state: started :-), mode=explore, perf_score=100, weight=1, favorite=1, was_fuzzed=1, exec_us=82, hits=0, map=88, ascii=0, run_time=0:00:00:21)...[0m
[1;94m[*] [0mFuzzing test case #180 (295 total, 0 crashes saved, state: started :-), mode=explore, perf_score=25, weight=1, favorite=1, was_fuzzed=1, exec_us=77, hits=0, map=65, ascii=0, run_time=0:00:00:21)...[0m
[1;94m[*] [0mFuzzing test case #96 (295 total, 0 crashes saved, state: started :-), mode=explore, perf_score=50, weight=1, favorite=1, was_fuzzed=1, exec_us=82, hits=0, map=84, ascii=0, run_time=0:00:00:21)...[0m
[1;94m[*] [0mFuzzing test case #165 (295 total, 0 crashes saved, state: started :-), mode=explore, perf_score=50, weight=1, favorite=1, was_fuzzed=1, exec_us=79, hits=0, map=89, ascii=0, run_time=0:00:00:21)...[0m
[1;94m[*] [0mFuzzing test case #243 (295 total, 0 crashes saved, state: started :-), mode=explore, perf_score=100, weight=1, favorite=1, was_fuzzed=1, exec_us=100, hits=0, map=275, ascii=0, run_time=0:00:00:21)...[0m
[1;94m[*] [0mFuzzing test case #133 (295 total, 0 crashes saved, state: started :-), mode=explore, perf_score=100, weight=0, favorite=1, was_fuzzed=1, exec_us=104, hits=0, map=331, ascii=0, run_time=0:00:00:21)...[0m
[1;94m[*] [0mFuzzing test case #263 (295 total, 0 crashes saved, state: started :-), mode=explore, perf_score=200, weight=1, favorite=1, was_fuzzed=1, exec_us=102, hits=0, map=255, ascii=0, run_time=0:00:00:21)...[0m
[1;94m[*] [0mFuzzing test case #132 (295 total, 0 crashes saved, state: started :-), mode=explore, perf_score=150, weight=0, favorite=1, was_fuzzed=1, exec_us=104, hits=0, map=340, ascii=0, run_time=0:00:00:21)...[0m
[1;94m[*] [0mFuzzing test case #166 (295 total, 0 crashes saved, state: started :-), mode=explore, perf_score=150, weight=0, favorite=1, was_fuzzed=1, exec_us=106, hits=0, map=353, ascii=0, run_time=0:00:00:21)...[0m
[1;94m[*] [0mFuzzing test case #276 (295 total, 0 crashes saved, state: started :-), mode=explore, perf_score=50, weight=1, favorite=1, was_fuzzed=1, exec_us=79, hits=0, map=90, ascii=0, run_time=0:00:00:21)...[0m
[1;94m[*] [0mFuzzing test case #137 (295 total, 0 crashes saved, state: started :-), mode=explore, perf_score=100, weight=1, favorite=0, was_fuzzed=1, exec_us=96, hits=0, map=280, ascii=0, run_time=0:00:00:21)...[0m
[1;94m[*] [0mFuzzing test case #254 (295 total, 0 crashes saved, state: started :-), mode=explore, perf_score=200, weight=1, favorite=1, was_fuzzed=1, exec_us=95, hits=0, map=223, ascii=0, run_time=0:00:00:21)...[0m
[1;94m[*] [0mFuzzing test case #199 (295 total, 0 crashes saved, state: started :-), mode=explore, perf_score=25, weight=1, favorite=1, was_fuzzed=1, exec_us=95, hits=0, map=79, ascii=0, run_time=0:00:00:21)...[0m
[1;94m[*] [0mFuzzing test case #186 (295 total, 0 crashes saved, state: started :-), mode=explore, perf_score=25, weight=1, favorite=1, was_fuzzed=1, exec_us=78, hits=0, map=68, ascii=0, run_time=0:00:00:21)...[0m
[1;94m[*] [0mFuzzing test case #102 (295 total, 0 crashes saved, state: started :-), mode=explore, perf_score=100, weight=0, favorite=0, was_fuzzed=0, exec_us=106, hits=0, map=254, ascii=0, run_time=0:00:00:21)...[0m
[1;94m[*] [0mFuzzing test case #272 (295 total, 0 crashes saved, state: started :-), mode=explore, perf_score=200, weight=1, favorite=1, was_fuzzed=1, exec_us=85, hits=0, map=168, ascii=0, run_time=0:00:00:21)...[0m
[1;94m[*] [0mFuzzing test case #272 (295 total, 0 crashes saved, state: started :-), mode=explore, perf_score=200, weight=1, favorite=1, was_fuzzed=1, exec_us=85, hits=0, map=168, ascii=0, run_time=0:00:00:21)...[0m
[1;94m[*] [0mFuzzing test case #277 (295 total, 0 crashes saved, state: started :-), mode=explore, perf_score=200, weight=1, favorite=1, was_fuzzed=1, exec_us=84, hits=0, map=182, ascii=0, run_time=0:00:00:21)...[0m
[1;94m[*] [0mFuzzing test case #189 (295 total, 0 crashes saved, state: started :-), mode=explore, perf_score=75, weight=1, favorite=0, was_fuzzed=1, exec_us=96, hits=0, map=161, ascii=0, run_time=0:00:00:21)...[0m
[1;94m[*] [0mFuzzing test case #288 (295 total, 0 crashes saved, state: started :-), mode=explore, perf_score=100, weight=1, favorite=1, was_fuzzed=1, exec_us=82, hits=0, map=88, ascii=0, run_time=0:00:00:21)...[0m
[1;94m[*] [0mFuzzing test case #68 (295 total, 0 crashes saved, state: started :-), mode=explore, perf_score=100, weight=1, favorite=0, was_fuzzed=1, exec_us=98, hits=0, map=299, ascii=0, run_time=0:00:00:21)...[0m
[1;94m[*] [0mFuzzing test case #183 (295 total, 0 crashes saved, state: started :-), mode=explore, perf_score=100, weight=0, favorite=1, was_fuzzed=1, exec_us=109, hits=0, map=326, ascii=0, run_time=0:00:00:21)...[0m
[1;94m[*] [0mFuzzing test case #0 (295 total, 0 crashes saved, state: started :-), mode=explore, perf_score=25, weight=1, favorite=1, was_fuzzed=1, exec_us=95, hits=0, map=47, ascii=0, run_time=0:00:00:21)...[0m
[1;94m[*] [0mFuzzing test case #289 (295 total, 0 crashes saved, state: started :-), mode=explore, perf_score=50, weight=1, favorite=1, was_fuzzed=1, exec_us=86, hits=0, map=83, ascii=0, run_time=0:00:00:21)...[0m
[1;94m[*] [0mFuzzing test case #96 (295 total, 0 crashes saved, state: started :-), mode=explore, perf_score=50, weight=1, favorite=1, was_fuzzed=1, exec_us=82, hits=0, map=84, ascii=0, run_time=0:00:00:21)...[0m
[1;94m[*] [0mFuzzing test case #284 (295 total, 0 crashes saved, state: started :-), mode=explore, perf_score=200, weight=1, favorite=1, was_fuzzed=1, exec_us=91, hits=0, map=238, ascii=0, run_time=0:00:00:21)...[0m
[1;94m[*] [0mFuzzing test case #243 (295 total, 0 crashes saved, state: started :-), mode=explore, perf_score=100, weight=1, favorite=1, was_fuzzed=1, exec_us=100, hits=0, map=275, ascii=0, run_time=0:00:00:21)...[0m
[1;94m[*] [0mFuzzing test case #87 (295 total, 0 crashes saved, state: started :-), mode=explore, perf_score=150, weight=0, favorite=1, was_fuzzed=1, exec_us=106, hits=0, map=350, ascii=0, run_time=0:00:00:21)...[0m
[1;94m[*] [0mFuzzing test case #186 (295 total, 0 crashes saved, state: started :-), mode=explore, perf_score=25, weight=1, favorite=1, was_fuzzed=1, exec_us=78, hits=0, map=68, ascii=0, run_time=0:00:00:21)...[0m
[1;94m[*] [0mFuzzing test case #293 (295 total, 0 crashes saved, state: started :-), mode=explore, perf_score=25, weight=1, favorite=1, was_fuzzed=1, exec_us=87, hits=0, map=66, ascii=0, run_time=0:00:00:21)...[0m
[1;94m[*] [0mFuzzing test case #187 (295 total, 0 crashes saved, state: started :-), mode=explore, perf_score=25, weight=1, favorite=1, was_fuzzed=1, exec_us=79, hits=0, map=77, ascii=0, run_time=0:00:00:21)...[0m
[1;94m[*] [0mFuzzing test case #3 (295 total, 0 crashes saved, state: started :-), mode=explore, perf_score=25, weight=1, favorite=1, was_fuzzed=1, exec_us=81, hits=0, map=47, ascii=0, run_time=0:00:00:21)...[0m
[1;94m[*] [0mFuzzing test case #180 (295 total, 0 crashes saved, state: started :-), mode=explore, perf_score=25, weight=1, favorite=1, was_fuzzed=1, exec_us=77, hits=0, map=65, ascii=0, run_time=0:00:00:21)...[0m
[1;94m[*] [0mFuzzing test case #240 (295 total, 0 crashes saved, state: started :-), mode=explore, perf_score=100, weight=1, favorite=1, was_fuzzed=1, exec_us=130, hits=0, map=294, ascii=0, run_time=0:00:00:21)...[0m
[1;94m[*] [0mFuzzing test case #188 (295 total, 0 crashes saved, state: started :-), mode=explore, perf_score=50, weight=1, favorite=1, was_fuzzed=1, exec_us=82, hits=0, map=90, ascii=0, run_time=0:00:00:21)...[0m
[1;94m[*] [0mFuzzing test case #88 (295 total, 0 crashes saved, state: started :-), mode=explore, perf_score=150, weight=1, favorite=1, was_fuzzed=1, exec_us=102, hits=0, map=350, ascii=0, run_time=0:00:00:21)...[0m
[1;94m[*] [0mFuzzing test case #186 (295 total, 0 crashes saved, state: started :-), mode=explore, perf_score=25, weight=1, favorite=1, was_fuzzed=1, exec_us=78, hits=0, map=68, ascii=0, run_time=0:00:00:21)...[0m
[1;94m[*] [0mFuzzing test case #284 (295 total, 0 crashes saved, state: started :-), mode=explore, perf_score=200, weight=1, favorite=1, was_fuzzed=1, exec_us=91, hits=0, map=238, ascii=0, run_time=0:00:00:21)...[0m
[1;94m[*] [0mFuzzing test case #185 (295 total, 0 crashes saved, state: started :-), mode=explore, perf_score=50, weight=1, favorite=1, was_fuzzed=1, exec_us=78, hits=0, map=91, ascii=0, run_time=0:00:00:21)...[0m
[1;94m[*] [0mFuzzing test case #284 (295 total, 0 crashes saved, state: started :-), mode=explore, perf_score=200, weight=1, favorite=1, was_fuzzed=1, exec_us=91, hits=0, map=238, ascii=0, run_time=0:00:00:21)...[0m
[1;94m[*] [0mFuzzing test case #155 (295 total, 0 crashes saved, state: started :-), mode=explore, perf_score=100, weight=1, favorite=1, was_fuzzed=1, exec_us=102, hits=0, map=293, ascii=0, run_time=0:00:00:21)...[0m
[1;94m[*] [0mFuzzing test case #2 (295 total, 0 crashes saved, state: started :-), mode=explore, perf_score=25, weight=0, favorite=1, was_fuzzed=1, exec_us=90, hits=0, map=47, ascii=0, run_time=0:00:00:21)...[0m
[1;94m[*] [0mFuzzing test case #167 (295 total, 0 crashes saved, state: started :-), mode=explore, perf_score=100, weight=1, favorite=1, was_fuzzed=1, exec_us=87, hits=0, map=172, ascii=0, run_time=0:00:00:21)...[0m
[1;94m[*] [0mFuzzing test case #262 (295 total, 0 crashes saved, state: started :-), mode=explore, perf_score=200, weight=1, favorite=1, was_fuzzed=1, exec_us=99, hits=0, map=257, ascii=0, run_time=0:00:00:21)...[0m
[1;94m[*] [0mFuzzing test case #3 (295 total, 0 crashes saved, state: started :-), mode=explore, perf_score=25, weight=1, favorite=1, was_fuzzed=1, exec_us=81, hits=0, map=47, ascii=0, run_time=0:00:00:21)...[0m
[1;94m[*] [0mFuzzing test case #280 (295 total, 0 crashes saved, state: started :-), mode=explore, perf_score=200, weight=1, favorite=1, was_fuzzed=1, exec_us=102, hits=0, map=287, ascii=0, run_time=0:00:00:21)...[0m
[1;94m[*] [0mFuzzing test case #247 (295 total, 0 crashes saved, state: started :-), mode=explore, perf_score=100, weight=1, favorite=1, was_fuzzed=1, exec_us=98, hits=0, map=291, ascii=0, run_time=0:00:00:21)...[0m
[1;94m[*] [0mFuzzing test case #231 (295 total, 0 crashes saved, state: started :-), mode=explore, perf_score=100, weight=1, favorite=1, was_fuzzed=1, exec_us=94, hits=0, map=204, ascii=0, run_time=0:00:00:21)...[0m
[1;94m[*] [0mFuzzing test case #231 (295 total, 0 crashes saved, state: started :-), mode=explore, perf_score=100, weight=1, favorite=1, was_fuzzed=1, exec_us=94, hits=0, map=204, ascii=0, run_time=0:00:00:21)...[0m
[1;94m[*] [0mFuzzing test case #6 (295 total, 0 crashes saved, state: started :-), mode=explore, perf_score=25, weight=1, favorite=1, was_fuzzed=1, exec_us=102, hits=0, map=57, ascii=0, run_time=0:00:00:21)...[0m
[1;94m[*] [0mFuzzing test case #154 (295 total, 0 crashes saved, state: started :-), mode=explore, perf_score=25, weight=1, favorite=1, was_fuzzed=1, exec_us=79, hits=0, map=75, ascii=0, run_time=0:00:00:21)...[0m
[1;94m[*] [0mFuzzing test case #230 (295 total, 0 crashes saved, state: started :-), mode=explore, perf_score=100, weight=0, favorite=1, was_fuzzed=1, exec_us=107, hits=0, map=291, ascii=0, run_time=0:00:00:21)...[0m
[1;94m[*] [0mFuzzing test case #254 (295 total, 0 crashes saved, state: started :-), mode=explore, perf_score=200, weight=1, favorite=1, was_fuzzed=1, exec_us=95, hits=0, map=223, ascii=0, run_time=0:00:00:21)...[0m
[1;94m[*] [0mFuzzing test case #256 (295 total, 0 crashes saved, state: started :-), mode=explore, perf_score=200, weight=1, favorite=1, was_fuzzed=1, exec_us=90, hits=0, map=224, ascii=0, run_time=0:00:00:21)...[0m
[1;94m[*] [0mFuzzing test case #105 (295 total, 0 crashes saved, state: started :-), mode=explore, perf_score=100, weight=0, favorite=0, was_fuzzed=0, exec_us=105, hits=0, map=285, ascii=0, run_time=0:00:00:21)...[0m
[1;94m[*] [0mFuzzing test case #162 (295 total, 0 crashes saved, state: started :-), mode=explore, perf_score=25, weight=1, favorite=1, was_fuzzed=1, exec_us=77, hits=0, map=78, ascii=0, run_time=0:00:00:22)...[0m
[1;94m[*] [0mFuzzing test case #240 (295 total, 0 crashes saved, state: started :-), mode=explore, perf_score=100, weight=1, favorite=1, was_fuzzed=1, exec_us=130, hits=0, map=294, ascii=0, run_time=0:00:00:22)...[0m
[1;94m[*] [0mFuzzing test case #195 (295 total, 0 crashes saved, state: started :-), mode=explore, perf_score=25, weight=1, favorite=1, was_fuzzed=1, exec_us=79, hits=0, map=78, ascii=0, run_time=0:00:00:22)...[0m
[1;94m[*] [0mFuzzing test case #280 (295 total, 0 crashes saved, state: started :-), mode=explore, perf_score=200, weight=1, favorite=1, was_fuzzed=1, exec_us=102, hits=0, map=287, ascii=0, run_time=0:00:00:22)...[0m
[1;94m[*] [0mFuzzing test case #267 (295 total, 0 crashes saved, state: started :-), mode=explore, perf_score=200, weight=1, favorite=1, was_fuzzed=1, exec_us=101, hits=0, map=203, ascii=0, run_time=0:00:00:22)...[0m
[1;94m[*] [0mFuzzing test case #180 (295 total, 0 crashes saved, state: started :-), mode=explore, perf_score=25, weight=1, favorite=1, was_fuzzed=1, exec_us=77, hits=0, map=65, ascii=0, run_time=0:00:00:22)...[0m
[1;94m[*] [0mFuzzing test case #163 (295 total, 0 crashes saved, state: started :-), mode=explore, perf_score=25, weight=1, favorite=1, was_fuzzed=1, exec_us=80, hits=0, map=78, ascii=0, run_time=0:00:00:22)...[0m
[1;94m[*] [0mFuzzing test case #185 (295 total, 0 crashes saved, state: started :-), mode=explore, perf_score=50, weight=1, favorite=1, was_fuzzed=1, exec_us=78, hits=0, map=91, ascii=0, run_time=0:00:00:22)...[0m
[1;94m[*] [0mFuzzing test case #237 (295 total, 0 crashes saved, state: started :-), mode=explore, perf_score=150, weight=0, favorite=1, was_fuzzed=1, exec_us=109, hits=0, map=333, ascii=0, run_time=0:00:00:22)...[0m
[1;94m[*] [0mFuzzing test case #95 (295 total, 0 crashes saved, state: started :-), mode=explore, perf_score=25, weight=1, favorite=1, was_fuzzed=1, exec_us=84, hits=0, map=78, ascii=0, run_time=0:00:00:22)...[0m
[1;94m[*] [0mFuzzing test case #126 (295 total, 0 crashes saved, state: started :-), mode=explore, perf_score=100, weight=1, favorite=0, was_fuzzed=1, exec_us=102, hits=0, map=296, ascii=0, run_time=0:00:00:22)...[0m
[1;94m[*] [0mFuzzing test case #194 (295 total, 0 crashes saved, state: started :-), mode=explore, perf_score=100, weight=1, favorite=1, was_fuzzed=1, exec_us=91, hits=0, map=193, ascii=0, run_time=0:00:00:22)...[0m
[1;94m[*] [0mFuzzing test case #41 (295 total, 0 crashes saved, state: started :-), mode=explore, perf_score=100, weight=1, favorite=0, was_fuzzed=1, exec_us=102, hits=0, map=287, ascii=0, run_time=0:00:00:22)...[0m
[1;94m[*] [0mFuzzing test case #74 (295 total, 0 crashes saved, state: started :-), mode=explore, perf_score=100, weight=0, favorite=0, was_fuzzed=0, exec_us=104, hits=0, map=297, ascii=0, run_time=0:00:00:22)...[0m
[1;94m[*] [0mFuzzing test case #231 (295 total, 0 crashes saved, state: started :-), mode=explore, perf_score=100, weight=1, favorite=1, was_fuzzed=1, exec_us=94, hits=0, map=204, ascii=0, run_time=0:00:00:22)...[0m
[1;94m[*] [0mFuzzing test case #146 (295 total, 0 crashes saved, state: started :-), mode=explore, perf_score=100, weight=0, favorite=1, was_fuzzed=1, exec_us=105, hits=0, map=285, ascii=0, run_time=0:00:00:22)...[0m
[1;94m[*] [0mFuzzing test case #140 (295 total, 0 crashes saved, state: started :-), mode=explore, perf_score=100, weight=0, favorite=0, was_fuzzed=0, exec_us=103, hits=0, map=294, ascii=0, run_time=0:00:00:22)...[0m
[1;94m[*] [0mFuzzing test case #191 (295 total, 0 crashes saved, state: started :-), mode=explore, perf_score=75, weight=1, favorite=1, was_fuzzed=1, exec_us=88, hits=0, map=156, ascii=0, run_time=0:00:00:22)...[0m
[1;94m[*] [0mFuzzing test case #267 (295 total, 0 crashes saved, state: started :-), mode=explore, perf_score=200, weight=1, favorite=1, was_fuzzed=1, exec_us=101, hits=0, map=203, ascii=0, run_time=0:00:00:22)...[0m
[1;94m[*] [0mFuzzing test case #87 (295 total, 0 crashes saved, state: started :-), mode=explore, perf_score=150, weight=0, favorite=1, was_fuzzed=1, exec_us=106, hits=0, map=350, ascii=0, run_time=0:00:00:22)...[0m
[1;94m[*] [0mFuzzing test case #167 (295 total, 0 crashes saved, state: started :-), mode=explore, perf_score=100, weight=1, favorite=1, was_fuzzed=1, exec_us=87, hits=0, map=172, ascii=0, run_time=0:00:00:22)...[0m
[1;94m[*] [0mFuzzing test case #8 (295 total, 0 crashes saved, state: started :-), mode=explore, perf_score=25, weight=1, favorite=1, was_fuzzed=1, exec_us=81, hits=0, map=78, ascii=0, run_time=0:00:00:22)...[0m
[1;94m[*] [0mFuzzing test case #208 (295 total, 0 crashes saved, state: started :-), mode=explore, perf_score=100, weight=1, favorite=0, was_fuzzed=1, exec_us=99, hits=0, map=297, ascii=0, run_time=0:00:00:22)...[0m
[1;94m[*] [0mFuzzing test case #85 (295 total, 0 crashes saved, state: started :-), mode=explore, perf_score=150, weight=0, favorite=1, was_fuzzed=1, exec_us=103, hits=0, map=333, ascii=0, run_time=0:00:00:22)...[0m
[1;94m[*] [0mFuzzing test case #185 (295 total, 0 crashes saved, state: started :-), mode=explore, perf_score=50, weight=1, favorite=1, was_fuzzed=1, exec_us=78, hits=0, map=91, ascii=0, run_time=0:00:00:22)...[0m
[1;94m[*] [0mFuzzing test case #167 (295 total, 0 crashes saved, state: started :-), mode=explore, perf_score=100, weight=1, favorite=1, was_fuzzed=1, exec_us=87, hits=0, map=172, ascii=0, run_time=0:00:00:22)...[0m
[1;94m[*] [0mFuzzing test case #242 (295 total, 0 crashes saved, state: started :-), mode=explore, perf_score=100, weight=1, favorite=1, was_fuzzed=1, exec_us=102, hits=0, map=277, ascii=0, run_time=0:00:00:22)...[0m
[1;94m[*] [0mFuzzing test case #194 (295 total, 0 crashes saved, state: started :-), mode=explore, perf_score=100, weight=1, favorite=1, was_fuzzed=1, exec_us=91, hits=0, map=193, ascii=0, run_time=0:00:00:22)...[0m
[1;94m[*] [0mFuzzing test case #272 (295 total, 0 crashes saved, state: started :-), mode=explore, perf_score=200, weight=1, favorite=1, was_fuzzed=1, exec_us=85, hits=0, map=168, ascii=0, run_time=0:00:00:22)...[0m
[1;94m[*] [0mFuzzing test case #162 (295 total, 0 crashes saved, state: started :-), mode=explore, perf_score=25, weight=1, favorite=1, was_fuzzed=1, exec_us=77, hits=0, map=78, ascii=0, run_time=0:00:00:22)...[0m
[1;94m[*] [0mFuzzing test case #199 (295 total, 0 crashes saved, state: started :-), mode=explore, perf_score=25, weight=1, favorite=1, was_fuzzed=1, exec_us=95, hits=0, map=79, ascii=0, run_time=0:00:00:22)...[0m
[1;94m[*] [0mFuzzing test case #168 (295 total, 0 crashes saved, state: started :-), mode=explore, perf_score=100, weight=1, favorite=1, was_fuzzed=1, exec_us=101, hits=0, map=302, ascii=0, run_time=0:00:00:22)...[0m
[1;94m[*] [0mFuzzing test case #8 (295 total, 0 crashes saved, state: started :-), mode=explore, perf_score=25, weight=1, favorite=1, was_fuzzed=1, exec_us=81, hits=0, map=78, ascii=0, run_time=0:00:00:22)...[0m
[1;94m[*] [0mFuzzing test case #185 (295 total, 0 crashes saved, state: started :-), mode=explore, perf_score=50, weight=1, favorite=1, was_fuzzed=1, exec_us=78, hits=0, map=91, ascii=0, run_time=0:00:00:22)...[0m
[1;94m[*] [0mFuzzing test case #0 (295 total, 0 crashes saved, state: started :-), mode=explore, perf_score=25, weight=1, favorite=1, was_fuzzed=1, exec_us=95, hits=0, map=47, ascii=0, run_time=0:00:00:22)...[0m
[1;94m[*] [0mFuzzing test case #254 (295 total, 0 crashes saved, state: started :-), mode=explore, perf_score=200, weight=1, favorite=1, was_fuzzed=1, exec_us=95, hits=0, map=223, ascii=0, run_time=0:00:00:22)...[0m
[1;94m[*] [0mFuzzing test case #10 (295 total, 0 crashes saved, state: started :-), mode=explore, perf_score=25, weight=1, favorite=1, was_fuzzed=1, exec_us=78, hits=0, map=79, ascii=0, run_time=0:00:00:22)...[0m
[1;94m[*] [0mFuzzing test case #91 (295 total, 0 crashes saved, state: started :-), mode=explore, perf_score=100, weight=0, favorite=1, was_fuzzed=1, exec_us=112, hits=0, map=304, ascii=0, run_time=0:00:00:22)...[0m
[1;94m[*] [0mFuzzing test case #195 (295 total, 0 crashes saved, state: started :-), mode=explore, perf_score=25, weight=1, favorite=1, was_fuzzed=1, exec_us=79, hits=0, map=78, ascii=0, run_time=0:00:00:22)...[0m
[1;94m[*] [0mFuzzing test case #168 (295 total, 0 crashes saved, state: started :-), mode=explore, perf_score=100, weight=1, favorite=1, was_fuzzed=1, exec_us=101, hits=0, map=302, ascii=0, run_time=0:00:00:22)...[0m
[1;94m[*] [0mFuzzing test case #276 (295 total, 0 crashes saved, state: started :-), mode=explore, perf_score=50, weight=1, favorite=1, was_fuzzed=1, exec_us=79, hits=0, map=90, ascii=0, run_time=0:00:00:22)...[0m
[1;94m[*] [0mFuzzing test case #289 (295 total, 0 crashes saved, state: started :-), mode=explore, perf_score=50, weight=1, favorite=1, was_fuzzed=1, exec_us=86, hits=0, map=83, ascii=0, run_time=0:00:00:22)...[0m
[1;94m[*] [0mFuzzing test case #267 (295 total, 0 crashes saved, state: started :-), mode=explore, perf_score=200, weight=1, favorite=1, was_fuzzed=1, exec_us=101, hits=0, map=203, ascii=0, run_time=0:00:00:22)...[0m
[1;94m[*] [0mFuzzing test case #290 (295 total, 0 crashes saved, state: started :-), mode=explore, perf_score=100, weight=1, favorite=1, was_fuzzed=1, exec_us=83, hits=0, map=91, ascii=0, run_time=0:00:00:22)...[0m
[1;94m[*] [0mFuzzing test case #262 (295 total, 0 crashes saved, state: started :-), mode=explore, perf_score=200, weight=1, favorite=1, was_fuzzed=1, exec_us=99, hits=0, map=257, ascii=0, run_time=0:00:00:22)...[0m
[1;94m[*] [0mFuzzing test case #8 (295 total, 0 crashes saved, state: started :-), mode=explore, perf_score=25, weight=1, favorite=1, was_fuzzed=1, exec_us=81, hits=0, map=78, ascii=0, run_time=0:00:00:22)...[0m
[1;94m[*] [0mFuzzing test case #188 (295 total, 0 crashes saved, state: started :-), mode=explore, perf_score=50, weight=1, favorite=1, was_fuzzed=1, exec_us=82, hits=0, map=90, ascii=0, run_time=0:00:00:22)...[0m
[1;94m[*] [0mFuzzing test case #6 (295 total, 0 crashes saved, state: started :-), mode=explore, perf_score=25, weight=1, favorite=1, was_fuzzed=1, exec_us=102, hits=0, map=57, ascii=0, run_time=0:00:00:22)...[0m
[1;94m[*] [0mFuzzing test case #263 (295 total, 0 crashes saved, state: started :-), mode=explore, perf_score=200, weight=1, favorite=1, was_fuzzed=1, exec_us=102, hits=0, map=255, ascii=0, run_time=0:00:00:22)...[0m
[1;94m[*] [0mFuzzing test case #242 (295 total, 0 crashes saved, state: started :-), mode=explore, perf_score=100, weight=1, favorite=1, was_fuzzed=1, exec_us=102, hits=0, map=277, ascii=0, run_time=0:00:00:22)...[0m
[1;94m[*] [0mFuzzing test case #95 (295 total, 0 crashes saved, state: started :-), mode=explore, perf_score=25, weight=1, favorite=1, was_fuzzed=1, exec_us=84, hits=0, map=78, ascii=0, run_time=0:00:00:22)...[0m
[1;94m[*] [0mFuzzing test case #238 (295 total, 0 crashes saved, state: started :-), mode=explore, perf_score=150, weight=0, favorite=1, was_fuzzed=1, exec_us=108, hits=0, map=337, ascii=0, run_time=0:00:00:22)...[0m
[1;94m[*] [0mFuzzing test case #289 (295 total, 0 crashes saved, state: started :-), mode=explore, perf_score=50, weight=1, favorite=1, was_fuzzed=1, exec_us=86, hits=0, map=83, ascii=0, run_time=0:00:00:22)...[0m
[1;94m[*] [0mFuzzing test case #185 (295 total, 0 crashes saved, state: started :-), mode=explore, perf_score=50, weight=1, favorite=1, was_fuzzed=1, exec_us=78, hits=0, map=91, ascii=0, run_time=0:00:00:22)...[0m
[1;94m[*] [0mFuzzing test case #292 (295 total, 0 crashes saved, state: started :-), mode=explore, perf_score=150, weight=1, favorite=1, was_fuzzed=1, exec_us=83, hits=0, map=158, ascii=0, run_time=0:00:00:22)...[0m
[1;94m[*] [0mFuzzing test case #262 (295 total, 0 crashes saved, state: started :-), mode=explore, perf_score=200, weight=1, favorite=1, was_fuzzed=1, exec_us=99, hits=0, map=257, ascii=0, run_time=0:00:00:22)...[0m
[1;94m[*] [0mFuzzing test case #8 (295 total, 0 crashes saved, state: started :-), mode=explore, perf_score=25, weight=1, favorite=1, was_fuzzed=1, exec_us=81, hits=0, map=78, ascii=0, run_time=0:00:00:22)...[0m
[1;94m[*] [0mFuzzing test case #237 (295 total, 0 crashes saved, state: started :-), mode=explore, perf_score=150, weight=0, favorite=1, was_fuzzed=1, exec_us=109, hits=0, map=333, ascii=0, run_time=0:00:00:22)...[0m
[1;94m[*] [0mFuzzing test case #229 (295 total, 0 crashes saved, state: started :-), mode=explore, perf_score=100, weight=0, favorite=1, was_fuzzed=1, exec_us=108, hits=0, map=297, ascii=0, run_time=0:00:00:22)...[0m
[1;94m[*] [0mFuzzing test case #3 (295 total, 0 crashes saved, state: started :-), mode=explore, perf_score=25, weight=1, favorite=1, was_fuzzed=1, exec_us=81, hits=0, map=47, ascii=0, run_time=0:00:00:22)...[0m
[1;94m[*] [0mEntering queue cycle 6
[0m
[1;94m[*] [0mFuzzing test case #272 (295 total, 0 crashes saved, state: started :-), mode=explore, perf_score=200, weight=1, favorite=1, was_fuzzed=1, exec_us=85, hits=0, map=168, ascii=0, run_time=0:00:00:22)...[0m
[1;94m[*] [0mFuzzing test case #155 (295 total, 0 crashes saved, state: started :-), mode=explore, perf_score=100, weight=1, favorite=1, was_fuzzed=1, exec_us=102, hits=0, map=293, ascii=0, run_time=0:00:00:22)...[0m
[1;94m[*] [0mFuzzing test case #254 (295 total, 0 crashes saved, state: started :-), mode=explore, perf_score=200, weight=1, favorite=1, was_fuzzed=1, exec_us=95, hits=0, map=223, ascii=0, run_time=0:00:00:22)...[0m
[1;94m[*] [0mFuzzing test case #263 (295 total, 0 crashes saved, state: started :-), mode=explore, perf_score=200, weight=1, favorite=1, was_fuzzed=1, exec_us=102, hits=0, map=255, ascii=0, run_time=0:00:00:22)...[0m
[1;94m[*] [0mFuzzing test case #3 (295 total, 0 crashes saved, state: started :-), mode=explore, perf_score=25, weight=1, favorite=1, was_fuzzed=1, exec_us=81, hits=0, map=47, ascii=0, run_time=0:00:00:22)...[0m
[1;94m[*] [0mFuzzing test case #22 (295 total, 0 crashes saved, state: started :-), mode=explore, perf_score=100, weight=1, favorite=0, was_fuzzed=1, exec_us=99, hits=0, map=281, ascii=0, run_time=0:00:00:22)...[0m
[1;94m[*] [0mFuzzing test case #81 (295 total, 0 crashes saved, state: started :-), mode=explore, perf_score=100, weight=0, favorite=1, was_fuzzed=1, exec_us=108, hits=0, map=328, ascii=0, run_time=0:00:00:22)...[0m
[1;94m[*] [0mFuzzing test case #292 (295 total, 0 crashes saved, state: started :-), mode=explore, perf_score=150, weight=1, favorite=1, was_fuzzed=1, exec_us=83, hits=0, map=158, ascii=0, run_time=0:00:00:22)...[0m
[1;94m[*] [0mFuzzing test case #187 (295 total, 0 crashes saved, state: started :-), mode=explore, perf_score=25, weight=1, favorite=1, was_fuzzed=1, exec_us=79, hits=0, map=77, ascii=0, run_time=0:00:00:22)...[0m
[1;94m[*] [0mFuzzing test case #188 (295 total, 0 crashes saved, state: started :-), mode=explore, perf_score=50, weight=1, favorite=1, was_fuzzed=1, exec_us=82, hits=0, map=90, ascii=0, run_time=0:00:00:22)...[0m
[1;94m[*] [0mFuzzing test case #284 (295 total, 0 crashes saved, state: started :-), mode=explore, perf_score=200, weight=1, favorite=1, was_fuzzed=1, exec_us=91, hits=0, map=238, ascii=0, run_time=0:00:00:22)...[0m
[1;94m[*] [0mFuzzing test case #25 (295 total, 0 crashes saved, state: started :-), mode=explore, perf_score=100, weight=1, favorite=0, was_fuzzed=1, exec_us=102, hits=0, map=273, ascii=0, run_time=0:00:00:22)...[0m
[1;94m[*] [0mFuzzing test case #201 (295 total, 0 crashes saved, state: started :-), mode=explore, perf_score=100, weight=1, favorite=0, was_fuzzed=1, exec_us=102, hits=0, map=307, ascii=0, run_time=0:00:00:22)...[0m
[1;94m[*] [0mFuzzing test case #167 (295 total, 0 crashes saved, state: started :-), mode=explore, perf_score=100, weight=1, favorite=1, was_fuzzed=1, exec_us=87, hits=0, map=172, ascii=0, run_time=0:00:00:22)...[0m
[1;94m[*] [0mFuzzing test case #160 (295 total, 0 crashes saved, state: started :-), mode=explore, perf_score=25, weight=1, favorite=1, was_fuzzed=1, exec_us=75, hits=0, map=78, ascii=0, run_time=0:00:00:22)...[0m
[1;94m[*] [0mFuzzing test case #180 (295 total, 0 crashes saved, state: started :-), mode=explore, perf_score=25, weight=1, favorite=1, was_fuzzed=1, exec_us=77, hits=0, map=65, ascii=0, run_time=0:00:00:22)...[0m
[1;94m[*] [0mFuzzing test case #254 (295 total, 0 crashes saved, state: started :-), mode=explore, perf_score=200, weight=1, favorite=1, was_fuzzed=1, exec_us=95, hits=0, map=223, ascii=0, run_time=0:00:00:22)...[0m
[1;94m[*] [0mFuzzing test case #165 (295 total, 0 crashes saved, state: started :-), mode=explore, perf_score=50, weight=1, favorite=1, was_fuzzed=1, exec_us=79, hits=0, map=89, ascii=0, run_time=0:00:00:22)...[0m
[1;94m[*] [0mFuzzing test case #194 (295 total, 0 crashes saved, state: started :-), mode=explore, perf_score=100, weight=1, favorite=1, was_fuzzed=1, exec_us=91, hits=0, map=193, ascii=0, run_time=0:00:00:22)...[0m
[1;94m[*] [0mFuzzing test case #255 (295 total, 0 crashes saved, state: started :-), mode=explore, perf_score=200, weight=1, favorite=0, was_fuzzed=1, exec_us=94, hits=0, map=226, ascii=0, run_time=0:00:00:22)...[0m
[1;94m[*] [0mFuzzing test case #168 (295 total, 0 crashes saved, state: started :-), mode=explore, perf_score=100, weight=1, favorite=1, was_fuzzed=1, exec_us=101, hits=0, map=302, ascii=0, run_time=0:00:00:22)...[0m
[1;94m[*] [0mFuzzing test case #272 (295 total, 0 crashes saved, state: started :-), mode=explore, perf_score=200, weight=1, favorite=1, was_fuzzed=1, exec_us=85, hits=0, map=168, ascii=0, run_time=0:00:00:22)...[0m
[1;94m[*] [0mFuzzing test case #222 (295 total, 0 crashes saved, state: started :-), mode=explore, perf_score=100, weight=0, favorite=0, was_fuzzed=0, exec_us=111, hits=0, map=318, ascii=0, run_time=0:00:00:22)...[0m
[1;94m[*] [0mFuzzing test case #190 (301 total, 0 crashes saved, state: started :-), mode=explore, perf_score=100, weight=1, favorite=1, was_fuzzed=1, exec_us=86, hits=0, map=171, ascii=0, run_time=0:00:00:23)...[0m
[1;94m[*] [0mFuzzing test case #243 (301 total, 0 crashes saved, state: started :-), mode=explore, perf_score=100, weight=1, favorite=1, was_fuzzed=1, exec_us=100, hits=0, map=275, ascii=0, run_time=0:00:00:23)...[0m
[1;94m[*] [0mFuzzing test case #190 (301 total, 0 crashes saved, state: started :-), mode=explore, perf_score=100, weight=1, favorite=1, was_fuzzed=1, exec_us=86, hits=0, map=171, ascii=0, run_time=0:00:00:23)...[0m
[1;94m[*] [0mFuzzing test case #293 (301 total, 0 crashes saved, state: started :-), mode=explore, perf_score=25, weight=1, favorite=1, was_fuzzed=1, exec_us=87, hits=0, map=66, ascii=0, run_time=0:00:00:23)...[0m
[1;94m[*] [0mFuzzing test case #300 (301 total, 0 crashes saved, state: started :-), mode=explore, perf_score=400, weight=2, favorite=0, was_fuzzed=0, exec_us=134, hits=0, map=312, ascii=0, run_time=0:00:00:23)...[0m
[1;94m[*] [0mFuzzing test case #305 (308 total, 0 crashes saved, state: started :-), mode=explore, perf_score=100, weight=1, favorite=1, was_fuzzed=0, exec_us=96, hits=0, map=156, ascii=0, run_time=0:00:00:24)...[0m
[1;94m[*] [0mFuzzing test case #6 (308 total, 0 crashes saved, state: started :-), mode=explore, perf_score=25, weight=1, favorite=1, was_fuzzed=1, exec_us=102, hits=0, map=57, ascii=0, run_time=0:00:00:24)...[0m
[1;94m[*] [0mFuzzing test case #254 (308 total, 0 crashes saved, state: started :-), mode=explore, perf_score=200, weight=1, favorite=1, was_fuzzed=1, exec_us=95, hits=0, map=223, ascii=0, run_time=0:00:00:24)...[0m
[1;94m[*] [0mFuzzing test case #0 (308 total, 0 crashes saved, state: started :-), mode=explore, perf_score=25, weight=1, favorite=1, was_fuzzed=1, exec_us=95, hits=0, map=47, ascii=0, run_time=0:00:00:24)...[0m
[1;94m[*] [0mFuzzing test case #296 (308 total, 0 crashes saved, state: started :-), mode=explore, perf_score=200, weight=1, favorite=0, was_fuzzed=0, exec_us=128, hits=0, map=311, ascii=0, run_time=0:00:00:24)...[0m
[1;94m[*] [0mFuzzing test case #165 (308 total, 0 crashes saved, state: started :-), mode=explore, perf_score=50, weight=1, favorite=1, was_fuzzed=1, exec_us=79, hits=0, map=89, ascii=0, run_time=0:00:00:24)...[0m
[1;94m[*] [0mFuzzing test case #271 (308 total, 0 crashes saved, state: started :-), mode=explore, perf_score=200, weight=1, favorite=1, was_fuzzed=1, exec_us=90, hits=0, map=235, ascii=0, run_time=0:00:00:24)...[0m
[1;94m[*] [0mFuzzing test case #88 (308 total, 0 crashes saved, state: started :-), mode=explore, perf_score=150, weight=1, favorite=1, was_fuzzed=1, exec_us=102, hits=0, map=350, ascii=0, run_time=0:00:00:24)...[0m
[1;94m[*] [0mFuzzing test case #4 (308 total, 0 crashes saved, state: started :-), mode=explore, perf_score=25, weight=1, favorite=1, was_fuzzed=1, exec_us=79, hits=0, map=47, ascii=0, run_time=0:00:00:24)...[0m
[1;94m[*] [0mFuzzing test case #267 (308 total, 0 crashes saved, state: started :-), mode=explore, perf_score=200, weight=1, favorite=1, was_fuzzed=1, exec_us=101, hits=0, map=203, ascii=0, run_time=0:00:00:24)...[0m
[1;94m[*] [0mFuzzing test case #168 (308 total, 0 crashes saved, state: started :-), mode=explore, perf_score=100, weight=1, favorite=1, was_fuzzed=1, exec_us=101, hits=0, map=302, ascii=0, run_time=0:00:00:24)...[0m
[1;94m[*] [0mFuzzing test case #63 (308 total, 0 crashes saved, state: started :-), mode=explore, perf_score=100, weight=0, favorite=0, was_fuzzed=0, exec_us=105, hits=0, map=301, ascii=0, run_time=0:00:00:24)...[0m
[1;94m[*] [0mFuzzing test case #293 (308 total, 0 crashes saved, state: started :-), mode=explore, perf_score=25, weight=1, favorite=1, was_fuzzed=1, exec_us=87, hits=0, map=66, ascii=0, run_time=0:00:00:24)...[0m
[1;94m[*] [0mFuzzing test case #90 (308 total, 0 crashes saved, state: started :-), mode=explore, perf_score=100, weight=1, favorite=1, was_fuzzed=1, exec_us=102, hits=0, map=309, ascii=0, run_time=0:00:00:24)...[0m
[1;94m[*] [0mFuzzing test case #180 (308 total, 0 crashes saved, state: started :-), mode=explore, perf_score=25, weight=1, favorite=1, was_fuzzed=1, exec_us=77, hits=0, map=65, ascii=0, run_time=0:00:00:24)...[0m
[1;94m[*] [0mFuzzing test case #195 (308 total, 0 crashes saved, state: started :-), mode=explore, perf_score=25, weight=1, favorite=1, was_fuzzed=1, exec_us=79, hits=0, map=78, ascii=0, run_time=0:00:00:24)...[0m
[1;94m[*] [0mFuzzing test case #8 (308 total, 0 crashes saved, state: started :-), mode=explore, perf_score=25, weight=1, favorite=1, was_fuzzed=1, exec_us=81, hits=0, map=78, ascii=0, run_time=0:00:00:24)...[0m
[1;94m[*] [0mFuzzing test case #161 (308 total, 0 crashes saved, state: started :-), mode=explore, perf_score=25, weight=1, favorite=1, was_fuzzed=1, exec_us=76, hits=0, map=78, ascii=0, run_time=0:00:00:24)...[0m
[1;94m[*] [0mFuzzing test case #186 (308 total, 0 crashes saved, state: started :-), mode=explore, perf_score=25, weight=1, favorite=1, was_fuzzed=1, exec_us=78, hits=0, map=68, ascii=0, run_time=0:00:00:24)...[0m
[1;94m[*] [0mFuzzing test case #162 (308 total, 0 crashes saved, state: started :-), mode=explore, perf_score=25, weight=1, favorite=1, was_fuzzed=1, exec_us=77, hits=0, map=78, ascii=0, run_time=0:00:00:24)...[0m
[1;94m[*] [0mFuzzing test case #167 (308 total, 0 crashes saved, state: started :-), mode=explore, perf_score=100, weight=1, favorite=1, was_fuzzed=1, exec_us=87, hits=0, map=172, ascii=0, run_time=0:00:00:24)...[0m
[1;94m[*] [0mFuzzing test case #199 (308 total, 0 crashes saved, state: started :-), mode=explore, perf_score=25, weight=1, favorite=1, was_fuzzed=1, exec_us=95, hits=0, map=79, ascii=0, run_time=0:00:00:24)...[0m
[1;94m[*] [0mFuzzing test case #242 (308 total, 0 crashes saved, state: started :-), mode=explore, perf_score=100, weight=1, favorite=1, was_fuzzed=1, exec_us=102, hits=0, map=277, ascii=0, run_time=0:00:00:24)...[0m
[1;94m[*] [0mFuzzing test case #188 (308 total, 0 crashes saved, state: started :-), mode=explore, perf_score=50, weight=1, favorite=1, was_fuzzed=1, exec_us=82, hits=0, map=90, ascii=0, run_time=0:00:00:24)...[0m
[1;94m[*] [0mFuzzing test case #0 (308 total, 0 crashes saved, state: started :-), mode=explore, perf_score=25, weight=1, favorite=1, was_fuzzed=1, exec_us=95, hits=0, map=47, ascii=0, run_time=0:00:00:24)...[0m
[1;94m[*] [0mFuzzing test case #276 (308 total, 0 crashes saved, state: started :-), mode=explore, perf_score=50, weight=1, favorite=1, was_fuzzed=1, exec_us=79, hits=0, map=90, ascii=0, run_time=0:00:00:24)...[0m
[1;94m[*] [0mFuzzing test case #288 (308 total, 0 crashes saved, state: started :-), mode=explore, perf_score=100, weight=1, favorite=1, was_fuzzed=1, exec_us=82, hits=0, map=88, ascii=0, run_time=0:00:00:24)...[0m
[1;94m[*] [0mFuzzing test case #199 (308 total, 0 crashes saved, state: started :-), mode=explore, perf_score=25, weight=1, favorite=1, was_fuzzed=1, exec_us=95, hits=0, map=79, ascii=0, run_time=0:00:00:24)...[0m
[1;94m[*] [0mFuzzing test case #188 (308 total, 0 crashes saved, state: started :-), mode=explore, perf_score=50, weight=1, favorite=1, was_fuzzed=1, exec_us=82, hits=0, map=90, ascii=0, run_time=0:00:00:24)...[0m
[1;94m[*] [0mFuzzing test case #308 (309 total, 0 crashes saved, state: started :-), mode=explore, perf_score=100, weight=1, favorite=1, was_fuzzed=0, exec_us=86, hits=0, map=90, ascii=0, run_time=0:00:00:24)...[0m
[1;94m[*] [0mFuzzing test case #8 (309 total, 0 crashes saved, state: started :-), mode=explore, perf_score=25, weight=1, favorite=1, was_fuzzed=1, exec_us=81, hits=0, map=78, ascii=0, run_time=0:00:00:24)...[0m
[1;94m[*] [0mFuzzing test case #274 (309 total, 0 crashes saved, state: started :-), mode=explore, perf_score=200, weight=0, favorite=0, was_fuzzed=0, exec_us=111, hits=0, map=311, ascii=0, run_time=0:00:00:24)...[0m
[1;94m[*] [0mFuzzing test case #284 (309 total, 0 crashes saved, state: started :-), mode=explore, perf_score=200, weight=1, favorite=1, was_fuzzed=1, exec_us=91, hits=0, map=238, ascii=0, run_time=0:00:00:24)...[0m
[1;94m[*] [0mFuzzing test case #283 (309 total, 0 crashes saved, state: started :-), mode=explore, perf_score=50, weight=1, favorite=1, was_fuzzed=1, exec_us=81, hits=0, map=78, ascii=0, run_time=0:00:00:24)...[0m
[1;94m[*] [0mFuzzing test case #195 (309 total, 0 crashes saved, state: started :-), mode=explore, perf_score=25, weight=1, favorite=1, was_fuzzed=1, exec_us=79, hits=0, map=78, ascii=0, run_time=0:00:00:24)...[0m
[1;94m[*] [0mFuzzing test case #263 (309 total, 0 crashes saved, state: started :-), mode=explore, perf_score=200, weight=1, favorite=1, was_fuzzed=1, exec_us=102, hits=0, map=255, ascii=0, run_time=0:00:00:24)...[0m
[1;94m[*] [0mFuzzing test case #294 (309 total, 0 crashes saved, state: started :-), mode=explore, perf_score=100, weight=1, favorite=1, was_fuzzed=1, exec_us=81, hits=0, map=89, ascii=0, run_time=0:00:00:24)...[0m
[1;94m[*] [0mFuzzing test case #11 (309 total, 0 crashes saved, state: started :-), mode=explore, perf_score=25, weight=1, favorite=0, was_fuzzed=1, exec_us=78, hits=0, map=79, ascii=0, run_time=0:00:00:24)...[0m
[1;94m[*] [0mFuzzing test case #243 (309 total, 0 crashes saved, state: started :-), mode=explore, perf_score=100, weight=1, favorite=1, was_fuzzed=1, exec_us=100, hits=0, map=275, ascii=0, run_time=0:00:00:24)...[0m
[1;94m[*] [0mFuzzing test case #247 (309 total, 0 crashes saved, state: started :-), mode=explore, perf_score=100, weight=1, favorite=1, was_fuzzed=1, exec_us=98, hits=0, map=291, ascii=0, run_time=0:00:00:24)...[0m
[1;94m[*] [0mFuzzing test case #280 (309 total, 0 crashes saved, state: started :-), mode=explore, perf_score=200, weight=1, favorite=1, was_fuzzed=1, exec_us=102, hits=0, map=287, ascii=0, run_time=0:00:00:25)...[0m
[1;94m[*] [0mFuzzing test case #5 (309 total, 0 crashes saved, state: started :-), mode=explore, perf_score=25, weight=1, favorite=1, was_fuzzed=1, exec_us=78, hits=0, map=54, ascii=0, run_time=0:00:00:25)...[0m
[1;94m[*] [0mFuzzing test case #186 (309 total, 0 crashes saved, state: started :-), mode=explore, perf_score=25, weight=1, favorite=1, was_fuzzed=1, exec_us=78, hits=0, map=68, ascii=0, run_time=0:00:00:25)...[0m
[1;94m[*] [0mFuzzing test case #267 (309 total, 0 crashes saved, state: started :-), mode=explore, perf_score=200, weight=1, favorite=1, was_fuzzed=1, exec_us=101, hits=0, map=203, ascii=0, run_time=0:00:00:25)...[0m
[1;94m[*] [0mFuzzing test case #3 (309 total, 0 crashes saved, state: started :-), mode=explore, perf_score=25, weight=1, favorite=1, was_fuzzed=1, exec_us=81, hits=0, map=47, ascii=0, run_time=0:00:00:25)...[0m
[1;94m[*] [0mFuzzing test case #167 (309 total, 0 crashes saved, state: started :-), mode=explore, perf_score=100, weight=1, favorite=1, was_fuzzed=1, exec_us=87, hits=0, map=172, ascii=0, run_time=0:00:00:25)...[0m
[1;94m[*] [0mFuzzing test case #0 (309 total, 0 crashes saved, state: started :-), mode=explore, perf_score=25, weight=1, favorite=1, was_fuzzed=1, exec_us=95, hits=0, map=47, ascii=0, run_time=0:00:00:25)...[0m
[1;94m[*] [0mFuzzing test case #276 (309 total, 0 crashes saved, state: started :-), mode=explore, perf_score=50, weight=1, favorite=1, was_fuzzed=1, exec_us=79, hits=0, map=90, ascii=0, run_time=0:00:00:25)...[0m
[1;94m[*] [0mFuzzing test case #90 (309 total, 0 crashes saved, state: started :-), mode=explore, perf_score=100, weight=1, favorite=1, was_fuzzed=1, exec_us=102, hits=0, map=309, ascii=0, run_time=0:00:00:25)...[0m
[1;94m[*] [0mFuzzing test case #293 (309 total, 0 crashes saved, state: started :-), mode=explore, perf_score=25, weight=1, favorite=1, was_fuzzed=1, exec_us=87, hits=0, map=66, ascii=0, run_time=0:00:00:25)...[0m
[1;94m[*] [0mFuzzing test case #289 (309 total, 0 crashes saved, state: started :-), mode=explore, perf_score=25, weight=1, favorite=1, was_fuzzed=1, exec_us=86, hits=0, map=83, ascii=0, run_time=0:00:00:25)...[0m
[1;94m[*] [0mFuzzing test case #4 (309 total, 0 crashes saved, state: started :-), mode=explore, perf_score=25, weight=1, favorite=1, was_fuzzed=1, exec_us=79, hits=0, map=47, ascii=0, run_time=0:00:00:25)...[0m
[1;94m[*] [0mFuzzing test case #168 (309 total, 0 crashes saved, state: started :-), mode=explore, perf_score=100, weight=1, favorite=1, was_fuzzed=1, exec_us=101, hits=0, map=302, ascii=0, run_time=0:00:00:25)...[0m
[1;94m[*] [0mFuzzing test case #3 (309 total, 0 crashes saved, state: started :-), mode=explore, perf_score=25, weight=1, favorite=1, was_fuzzed=1, exec_us=81, hits=0, map=47, ascii=0, run_time=0:00:00:25)...[0m
[1;94m[*] [0mFuzzing test case #231 (309 total, 0 crashes saved, state: started :-), mode=explore, perf_score=100, weight=1, favorite=1, was_fuzzed=1, exec_us=94, hits=0, map=204, ascii=0, run_time=0:00:00:25)...[0m
[1;94m[*] [0mFuzzing test case #289 (309 total, 0 crashes saved, state: started :-), mode=explore, perf_score=25, weight=1, favorite=1, was_fuzzed=1, exec_us=86, hits=0, map=83, ascii=0, run_time=0:00:00:25)...[0m
[1;94m[*] [0mFuzzing test case #87 (309 total, 0 crashes saved, state: started :-), mode=explore, perf_score=150, weight=0, favorite=1, was_fuzzed=1, exec_us=106, hits=0, map=350, ascii=0, run_time=0:00:00:25)...[0m
[1;94m[*] [0mFuzzing test case #154 (309 total, 0 crashes saved, state: started :-), mode=explore, perf_score=25, weight=1, favorite=1, was_fuzzed=1, exec_us=79, hits=0, map=75, ascii=0, run_time=0:00:00:25)...[0m
[1;94m[*] [0mFuzzing test case #180 (309 total, 0 crashes saved, state: started :-), mode=explore, perf_score=25, weight=1, favorite=1, was_fuzzed=1, exec_us=77, hits=0, map=65, ascii=0, run_time=0:00:00:25)...[0m
[1;94m[*] [0mFuzzing test case #143 (309 total, 0 crashes saved, state: started :-), mode=explore, perf_score=75, weight=1, favorite=0, was_fuzzed=1, exec_us=138, hits=0, map=285, ascii=0, run_time=0:00:00:25)...[0m
[1;94m[*] [0mFuzzing test case #10 (309 total, 0 crashes saved, state: started :-), mode=explore, perf_score=25, weight=1, favorite=1, was_fuzzed=1, exec_us=78, hits=0, map=79, ascii=0, run_time=0:00:00:25)...[0m
[1;94m[*] [0mFuzzing test case #231 (309 total, 0 crashes saved, state: started :-), mode=explore, perf_score=100, weight=1, favorite=1, was_fuzzed=1, exec_us=94, hits=0, map=204, ascii=0, run_time=0:00:00:25)...[0m
[1;94m[*] [0mFuzzing test case #95 (309 total, 0 crashes saved, state: started :-), mode=explore, perf_score=25, weight=1, favorite=1, was_fuzzed=1, exec_us=84, hits=0, map=78, ascii=0, run_time=0:00:00:25)...[0m
[1;94m[*] [0mFuzzing test case #4 (309 total, 0 crashes saved, state: started :-), mode=explore, perf_score=25, weight=1, favorite=1, was_fuzzed=1, exec_us=79, hits=0, map=47, ascii=0, run_time=0:00:00:25)...[0m
[1;94m[*] [0mFuzzing test case #243 (309 total, 0 crashes saved, state: started :-), mode=explore, perf_score=100, weight=1, favorite=1, was_fuzzed=1, exec_us=100, hits=0, map=275, ascii=0, run_time=0:00:00:25)...[0m
[1;94m[*] [0mFuzzing test case #199 (309 total, 0 crashes saved, state: started :-), mode=explore, perf_score=25, weight=1, favorite=1, was_fuzzed=1, exec_us=95, hits=0, map=79, ascii=0, run_time=0:00:00:25)...[0m
[1;94m[*] [0mFuzzing test case #96 (309 total, 0 crashes saved, state: started :-), mode=explore, perf_score=50, weight=1, favorite=1, was_fuzzed=1, exec_us=82, hits=0, map=84, ascii=0, run_time=0:00:00:25)...[0m
[1;94m[*] [0mFuzzing test case #158 (309 total, 0 crashes saved, state: started :-), mode=explore, perf_score=25, weight=1, favorite=0, was_fuzzed=1, exec_us=83, hits=0, map=78, ascii=0, run_time=0:00:00:25)...[0m
[1;94m[*] [0mFuzzing test case #88 (309 total, 0 crashes saved, state: started :-), mode=explore, perf_score=150, weight=1, favorite=1, was_fuzzed=1, exec_us=102, hits=0, map=350, ascii=0, run_time=0:00:00:25)...[0m
[1;94m[*] [0mFuzzing test case #262 (309 total, 0 crashes saved, state: started :-), mode=explore, perf_score=200, weight=1, favorite=1, was_fuzzed=1, exec_us=99, hits=0, map=257, ascii=0, run_time=0:00:00:25)...[0m
[1;94m[*] [0mFuzzing test case #289 (309 total, 0 crashes saved, state: started :-), mode=explore, perf_score=25, weight=1, favorite=1, was_fuzzed=1, exec_us=86, hits=0, map=83, ascii=0, run_time=0:00:00:25)...[0m
[1;94m[*] [0mFuzzing test case #186 (309 total, 0 crashes saved, state: started :-), mode=explore, perf_score=25, weight=1, favorite=1, was_fuzzed=1, exec_us=78, hits=0, map=68, ascii=0, run_time=0:00:00:25)...[0m
[1;94m[*] [0mFuzzing test case #261 (309 total, 0 crashes saved, state: started :-), mode=explore, perf_score=200, weight=0, favorite=1, was_fuzzed=1, exec_us=104, hits=0, map=240, ascii=0, run_time=0:00:00:25)...[0m
[1;94m[*] [0mFuzzing test case #167 (309 total, 0 crashes saved, state: started :-), mode=explore, perf_score=100, weight=1, favorite=1, was_fuzzed=1, exec_us=87, hits=0, map=172, ascii=0, run_time=0:00:00:25)...[0m
[1;94m[*] [0mFuzzing test case #90 (309 total, 0 crashes saved, state: started :-), mode=explore, perf_score=100, weight=1, favorite=1, was_fuzzed=1, exec_us=102, hits=0, map=309, ascii=0, run_time=0:00:00:25)...[0m
[1;94m[*] [0mFuzzing test case #10 (309 total, 0 crashes saved, state: started :-), mode=explore, perf_score=25, weight=1, favorite=1, was_fuzzed=1, exec_us=78, hits=0, map=79, ascii=0, run_time=0:00:00:25)...[0m
[1;94m[*] [0mFuzzing test case #280 (309 total, 0 crashes saved, state: started :-), mode=explore, perf_score=200, weight=1, favorite=1, was_fuzzed=1, exec_us=102, hits=0, map=287, ascii=0, run_time=0:00:00:25)...[0m
[1;94m[*] [0mFuzzing test case #168 (309 total, 0 crashes saved, state: started :-), mode=explore, perf_score=100, weight=1, favorite=1, was_fuzzed=1, exec_us=101, hits=0, map=302, ascii=0, run_time=0:00:00:25)...[0m
[1;94m[*] [0mFuzzing test case #271 (309 total, 0 crashes saved, state: started :-), mode=explore, perf_score=200, weight=1, favorite=1, was_fuzzed=1, exec_us=90, hits=0, map=235, ascii=0, run_time=0:00:00:25)...[0m
[1;94m[*] [0mFuzzing test case #299 (309 total, 0 crashes saved, state: started :-), mode=explore, perf_score=100, weight=0, favorite=0, was_fuzzed=0, exec_us=106, hits=0, map=308, ascii=0, run_time=0:00:00:25)...[0m
[1;94m[*] [0mFuzzing test case #8 (309 total, 0 crashes saved, state: started :-), mode=explore, perf_score=25, weight=1, favorite=1, was_fuzzed=1, exec_us=81, hits=0, map=78, ascii=0, run_time=0:00:00:25)...[0m
[1;94m[*] [0mFuzzing test case #305 (309 total, 0 crashes saved, state: started :-), mode=explore, perf_score=150, weight=1, favorite=1, was_fuzzed=1, exec_us=96, hits=0, map=156, ascii=0, run_time=0:00:00:25)...[0m
[1;94m[*] [0mFuzzing test case #90 (309 total, 0 crashes saved, state: started :-), mode=explore, perf_score=100, weight=1, favorite=1, was_fuzzed=1, exec_us=102, hits=0, map=309, ascii=0, run_time=0:00:00:25)...[0m
[1;94m[*] [0mFuzzing test case #92 (309 total, 0 crashes saved, state: started :-), mode=explore, perf_score=150, weight=0, favorite=1, was_fuzzed=1, exec_us=107, hits=0, map=350, ascii=0, run_time=0:00:00:25)...[0m
[1;94m[*] [0mFuzzing test case #155 (309 total, 0 crashes saved, state: started :-), mode=explore, perf_score=100, weight=1, favorite=1, was_fuzzed=1, exec_us=102, hits=0, map=293, ascii=0, run_time=0:00:00:25)...[0m
[1;94m[*] [0mFuzzing test case #235 (309 total, 0 crashes saved, state: started :-), mode=explore, perf_score=200, weight=0, favorite=0, was_fuzzed=0, exec_us=114, hits=0, map=307, ascii=0, run_time=0:00:00:25)...[0m
[1;94m[*] [0mFuzzing test case #199 (309 total, 0 crashes saved, state: started :-), mode=explore, perf_score=25, weight=1, favorite=1, was_fuzzed=1, exec_us=95, hits=0, map=79, ascii=0, run_time=0:00:00:25)...[0m
[1;94m[*] [0mFuzzing test case #119 (309 total, 0 crashes saved, state: started :-), mode=explore, perf_score=100, weight=0, favorite=0, was_fuzzed=0, exec_us=103, hits=0, map=279, ascii=0, run_time=0:00:00:25)...[0m
[1;94m[*] [0mFuzzing test case #88 (309 total, 0 crashes saved, state: started :-), mode=explore, perf_score=150, weight=1, favorite=1, was_fuzzed=1, exec_us=102, hits=0, map=350, ascii=0, run_time=0:00:00:25)...[0m
[1;94m[*] [0mFuzzing test case #243 (309 total, 0 crashes saved, state: started :-), mode=explore, perf_score=100, weight=1, favorite=1, was_fuzzed=1, exec_us=100, hits=0, map=275, ascii=0, run_time=0:00:00:25)...[0m
[1;94m[*] [0mFuzzing test case #263 (309 total, 0 crashes saved, state: started :-), mode=explore, perf_score=200, weight=1, favorite=1, was_fuzzed=1, exec_us=102, hits=0, map=255, ascii=0, run_time=0:00:00:25)...[0m
[1;94m[*] [0mFuzzing test case #231 (309 total, 0 crashes saved, state: started :-), mode=explore, perf_score=100, weight=1, favorite=1, was_fuzzed=1, exec_us=94, hits=0, map=204, ascii=0, run_time=0:00:00:25)...[0m
[1;94m[*] [0mFuzzing test case #186 (309 total, 0 crashes saved, state: started :-), mode=explore, perf_score=25, weight=1, favorite=1, was_fuzzed=1, exec_us=78, hits=0, map=68, ascii=0, run_time=0:00:00:25)...[0m
[1;94m[*] [0mFuzzing test case #199 (309 total, 0 crashes saved, state: started :-), mode=explore, perf_score=25, weight=1, favorite=1, was_fuzzed=1, exec_us=95, hits=0, map=79, ascii=0, run_time=0:00:00:25)...[0m
[1;94m[*] [0mFuzzing test case #256 (309 total, 0 crashes saved, state: started :-), mode=explore, perf_score=200, weight=1, favorite=1, was_fuzzed=1, exec_us=90, hits=0, map=224, ascii=0, run_time=0:00:00:25)...[0m
[1;94m[*] [0mFuzzing test case #284 (309 total, 0 crashes saved, state: started :-), mode=explore, perf_score=200, weight=1, favorite=1, was_fuzzed=1, exec_us=91, hits=0, map=238, ascii=0, run_time=0:00:00:25)...[0m
[1;94m[*] [0mFuzzing test case #191 (309 total, 0 crashes saved, state: started :-), mode=explore, perf_score=75, weight=1, favorite=1, was_fuzzed=1, exec_us=88, hits=0, map=156, ascii=0, run_time=0:00:00:25)...[0m
[1;94m[*] [0mFuzzing test case #88 (309 total, 0 crashes saved, state: started :-), mode=explore, perf_score=150, weight=1, favorite=1, was_fuzzed=1, exec_us=102, hits=0, map=350, ascii=0, run_time=0:00:00:25)...[0m
[1;94m[*] [0mFuzzing test case #289 (309 total, 0 crashes saved, state: started :-), mode=explore, perf_score=25, weight=1, favorite=1, was_fuzzed=1, exec_us=86, hits=0, map=83, ascii=0, run_time=0:00:00:25)...[0m
[1;94m[*] [0mFuzzing test case #195 (309 total, 0 crashes saved, state: started :-), mode=explore, perf_score=25, weight=1, favorite=1, was_fuzzed=1, exec_us=79, hits=0, map=78, ascii=0, run_time=0:00:00:25)...[0m
[1;94m[*] [0mFuzzing test case #233 (309 total, 0 crashes saved, state: started :-), mode=explore, perf_score=100, weight=1, favorite=1, was_fuzzed=1, exec_us=102, hits=0, map=254, ascii=0, run_time=0:00:00:25)...[0m
[1;94m[*] [0mFuzzing test case #88 (309 total, 0 crashes saved, state: started :-), mode=explore, perf_score=150, weight=1, favorite=1, was_fuzzed=1, exec_us=102, hits=0, map=350, ascii=0, run_time=0:00:00:25)...[0m
[1;94m[*] [0mFuzzing test case #190 (309 total, 0 crashes saved, state: started :-), mode=explore, perf_score=100, weight=1, favorite=1, was_fuzzed=1, exec_us=86, hits=0, map=171, ascii=0, run_time=0:00:00:25)...[0m
[1;94m[*] [0mFuzzing test case #154 (309 total, 0 crashes saved, state: started :-), mode=explore, perf_score=25, weight=1, favorite=1, was_fuzzed=1, exec_us=79, hits=0, map=75, ascii=0, run_time=0:00:00:25)...[0m
[1;94m[*] [0mFuzzing test case #244 (309 total, 0 crashes saved, state: started :-), mode=explore, perf_score=100, weight=0, favorite=1, was_fuzzed=1, exec_us=103, hits=0, map=271, ascii=0, run_time=0:00:00:25)...[0m
[1;94m[*] [0mFuzzing test case #240 (309 total, 0 crashes saved, state: started :-), mode=explore, perf_score=100, weight=1, favorite=1, was_fuzzed=1, exec_us=130, hits=0, map=294, ascii=0, run_time=0:00:00:25)...[0m
[1;94m[*] [0mFuzzing test case #294 (309 total, 0 crashes saved, state: started :-), mode=explore, perf_score=100, weight=1, favorite=1, was_fuzzed=1, exec_us=81, hits=0, map=89, ascii=0, run_time=0:00:00:25)...[0m
[1;94m[*] [0mFuzzing test case #247 (309 total, 0 crashes saved, state: started :-), mode=explore, perf_score=100, weight=1, favorite=1, was_fuzzed=1, exec_us=98, hits=0, map=291, ascii=0, run_time=0:00:00:25)...[0m
[1;94m[*] [0mFuzzing test case #191 (309 total, 0 crashes saved, state: started :-), mode=explore, perf_score=75, weight=1, favorite=1, was_fuzzed=1, exec_us=88, hits=0, map=156, ascii=0, run_time=0:00:00:25)...[0m
[1;94m[*] [0mFuzzing test case #167 (309 total, 0 crashes saved, state: started :-), mode=explore, perf_score=100, weight=1, favorite=1, was_fuzzed=1, exec_us=87, hits=0, map=172, ascii=0, run_time=0:00:00:25)...[0m
[1;94m[*] [0mFuzzing test case #6 (309 total, 0 crashes saved, state: started :-), mode=explore, perf_score=25, weight=1, favorite=1, was_fuzzed=1, exec_us=102, hits=0, map=57, ascii=0, run_time=0:00:00:25)...[0m
[1;94m[*] [0mFuzzing test case #161 (309 total, 0 crashes saved, state: started :-), mode=explore, perf_score=25, weight=1, favorite=1, was_fuzzed=1, exec_us=76, hits=0, map=78, ascii=0, run_time=0:00:00:25)...[0m
[1;94m[*] [0mFuzzing test case #121 (309 total, 0 crashes saved, state: started :-), mode=explore, perf_score=100, weight=1, favorite=0, was_fuzzed=1, exec_us=99, hits=0, map=284, ascii=0, run_time=0:00:00:25)...[0m
[1;94m[*] [0mFuzzing test case #180 (309 total, 0 crashes saved, state: started :-), mode=explore, perf_score=25, weight=1, favorite=1, was_fuzzed=1, exec_us=77, hits=0, map=65, ascii=0, run_time=0:00:00:25)...[0m
[1;94m[*] [0mFuzzing test case #304 (309 total, 0 crashes saved, state: started :-), mode=explore, perf_score=200, weight=0, favorite=0, was_fuzzed=0, exec_us=105, hits=0, map=313, ascii=0, run_time=0:00:00:25)...[0m
[1;94m[*] [0mFuzzing test case #117 (309 total, 0 crashes saved, state: started :-), mode=explore, perf_score=100, weight=0, favorite=0, was_fuzzed=0, exec_us=107, hits=0, map=298, ascii=0, run_time=0:00:00:25)...[0m
[1;94m[*] [0mFuzzing test case #0 (309 total, 0 crashes saved, state: started :-), mode=explore, perf_score=25, weight=1, favorite=1, was_fuzzed=1, exec_us=95, hits=0, map=47, ascii=0, run_time=0:00:00:25)...[0m
[1;94m[*] [0mFuzzing test case #276 (309 total, 0 crashes saved, state: started :-), mode=explore, perf_score=50, weight=1, favorite=1, was_fuzzed=1, exec_us=79, hits=0, map=90, ascii=0, run_time=0:00:00:25)...[0m
[1;94m[*] [0mFuzzing test case #309 (310 total, 0 crashes saved, state: started :-), mode=explore, perf_score=100, weight=1, favorite=1, was_fuzzed=0, exec_us=82, hits=0, map=90, ascii=0, run_time=0:00:00:25)...[0m
[1;94m[*] [0mFuzzing test case #186 (310 total, 0 crashes saved, state: started :-), mode=explore, perf_score=25, weight=1, favorite=1, was_fuzzed=1, exec_us=78, hits=0, map=68, ascii=0, run_time=0:00:00:25)...[0m
[1;94m[*] [0mFuzzing test case #161 (310 total, 0 crashes saved, state: started :-), mode=explore, perf_score=25, weight=1, favorite=1, was_fuzzed=1, exec_us=76, hits=0, map=78, ascii=0, run_time=0:00:00:25)...[0m
[1;94m[*] [0mFuzzing test case #306 (310 total, 0 crashes saved, state: started :-), mode=explore, perf_score=200, weight=1, favorite=0, was_fuzzed=0, exec_us=102, hits=0, map=311, ascii=0, run_time=0:00:00:25)...[0m
[1;94m[*] [0mFuzzing test case #165 (310 total, 0 crashes saved, state: started :-), mode=explore, perf_score=50, weight=1, favorite=1, was_fuzzed=1, exec_us=79, hits=0, map=89, ascii=0, run_time=0:00:00:25)...[0m
[1;94m[*] [0mFuzzing test case #10 (310 total, 0 crashes saved, state: started :-), mode=explore, perf_score=25, weight=1, favorite=1, was_fuzzed=1, exec_us=78, hits=0, map=79, ascii=0, run_time=0:00:00:25)...[0m
[1;94m[*] [0mFuzzing test case #165 (310 total, 0 crashes saved, state: started :-), mode=explore, perf_score=50, weight=1, favorite=1, was_fuzzed=1, exec_us=79, hits=0, map=89, ascii=0, run_time=0:00:00:25)...[0m
[1;94m[*] [0mFuzzing test case #88 (310 total, 0 crashes saved, state: started :-), mode=explore, perf_score=150, weight=1, favorite=1, was_fuzzed=1, exec_us=102, hits=0, map=350, ascii=0, run_time=0:00:00:25)...[0m
[1;94m[*] [0mFuzzing test case #210 (310 total, 0 crashes saved, state: started :-), mode=explore, perf_score=100, weight=0, favorite=0, was_fuzzed=0, exec_us=107, hits=0, map=295, ascii=0, run_time=0:00:00:25)...[0m
[1;94m[*] [0mFuzzing test case #0 (310 total, 0 crashes saved, state: started :-), mode=explore, perf_score=25, weight=1, favorite=1, was_fuzzed=1, exec_us=95, hits=0, map=47, ascii=0, run_time=0:00:00:25)...[0m
[1;94m[*] [0mFuzzing test case #8 (310 total, 0 crashes saved, state: started :-), mode=explore, perf_score=25, weight=1, favorite=1, was_fuzzed=1, exec_us=81, hits=0, map=78, ascii=0, run_time=0:00:00:25)...[0m
[1;94m[*] [0mFuzzing test case #8 (310 total, 0 crashes saved, state: started :-), mode=explore, perf_score=25, weight=1, favorite=1, was_fuzzed=1, exec_us=81, hits=0, map=78, ascii=0, run_time=0:00:00:25)...[0m
[1;94m[*] [0mFuzzing test case #3 (310 total, 0 crashes saved, state: started :-), mode=explore, perf_score=25, weight=1, favorite=1, was_fuzzed=1, exec_us=81, hits=0, map=47, ascii=0, run_time=0:00:00:25)...[0m
[1;94m[*] [0mFuzzing test case #280 (310 total, 0 crashes saved, state: started :-), mode=explore, perf_score=200, weight=1, favorite=1, was_fuzzed=1, exec_us=102, hits=0, map=287, ascii=0, run_time=0:00:00:25)...[0m
[1;94m[*] [0mFuzzing test case #247 (310 total, 0 crashes saved, state: started :-), mode=explore, perf_score=100, weight=1, favorite=1, was_fuzzed=1, exec_us=98, hits=0, map=291, ascii=0, run_time=0:00:00:25)...[0m
[1;94m[*] [0mFuzzing test case #133 (310 total, 0 crashes saved, state: started :-), mode=explore, perf_score=100, weight=0, favorite=1, was_fuzzed=1, exec_us=104, hits=0, map=331, ascii=0, run_time=0:00:00:25)...[0m
[1;94m[*] [0mFuzzing test case #308 (310 total, 0 crashes saved, state: started :-), mode=explore, perf_score=50, weight=1, favorite=1, was_fuzzed=1, exec_us=86, hits=0, map=90, ascii=0, run_time=0:00:00:25)...[0m
[1;94m[*] [0mFuzzing test case #263 (310 total, 0 crashes saved, state: started :-), mode=explore, perf_score=200, weight=1, favorite=1, was_fuzzed=1, exec_us=102, hits=0, map=255, ascii=0, run_time=0:00:00:25)...[0m
[1;94m[*] [0mFuzzing test case #6 (310 total, 0 crashes saved, state: started :-), mode=explore, perf_score=25, weight=1, favorite=1, was_fuzzed=1, exec_us=102, hits=0, map=57, ascii=0, run_time=0:00:00:25)...[0m
[1;94m[*] [0mFuzzing test case #186 (310 total, 0 crashes saved, state: started :-), mode=explore, perf_score=25, weight=1, favorite=1, was_fuzzed=1, exec_us=78, hits=0, map=68, ascii=0, run_time=0:00:00:25)...[0m
[1;94m[*] [0mFuzzing test case #3 (310 total, 0 crashes saved, state: started :-), mode=explore, perf_score=25, weight=1, favorite=1, was_fuzzed=1, exec_us=81, hits=0, map=47, ascii=0, run_time=0:00:00:25)...[0m
[1;94m[*] [0mFuzzing test case #163 (310 total, 0 crashes saved, state: started :-), mode=explore, perf_score=25, weight=1, favorite=0, was_fuzzed=1, exec_us=80, hits=0, map=78, ascii=0, run_time=0:00:00:25)...[0m
[1;94m[*] [0mFuzzing test case #273 (310 total, 0 crashes saved, state: started :-), mode=explore, perf_score=200, weight=0, favorite=1, was_fuzzed=1, exec_us=103, hits=0, map=309, ascii=0, run_time=0:00:00:25)...[0m
[1;94m[*] [0mFuzzing test case #4 (310 total, 0 crashes saved, state: started :-), mode=explore, perf_score=25, weight=1, favorite=1, was_fuzzed=1, exec_us=79, hits=0, map=47, ascii=0, run_time=0:00:00:25)...[0m
[1;94m[*] [0mFuzzing test case #240 (310 total, 0 crashes saved, state: started :-), mode=explore, perf_score=100, weight=1, favorite=1, was_fuzzed=1, exec_us=130, hits=0, map=294, ascii=0, run_time=0:00:00:25)...[0m
[1;94m[*] [0mFuzzing test case #191 (310 total, 0 crashes saved, state: started :-), mode=explore, perf_score=75, weight=1, favorite=1, was_fuzzed=1, exec_us=88, hits=0, map=156, ascii=0, run_time=0:00:00:25)...[0m
[1;94m[*] [0mFuzzing test case #186 (310 total, 0 crashes saved, state: started :-), mode=explore, perf_score=25, weight=1, favorite=1, was_fuzzed=1, exec_us=78, hits=0, map=68, ascii=0, run_time=0:00:00:25)...[0m
[1;94m[*] [0mFuzzing test case #0 (310 total, 0 crashes saved, state: started :-), mode=explore, perf_score=25, weight=1, favorite=1, was_fuzzed=1, exec_us=95, hits=0, map=47, ascii=0, run_time=0:00:00:25)...[0m
[1;94m[*] [0mFuzzing test case #13 (310 total, 0 crashes saved, state: started :-), mode=explore, perf_score=100, weight=0, favorite=0, was_fuzzed=0, exec_us=107, hits=0, map=303, ascii=0, run_time=0:00:00:25)...[0m
[1;94m[*] [0mFuzzing test case #202 (310 total, 0 crashes saved, state: started :-), mode=explore, perf_score=150, weight=0, favorite=1, was_fuzzed=1, exec_us=114, hits=0, map=349, ascii=0, run_time=0:00:00:25)...[0m
[1;94m[*] [0mFuzzing test case #308 (310 total, 0 crashes saved, state: started :-), mode=explore, perf_score=50, weight=1, favorite=1, was_fuzzed=1, exec_us=86, hits=0, map=90, ascii=0, run_time=0:00:00:25)...[0m
[1;94m[*] [0mFuzzing test case #197 (310 total, 0 crashes saved, state: started :-), mode=explore, perf_score=100, weight=0, favorite=1, was_fuzzed=1, exec_us=116, hits=0, map=330, ascii=0, run_time=0:00:00:25)...[0m
[1;94m[*] [0mFuzzing test case #234 (310 total, 0 crashes saved, state: started :-), mode=explore, perf_score=100, weight=0, favorite=1, was_fuzzed=1, exec_us=111, hits=0, map=291, ascii=0, run_time=0:00:00:26)...[0m
[1;94m[*] [0mFuzzing test case #95 (310 total, 0 crashes saved, state: started :-), mode=explore, perf_score=25, weight=1, favorite=1, was_fuzzed=1, exec_us=84, hits=0, map=78, ascii=0, run_time=0:00:00:26)...[0m
[1;94m[*] [0mFuzzing test case #275 (310 total, 0 crashes saved, state: started :-), mode=explore, perf_score=200, weight=1, favorite=0, was_fuzzed=1, exec_us=101, hits=0, map=304, ascii=0, run_time=0:00:00:26)...[0m
[1;94m[*] [0mFuzzing test case #247 (310 total, 0 crashes saved, state: started :-), mode=explore, perf_score=100, weight=1, favorite=1, was_fuzzed=1, exec_us=98, hits=0, map=291, ascii=0, run_time=0:00:00:26)...[0m
[1;94m[*] [0mFuzzing test case #188 (310 total, 0 crashes saved, state: started :-), mode=explore, perf_score=50, weight=1, favorite=1, was_fuzzed=1, exec_us=82, hits=0, map=90, ascii=0, run_time=0:00:00:26)...[0m
[1;94m[*] [0mFuzzing test case #262 (310 total, 0 crashes saved, state: started :-), mode=explore, perf_score=200, weight=1, favorite=1, was_fuzzed=1, exec_us=99, hits=0, map=257, ascii=0, run_time=0:00:00:26)...[0m
[1;94m[*] [0mFuzzing test case #242 (310 total, 0 crashes saved, state: started :-), mode=explore, perf_score=100, weight=1, favorite=1, was_fuzzed=1, exec_us=102, hits=0, map=277, ascii=0, run_time=0:00:00:26)...[0m
[1;94m[*] [0mFuzzing test case #186 (310 total, 0 crashes saved, state: started :-), mode=explore, perf_score=25, weight=1, favorite=1, was_fuzzed=1, exec_us=78, hits=0, map=68, ascii=0, run_time=0:00:00:26)...[0m
[1;94m[*] [0mFuzzing test case #164 (310 total, 0 crashes saved, state: started :-), mode=explore, perf_score=25, weight=1, favorite=0, was_fuzzed=1, exec_us=79, hits=0, map=78, ascii=0, run_time=0:00:00:26)...[0m
[1;94m[*] [0mFuzzing test case #146 (310 total, 0 crashes saved, state: started :-), mode=explore, perf_score=100, weight=0, favorite=1, was_fuzzed=1, exec_us=105, hits=0, map=285, ascii=0, run_time=0:00:00:26)...[0m
[1;94m[*] [0mFuzzing test case #95 (310 total, 0 crashes saved, state: started :-), mode=explore, perf_score=25, weight=1, favorite=1, was_fuzzed=1, exec_us=84, hits=0, map=78, ascii=0, run_time=0:00:00:26)...[0m
[1;94m[*] [0mFuzzing test case #283 (310 total, 0 crashes saved, state: started :-), mode=explore, perf_score=50, weight=1, favorite=1, was_fuzzed=1, exec_us=81, hits=0, map=78, ascii=0, run_time=0:00:00:26)...[0m
[1;94m[*] [0mFuzzing test case #95 (310 total, 0 crashes saved, state: started :-), mode=explore, perf_score=25, weight=1, favorite=1, was_fuzzed=1, exec_us=84, hits=0, map=78, ascii=0, run_time=0:00:00:26)...[0m
[1;94m[*] [0mFuzzing test case #161 (310 total, 0 crashes saved, state: started :-), mode=explore, perf_score=25, weight=1, favorite=1, was_fuzzed=1, exec_us=76, hits=0, map=78, ascii=0, run_time=0:00:00:26)...[0m
[1;94m[*] [0mFuzzing test case #162 (310 total, 0 crashes saved, state: started :-), mode=explore, perf_score=25, weight=1, favorite=1, was_fuzzed=1, exec_us=77, hits=0, map=78, ascii=0, run_time=0:00:00:26)...[0m
[1;94m[*] [0mFuzzing test case #280 (310 total, 0 crashes saved, state: started :-), mode=explore, perf_score=200, weight=1, favorite=1, was_fuzzed=1, exec_us=102, hits=0, map=287, ascii=0, run_time=0:00:00:26)...[0m
[1;94m[*] [0mFuzzing test case #0 (310 total, 0 crashes saved, state: started :-), mode=explore, perf_score=25, weight=1, favorite=1, was_fuzzed=1, exec_us=95, hits=0, map=47, ascii=0, run_time=0:00:00:26)...[0m
[1;94m[*] [0mFuzzing test case #191 (310 total, 0 crashes saved, state: started :-), mode=explore, perf_score=75, weight=1, favorite=1, was_fuzzed=1, exec_us=88, hits=0, map=156, ascii=0, run_time=0:00:00:26)...[0m
[1;94m[*] [0mFuzzing test case #231 (310 total, 0 crashes saved, state: started :-), mode=explore, perf_score=100, weight=1, favorite=1, was_fuzzed=1, exec_us=94, hits=0, map=204, ascii=0, run_time=0:00:00:26)...[0m
[1;94m[*] [0mFuzzing test case #15 (310 total, 0 crashes saved, state: started :-), mode=explore, perf_score=100, weight=0, favorite=1, was_fuzzed=1, exec_us=103, hits=0, map=285, ascii=0, run_time=0:00:00:26)...[0m
[1;94m[*] [0mFuzzing test case #262 (310 total, 0 crashes saved, state: started :-), mode=explore, perf_score=200, weight=1, favorite=1, was_fuzzed=1, exec_us=99, hits=0, map=257, ascii=0, run_time=0:00:00:26)...[0m
[1;94m[*] [0mFuzzing test case #86 (310 total, 0 crashes saved, state: started :-), mode=explore, perf_score=150, weight=0, favorite=1, was_fuzzed=1, exec_us=106, hits=0, map=350, ascii=0, run_time=0:00:00:26)...[0m
[1;94m[*] [0mFuzzing test case #237 (310 total, 0 crashes saved, state: started :-), mode=explore, perf_score=100, weight=0, favorite=1, was_fuzzed=1, exec_us=109, hits=0, map=333, ascii=0, run_time=0:00:00:26)...[0m
[1;94m[*] [0mFuzzing test case #280 (310 total, 0 crashes saved, state: started :-), mode=explore, perf_score=200, weight=1, favorite=1, was_fuzzed=1, exec_us=102, hits=0, map=287, ascii=0, run_time=0:00:00:26)...[0m
[1;94m[*] [0mFuzzing test case #276 (310 total, 0 crashes saved, state: started :-), mode=explore, perf_score=50, weight=1, favorite=1, was_fuzzed=1, exec_us=79, hits=0, map=90, ascii=0, run_time=0:00:00:26)...[0m
[1;94m[*] [0mFuzzing test case #211 (310 total, 0 crashes saved, state: started :-), mode=explore, perf_score=100, weight=0, favorite=0, was_fuzzed=0, exec_us=107, hits=0, map=284, ascii=0, run_time=0:00:00:26)...[0m
[1;94m[*] [0mFuzzing test case #290 (310 total, 0 crashes saved, state: started :-), mode=explore, perf_score=100, weight=1, favorite=1, was_fuzzed=1, exec_us=83, hits=0, map=91, ascii=0, run_time=0:00:00:26)...[0m
[1;94m[*] [0mFuzzing test case #8 (310 total, 0 crashes saved, state: started :-), mode=explore, perf_score=25, weight=1, favorite=1, was_fuzzed=1, exec_us=81, hits=0, map=78, ascii=0, run_time=0:00:00:26)...[0m
[1;94m[*] [0mFuzzing test case #256 (310 total, 0 crashes saved, state: started :-), mode=explore, perf_score=200, weight=1, favorite=1, was_fuzzed=1, exec_us=90, hits=0, map=224, ascii=0, run_time=0:00:00:26)...[0m
[1;94m[*] [0mFuzzing test case #267 (310 total, 0 crashes saved, state: started :-), mode=explore, perf_score=200, weight=1, favorite=1, was_fuzzed=1, exec_us=101, hits=0, map=203, ascii=0, run_time=0:00:00:26)...[0m
[1;94m[*] [0mFuzzing test case #195 (310 total, 0 crashes saved, state: started :-), mode=explore, perf_score=25, weight=1, favorite=1, was_fuzzed=1, exec_us=79, hits=0, map=78, ascii=0, run_time=0:00:00:26)...[0m
[1;94m[*] [0mFuzzing test case #3 (310 total, 0 crashes saved, state: started :-), mode=explore, perf_score=25, weight=1, favorite=1, was_fuzzed=1, exec_us=81, hits=0, map=47, ascii=0, run_time=0:00:00:26)...[0m
[1;94m[*] [0mFuzzing test case #242 (310 total, 0 crashes saved, state: started :-), mode=explore, perf_score=100, weight=1, favorite=1, was_fuzzed=1, exec_us=102, hits=0, map=277, ascii=0, run_time=0:00:00:26)...[0m
[1;94m[*] [0mFuzzing test case #1 (310 total, 0 crashes saved, state: started :-), mode=explore, perf_score=150, weight=0, favorite=0, was_fuzzed=1, exec_us=115, hits=0, map=353, ascii=0, run_time=0:00:00:26)...[0m
[1;94m[*] [0mFuzzing test case #263 (310 total, 0 crashes saved, state: started :-), mode=explore, perf_score=200, weight=1, favorite=1, was_fuzzed=1, exec_us=102, hits=0, map=255, ascii=0, run_time=0:00:00:26)...[0m
[1;94m[*] [0mFuzzing test case #243 (310 total, 0 crashes saved, state: started :-), mode=explore, perf_score=100, weight=1, favorite=1, was_fuzzed=1, exec_us=100, hits=0, map=275, ascii=0, run_time=0:00:00:26)...[0m
[1;94m[*] [0mFuzzing test case #198 (310 total, 0 crashes saved, state: started :-), mode=explore, perf_score=100, weight=0, favorite=0, was_fuzzed=0, exec_us=104, hits=0, map=284, ascii=0, run_time=0:00:00:26)...[0m
[1;94m[*] [0mFuzzing test case #73 (310 total, 0 crashes saved, state: started :-), mode=explore, perf_score=100, weight=0, favorite=0, was_fuzzed=0, exec_us=107, hits=0, map=292, ascii=0, run_time=0:00:00:26)...[0m
[1;94m[*] [0mFuzzing test case #263 (310 total, 0 crashes saved, state: started :-), mode=explore, perf_score=200, weight=1, favorite=1, was_fuzzed=1, exec_us=102, hits=0, map=255, ascii=0, run_time=0:00:00:26)...[0m
[1;94m[*] [0mFuzzing test case #162 (310 total, 0 crashes saved, state: started :-), mode=explore, perf_score=25, weight=1, favorite=1, was_fuzzed=1, exec_us=77, hits=0, map=78, ascii=0, run_time=0:00:00:26)...[0m
[1;94m[*] [0mFuzzing test case #288 (310 total, 0 crashes saved, state: started :-), mode=explore, perf_score=100, weight=1, favorite=1, was_fuzzed=1, exec_us=82, hits=0, map=88, ascii=0, run_time=0:00:00:26)...[0m
[1;94m[*] [0mFuzzing test case #289 (310 total, 0 crashes saved, state: started :-), mode=explore, perf_score=25, weight=1, favorite=1, was_fuzzed=1, exec_us=86, hits=0, map=83, ascii=0, run_time=0:00:00:26)...[0m
[1;94m[*] [0mFuzzing test case #254 (310 total, 0 crashes saved, state: started :-), mode=explore, perf_score=200, weight=1, favorite=1, was_fuzzed=1, exec_us=95, hits=0, map=223, ascii=0, run_time=0:00:00:26)...[0m
[1;94m[*] [0mFuzzing test case #293 (310 total, 0 crashes saved, state: started :-), mode=explore, perf_score=25, weight=1, favorite=1, was_fuzzed=1, exec_us=87, hits=0, map=66, ascii=0, run_time=0:00:00:26)...[0m
[1;94m[*] [0mFuzzing test case #10 (310 total, 0 crashes saved, state: started :-), mode=explore, perf_score=25, weight=1, favorite=1, was_fuzzed=1, exec_us=78, hits=0, map=79, ascii=0, run_time=0:00:00:26)...[0m
[1;94m[*] [0mFuzzing test case #162 (310 total, 0 crashes saved, state: started :-), mode=explore, perf_score=25, weight=1, favorite=1, was_fuzzed=1, exec_us=77, hits=0, map=78, ascii=0, run_time=0:00:00:26)...[0m
[1;94m[*] [0mFuzzing test case #88 (310 total, 0 crashes saved, state: started :-), mode=explore, perf_score=150, weight=1, favorite=1, was_fuzzed=1, exec_us=102, hits=0, map=350, ascii=0, run_time=0:00:00:26)...[0m
[1;94m[*] [0mFuzzing test case #162 (310 total, 0 crashes saved, state: started :-), mode=explore, perf_score=25, weight=1, favorite=1, was_fuzzed=1, exec_us=77, hits=0, map=78, ascii=0, run_time=0:00:00:26)...[0m
[1;94m[*] [0mFuzzing test case #244 (310 total, 0 crashes saved, state: started :-), mode=explore, perf_score=100, weight=0, favorite=1, was_fuzzed=1, exec_us=103, hits=0, map=271, ascii=0, run_time=0:00:00:26)...[0m
[1;94m[*] [0mFuzzing test case #242 (310 total, 0 crashes saved, state: started :-), mode=explore, perf_score=100, weight=1, favorite=1, was_fuzzed=1, exec_us=102, hits=0, map=277, ascii=0, run_time=0:00:00:26)...[0m
[1;94m[*] [0mFuzzing test case #288 (310 total, 0 crashes saved, state: started :-), mode=explore, perf_score=100, weight=1, favorite=1, was_fuzzed=1, exec_us=82, hits=0, map=88, ascii=0, run_time=0:00:00:26)...[0m
[1;94m[*] [0mFuzzing test case #10 (310 total, 0 crashes saved, state: started :-), mode=explore, perf_score=25, weight=1, favorite=1, was_fuzzed=1, exec_us=78, hits=0, map=79, ascii=0, run_time=0:00:00:26)...[0m
[1;94m[*] [0mFuzzing test case #88 (310 total, 0 crashes saved, state: started :-), mode=explore, perf_score=150, weight=1, favorite=1, was_fuzzed=1, exec_us=102, hits=0, map=350, ascii=0, run_time=0:00:00:26)...[0m
[1;94m[*] [0mFuzzing test case #10 (310 total, 0 crashes saved, state: started :-), mode=explore, perf_score=25, weight=1, favorite=1, was_fuzzed=1, exec_us=78, hits=0, map=79, ascii=0, run_time=0:00:00:26)...[0m
[1;94m[*] [0mFuzzing test case #188 (310 total, 0 crashes saved, state: started :-), mode=explore, perf_score=50, weight=1, favorite=1, was_fuzzed=1, exec_us=82, hits=0, map=90, ascii=0, run_time=0:00:00:26)...[0m
[1;94m[*] [0mFuzzing test case #10 (310 total, 0 crashes saved, state: started :-), mode=explore, perf_score=25, weight=1, favorite=1, was_fuzzed=1, exec_us=78, hits=0, map=79, ascii=0, run_time=0:00:00:26)...[0m
[1;94m[*] [0mFuzzing test case #155 (310 total, 0 crashes saved, state: started :-), mode=explore, perf_score=100, weight=1, favorite=1, was_fuzzed=1, exec_us=102, hits=0, map=293, ascii=0, run_time=0:00:00:26)...[0m
[1;94m[*] [0mFuzzing test case #267 (310 total, 0 crashes saved, state: started :-), mode=explore, perf_score=200, weight=1, favorite=1, was_fuzzed=1, exec_us=101, hits=0, map=203, ascii=0, run_time=0:00:00:26)...[0m
[1;94m[*] [0mFuzzing test case #242 (310 total, 0 crashes saved, state: started :-), mode=explore, perf_score=100, weight=1, favorite=1, was_fuzzed=1, exec_us=102, hits=0, map=277, ascii=0, run_time=0:00:00:26)...[0m
[1;94m[*] [0mFuzzing test case #4 (310 total, 0 crashes saved, state: started :-), mode=explore, perf_score=25, weight=1, favorite=1, was_fuzzed=1, exec_us=79, hits=0, map=47, ascii=0, run_time=0:00:00:26)...[0m
[1;94m[*] [0mFuzzing test case #263 (310 total, 0 crashes saved, state: started :-), mode=explore, perf_score=200, weight=1, favorite=1, was_fuzzed=1, exec_us=102, hits=0, map=255, ascii=0, run_time=0:00:00:26)...[0m
[1;94m[*] [0mFuzzing test case #5 (310 total, 0 crashes saved, state: started :-), mode=explore, perf_score=25, weight=1, favorite=1, was_fuzzed=1, exec_us=78, hits=0, map=54, ascii=0, run_time=0:00:00:26)...[0m
[1;94m[*] [0mFuzzing test case #296 (310 total, 0 crashes saved, state: started :-), mode=explore, perf_score=100, weight=1, favorite=0, was_fuzzed=1, exec_us=128, hits=0, map=311, ascii=0, run_time=0:00:00:26)...[0m
[1;94m[*] [0mFuzzing test case #2 (310 total, 0 crashes saved, state: started :-), mode=explore, perf_score=25, weight=0, favorite=1, was_fuzzed=1, exec_us=90, hits=0, map=47, ascii=0, run_time=0:00:00:26)...[0m
[1;94m[*] [0mFuzzing test case #231 (310 total, 0 crashes saved, state: started :-), mode=explore, perf_score=100, weight=1, favorite=1, was_fuzzed=1, exec_us=94, hits=0, map=204, ascii=0, run_time=0:00:00:26)...[0m
[1;94m[*] [0mFuzzing test case #241 (310 total, 0 crashes saved, state: started :-), mode=explore, perf_score=100, weight=0, favorite=0, was_fuzzed=0, exec_us=119, hits=0, map=288, ascii=0, run_time=0:00:00:26)...[0m
[1;94m[*] [0mFuzzing test case #82 (310 total, 0 crashes saved, state: started :-), mode=explore, perf_score=100, weight=0, favorite=1, was_fuzzed=1, exec_us=107, hits=0, map=330, ascii=0, run_time=0:00:00:26)...[0m
[1;94m[*] [0mFuzzing test case #243 (310 total, 0 crashes saved, state: started :-), mode=explore, perf_score=100, weight=1, favorite=1, was_fuzzed=1, exec_us=100, hits=0, map=275, ascii=0, run_time=0:00:00:26)...[0m
[1;94m[*] [0mFuzzing test case #195 (310 total, 0 crashes saved, state: started :-), mode=explore, perf_score=25, weight=1, favorite=1, was_fuzzed=1, exec_us=79, hits=0, map=78, ascii=0, run_time=0:00:00:26)...[0m
[1;94m[*] [0mFuzzing test case #263 (310 total, 0 crashes saved, state: started :-), mode=explore, perf_score=200, weight=1, favorite=1, was_fuzzed=1, exec_us=102, hits=0, map=255, ascii=0, run_time=0:00:00:26)...[0m
[1;94m[*] [0mFuzzing test case #262 (310 total, 0 crashes saved, state: started :-), mode=explore, perf_score=200, weight=1, favorite=1, was_fuzzed=1, exec_us=99, hits=0, map=257, ascii=0, run_time=0:00:00:26)...[0m
[1;94m[*] [0mFuzzing test case #90 (310 total, 0 crashes saved, state: started :-), mode=explore, perf_score=100, weight=1, favorite=1, was_fuzzed=1, exec_us=102, hits=0, map=309, ascii=0, run_time=0:00:00:26)...[0m
[1;94m[*] [0mFuzzing test case #294 (310 total, 0 crashes saved, state: started :-), mode=explore, perf_score=100, weight=1, favorite=1, was_fuzzed=1, exec_us=81, hits=0, map=89, ascii=0, run_time=0:00:00:26)...[0m
[1;94m[*] [0mFuzzing test case #292 (310 total, 0 crashes saved, state: started :-), mode=explore, perf_score=150, weight=1, favorite=1, was_fuzzed=1, exec_us=83, hits=0, map=158, ascii=0, run_time=0:00:00:26)...[0m
[1;94m[*] [0mFuzzing test case #283 (310 total, 0 crashes saved, state: started :-), mode=explore, perf_score=50, weight=1, favorite=1, was_fuzzed=1, exec_us=81, hits=0, map=78, ascii=0, run_time=0:00:00:26)...[0m
[1;94m[*] [0mFuzzing test case #186 (310 total, 0 crashes saved, state: started :-), mode=explore, perf_score=25, weight=1, favorite=1, was_fuzzed=1, exec_us=78, hits=0, map=68, ascii=0, run_time=0:00:00:26)...[0m
[1;94m[*] [0mFuzzing test case #4 (310 total, 0 crashes saved, state: started :-), mode=explore, perf_score=25, weight=1, favorite=1, was_fuzzed=1, exec_us=79, hits=0, map=47, ascii=0, run_time=0:00:00:26)...[0m
[1;94m[*] [0mFuzzing test case #290 (310 total, 0 crashes saved, state: started :-), mode=explore, perf_score=100, weight=1, favorite=1, was_fuzzed=1, exec_us=83, hits=0, map=91, ascii=0, run_time=0:00:00:26)...[0m
[1;94m[*] [0mFuzzing test case #162 (310 total, 0 crashes saved, state: started :-), mode=explore, perf_score=25, weight=1, favorite=1, was_fuzzed=1, exec_us=77, hits=0, map=78, ascii=0, run_time=0:00:00:26)...[0m
[1;94m[*] [0mFuzzing test case #5 (310 total, 0 crashes saved, state: started :-), mode=explore, perf_score=25, weight=1, favorite=1, was_fuzzed=1, exec_us=78, hits=0, map=54, ascii=0, run_time=0:00:00:26)...[0m
[1;94m[*] [0mFuzzing test case #294 (310 total, 0 crashes saved, state: started :-), mode=explore, perf_score=100, weight=1, favorite=1, was_fuzzed=1, exec_us=81, hits=0, map=89, ascii=0, run_time=0:00:00:26)...[0m
[1;94m[*] [0mFuzzing test case #254 (310 total, 0 crashes saved, state: started :-), mode=explore, perf_score=200, weight=1, favorite=1, was_fuzzed=1, exec_us=95, hits=0, map=223, ascii=0, run_time=0:00:00:26)...[0m
[1;94m[*] [0mFuzzing test case #293 (310 total, 0 crashes saved, state: started :-), mode=explore, perf_score=25, weight=1, favorite=1, was_fuzzed=1, exec_us=87, hits=0, map=66, ascii=0, run_time=0:00:00:26)...[0m
[1;94m[*] [0mFuzzing test case #166 (310 total, 0 crashes saved, state: started :-), mode=explore, perf_score=150, weight=0, favorite=1, was_fuzzed=1, exec_us=106, hits=0, map=353, ascii=0, run_time=0:00:00:26)...[0m
[1;94m[*] [0mFuzzing test case #280 (310 total, 0 crashes saved, state: started :-), mode=explore, perf_score=200, weight=1, favorite=1, was_fuzzed=1, exec_us=102, hits=0, map=287, ascii=0, run_time=0:00:00:26)...[0m
[1;94m[*] [0mFuzzing test case #242 (310 total, 0 crashes saved, state: started :-), mode=explore, perf_score=100, weight=1, favorite=1, was_fuzzed=1, exec_us=102, hits=0, map=277, ascii=0, run_time=0:00:00:26)...[0m
[1;94m[*] [0mFuzzing test case #309 (310 total, 0 crashes saved, state: started :-), mode=explore, perf_score=100, weight=1, favorite=1, was_fuzzed=1, exec_us=82, hits=0, map=90, ascii=0, run_time=0:00:00:26)...[0m
[1;94m[*] [0mFuzzing test case #160 (310 total, 0 crashes saved, state: started :-), mode=explore, perf_score=25, weight=1, favorite=1, was_fuzzed=1, exec_us=75, hits=0, map=78, ascii=0, run_time=0:00:00:26)...[0m
[1;94m[*] [0mFuzzing test case #267 (310 total, 0 crashes saved, state: started :-), mode=explore, perf_score=200, weight=1, favorite=1, was_fuzzed=1, exec_us=101, hits=0, map=203, ascii=0, run_time=0:00:00:26)...[0m
[1;94m[*] [0mFuzzing test case #8 (310 total, 0 crashes saved, state: started :-), mode=explore, perf_score=25, weight=1, favorite=1, was_fuzzed=1, exec_us=81, hits=0, map=78, ascii=0, run_time=0:00:00:26)...[0m
[1;94m[*] [0mFuzzing test case #293 (310 total, 0 crashes saved, state: started :-), mode=explore, perf_score=25, weight=1, favorite=1, was_fuzzed=1, exec_us=87, hits=0, map=66, ascii=0, run_time=0:00:00:26)...[0m
[1;94m[*] [0mFuzzing test case #10 (310 total, 0 crashes saved, state: started :-), mode=explore, perf_score=25, weight=1, favorite=1, was_fuzzed=1, exec_us=78, hits=0, map=79, ascii=0, run_time=0:00:00:26)...[0m
[1;94m[*] [0mFuzzing test case #294 (310 total, 0 crashes saved, state: started :-), mode=explore, perf_score=100, weight=1, favorite=1, was_fuzzed=1, exec_us=81, hits=0, map=89, ascii=0, run_time=0:00:00:26)...[0m
[1;94m[*] [0mFuzzing test case #262 (310 total, 0 crashes saved, state: started :-), mode=explore, perf_score=200, weight=1, favorite=1, was_fuzzed=1, exec_us=99, hits=0, map=257, ascii=0, run_time=0:00:00:26)...[0m
[1;94m[*] [0mFuzzing test case #44 (310 total, 0 crashes saved, state: started :-), mode=explore, perf_score=100, weight=1, favorite=0, was_fuzzed=1, exec_us=102, hits=0, map=270, ascii=0, run_time=0:00:00:26)...[0m
[1;94m[*] [0mFuzzing test case #154 (310 total, 0 crashes saved, state: started :-), mode=explore, perf_score=25, weight=1, favorite=1, was_fuzzed=1, exec_us=79, hits=0, map=75, ascii=0, run_time=0:00:00:26)...[0m
[1;94m[*] [0mFuzzing test case #284 (310 total, 0 crashes saved, state: started :-), mode=explore, perf_score=200, weight=1, favorite=1, was_fuzzed=1, exec_us=91, hits=0, map=238, ascii=0, run_time=0:00:00:26)...[0m
[1;94m[*] [0mFuzzing test case #310 (311 total, 0 crashes saved, state: started :-), mode=explore, perf_score=100, weight=1, favorite=1, was_fuzzed=0, exec_us=93, hits=0, map=199, ascii=0, run_time=0:00:00:26)...[0m
[1;94m[*] [0mFuzzing test case #240 (311 total, 0 crashes saved, state: started :-), mode=explore, perf_score=100, weight=1, favorite=1, was_fuzzed=1, exec_us=130, hits=0, map=294, ascii=0, run_time=0:00:00:26)...[0m
[1;94m[*] [0mFuzzing test case #284 (311 total, 0 crashes saved, state: started :-), mode=explore, perf_score=200, weight=1, favorite=1, was_fuzzed=1, exec_us=91, hits=0, map=238, ascii=0, run_time=0:00:00:26)...[0m
[1;94m[*] [0mFuzzing test case #309 (311 total, 0 crashes saved, state: started :-), mode=explore, perf_score=100, weight=1, favorite=1, was_fuzzed=1, exec_us=82, hits=0, map=90, ascii=0, run_time=0:00:00:26)...[0m
[1;94m[*] [0mFuzzing test case #247 (311 total, 0 crashes saved, state: started :-), mode=explore, perf_score=100, weight=1, favorite=1, was_fuzzed=1, exec_us=98, hits=0, map=291, ascii=0, run_time=0:00:00:26)...[0m
[1;94m[*] [0mFuzzing test case #4 (311 total, 0 crashes saved, state: started :-), mode=explore, perf_score=25, weight=1, favorite=1, was_fuzzed=1, exec_us=79, hits=0, map=47, ascii=0, run_time=0:00:00:26)...[0m
[1;94m[*] [0mFuzzing test case #205 (311 total, 0 crashes saved, state: started :-), mode=explore, perf_score=100, weight=0, favorite=1, was_fuzzed=1, exec_us=114, hits=0, map=293, ascii=0, run_time=0:00:00:27)...[0m
[1;94m[*] [0mFuzzing test case #95 (311 total, 0 crashes saved, state: started :-), mode=explore, perf_score=25, weight=1, favorite=1, was_fuzzed=1, exec_us=84, hits=0, map=78, ascii=0, run_time=0:00:00:27)...[0m
[1;94m[*] [0mFuzzing test case #191 (311 total, 0 crashes saved, state: started :-), mode=explore, perf_score=75, weight=1, favorite=1, was_fuzzed=1, exec_us=88, hits=0, map=156, ascii=0, run_time=0:00:00:27)...[0m
[1;94m[*] [0mFuzzing test case #88 (311 total, 0 crashes saved, state: started :-), mode=explore, perf_score=150, weight=1, favorite=1, was_fuzzed=1, exec_us=102, hits=0, map=350, ascii=0, run_time=0:00:00:27)...[0m
[1;94m[*] [0mFuzzing test case #88 (311 total, 0 crashes saved, state: started :-), mode=explore, perf_score=150, weight=1, favorite=1, was_fuzzed=1, exec_us=102, hits=0, map=350, ascii=0, run_time=0:00:00:27)...[0m
[1;94m[*] [0mFuzzing test case #3 (311 total, 0 crashes saved, state: started :-), mode=explore, perf_score=25, weight=1, favorite=1, was_fuzzed=1, exec_us=81, hits=0, map=47, ascii=0, run_time=0:00:00:27)...[0m
[1;94m[*] [0mFuzzing test case #88 (311 total, 0 crashes saved, state: started :-), mode=explore, perf_score=150, weight=1, favorite=1, was_fuzzed=1, exec_us=102, hits=0, map=350, ascii=0, run_time=0:00:00:27)...[0m
[1;94m[*] [0mFuzzing test case #309 (311 total, 0 crashes saved, state: started :-), mode=explore, perf_score=100, weight=1, favorite=1, was_fuzzed=1, exec_us=82, hits=0, map=90, ascii=0, run_time=0:00:00:27)...[0m
[1;94m[*] [0mFuzzing test case #308 (311 total, 0 crashes saved, state: started :-), mode=explore, perf_score=50, weight=1, favorite=1, was_fuzzed=1, exec_us=86, hits=0, map=90, ascii=0, run_time=0:00:00:27)...[0m
[1;94m[*] [0mFuzzing test case #262 (311 total, 0 crashes saved, state: started :-), mode=explore, perf_score=200, weight=1, favorite=1, was_fuzzed=1, exec_us=99, hits=0, map=257, ascii=0, run_time=0:00:00:27)...[0m
[1;94m[*] [0mFuzzing test case #308 (311 total, 0 crashes saved, state: started :-), mode=explore, perf_score=50, weight=1, favorite=1, was_fuzzed=1, exec_us=86, hits=0, map=90, ascii=0, run_time=0:00:00:27)...[0m
[1;94m[*] [0mFuzzing test case #95 (311 total, 0 crashes saved, state: started :-), mode=explore, perf_score=25, weight=1, favorite=1, was_fuzzed=1, exec_us=84, hits=0, map=78, ascii=0, run_time=0:00:00:27)...[0m
[1;94m[*] [0mFuzzing test case #165 (311 total, 0 crashes saved, state: started :-), mode=explore, perf_score=50, weight=1, favorite=1, was_fuzzed=1, exec_us=79, hits=0, map=89, ascii=0, run_time=0:00:00:27)...[0m
[1;94m[*] [0mFuzzing test case #6 (311 total, 0 crashes saved, state: started :-), mode=explore, perf_score=25, weight=1, favorite=1, was_fuzzed=1, exec_us=102, hits=0, map=57, ascii=0, run_time=0:00:00:27)...[0m
[1;94m[*] [0mFuzzing test case #168 (311 total, 0 crashes saved, state: started :-), mode=explore, perf_score=100, weight=1, favorite=1, was_fuzzed=1, exec_us=101, hits=0, map=302, ascii=0, run_time=0:00:00:27)...[0m
[1;94m[*] [0mFuzzing test case #195 (311 total, 0 crashes saved, state: started :-), mode=explore, perf_score=25, weight=1, favorite=1, was_fuzzed=1, exec_us=79, hits=0, map=78, ascii=0, run_time=0:00:00:27)...[0m
[1;94m[*] [0mFuzzing test case #262 (311 total, 0 crashes saved, state: started :-), mode=explore, perf_score=200, weight=1, favorite=1, was_fuzzed=1, exec_us=99, hits=0, map=257, ascii=0, run_time=0:00:00:27)...[0m
[1;94m[*] [0mFuzzing test case #263 (311 total, 0 crashes saved, state: started :-), mode=explore, perf_score=200, weight=1, favorite=1, was_fuzzed=1, exec_us=102, hits=0, map=255, ascii=0, run_time=0:00:00:27)...[0m
[1;94m[*] [0mFuzzing test case #183 (311 total, 0 crashes saved, state: started :-), mode=explore, perf_score=100, weight=0, favorite=1, was_fuzzed=1, exec_us=109, hits=0, map=326, ascii=0, run_time=0:00:00:27)...[0m
[1;94m[*] [0mFuzzing test case #233 (311 total, 0 crashes saved, state: started :-), mode=explore, perf_score=100, weight=1, favorite=1, was_fuzzed=1, exec_us=102, hits=0, map=254, ascii=0, run_time=0:00:00:27)...[0m
[1;94m[*] [0mFuzzing test case #180 (311 total, 0 crashes saved, state: started :-), mode=explore, perf_score=25, weight=1, favorite=1, was_fuzzed=1, exec_us=77, hits=0, map=65, ascii=0, run_time=0:00:00:27)...[0m
[1;94m[*] [0mFuzzing test case #289 (311 total, 0 crashes saved, state: started :-), mode=explore, perf_score=25, weight=1, favorite=1, was_fuzzed=1, exec_us=86, hits=0, map=83, ascii=0, run_time=0:00:00:27)...[0m
[1;94m[*] [0mFuzzing test case #0 (311 total, 0 crashes saved, state: started :-), mode=explore, perf_score=25, weight=1, favorite=1, was_fuzzed=1, exec_us=95, hits=0, map=47, ascii=0, run_time=0:00:00:27)...[0m
[1;94m[*] [0mFuzzing test case #305 (311 total, 0 crashes saved, state: started :-), mode=explore, perf_score=150, weight=1, favorite=1, was_fuzzed=1, exec_us=96, hits=0, map=156, ascii=0, run_time=0:00:00:27)...[0m
[1;94m[*] [0mFuzzing test case #311 (312 total, 0 crashes saved, state: started :-), mode=explore, perf_score=100, weight=1, favorite=1, was_fuzzed=0, exec_us=106, hits=0, map=159, ascii=0, run_time=0:00:00:27)...[0m
[1;94m[*] [0mFuzzing test case #263 (312 total, 0 crashes saved, state: started :-), mode=explore, perf_score=200, weight=1, favorite=1, was_fuzzed=1, exec_us=102, hits=0, map=255, ascii=0, run_time=0:00:00:27)...[0m
[1;94m[*] [0mFuzzing test case #191 (312 total, 0 crashes saved, state: started :-), mode=explore, perf_score=75, weight=1, favorite=1, was_fuzzed=1, exec_us=88, hits=0, map=156, ascii=0, run_time=0:00:00:27)...[0m
[1;94m[*] [0mFuzzing test case #254 (312 total, 0 crashes saved, state: started :-), mode=explore, perf_score=200, weight=1, favorite=1, was_fuzzed=1, exec_us=95, hits=0, map=223, ascii=0, run_time=0:00:00:27)...[0m
[1;94m[*] [0mFuzzing test case #202 (312 total, 0 crashes saved, state: started :-), mode=explore, perf_score=150, weight=0, favorite=1, was_fuzzed=1, exec_us=114, hits=0, map=349, ascii=0, run_time=0:00:00:27)...[0m
[1;94m[*] [0mFuzzing test case #233 (312 total, 0 crashes saved, state: started :-), mode=explore, perf_score=100, weight=1, favorite=1, was_fuzzed=1, exec_us=102, hits=0, map=254, ascii=0, run_time=0:00:00:27)...[0m
[1;94m[*] [0mFuzzing test case #160 (312 total, 0 crashes saved, state: started :-), mode=explore, perf_score=25, weight=1, favorite=1, was_fuzzed=1, exec_us=75, hits=0, map=78, ascii=0, run_time=0:00:00:27)...[0m
[1;94m[*] [0mFuzzing test case #10 (312 total, 0 crashes saved, state: started :-), mode=explore, perf_score=25, weight=1, favorite=1, was_fuzzed=1, exec_us=78, hits=0, map=79, ascii=0, run_time=0:00:00:27)...[0m
[1;94m[*] [0mFuzzing test case #243 (312 total, 0 crashes saved, state: started :-), mode=explore, perf_score=100, weight=1, favorite=1, was_fuzzed=1, exec_us=100, hits=0, map=275, ascii=0, run_time=0:00:00:27)...[0m
[1;94m[*] [0mEntering queue cycle 7
[0m
[1;94m[*] [0mFuzzing test case #6 (312 total, 0 crashes saved, state: started :-), mode=explore, perf_score=25, weight=1, favorite=1, was_fuzzed=1, exec_us=102, hits=0, map=57, ascii=0, run_time=0:00:00:27)...[0m
[1;94m[*] [0mFuzzing test case #308 (312 total, 0 crashes saved, state: started :-), mode=explore, perf_score=50, weight=1, favorite=1, was_fuzzed=1, exec_us=86, hits=0, map=90, ascii=0, run_time=0:00:00:27)...[0m
[1;94m[*] [0mFuzzing test case #191 (312 total, 0 crashes saved, state: started :-), mode=explore, perf_score=75, weight=1, favorite=1, was_fuzzed=1, exec_us=88, hits=0, map=156, ascii=0, run_time=0:00:00:27)...[0m
[1;94m[*] [0mFuzzing test case #111 (312 total, 0 crashes saved, state: started :-), mode=explore, perf_score=100, weight=1, favorite=0, was_fuzzed=1, exec_us=101, hits=0, map=280, ascii=0, run_time=0:00:00:27)...[0m
[1;94m[*] [0mFuzzing test case #178 (312 total, 0 crashes saved, state: started :-), mode=explore, perf_score=100, weight=0, favorite=1, was_fuzzed=1, exec_us=106, hits=0, map=167, ascii=0, run_time=0:00:00:27)...[0m
[1;94m[*] [0mFuzzing test case #161 (312 total, 0 crashes saved, state: started :-), mode=explore, perf_score=25, weight=1, favorite=1, was_fuzzed=1, exec_us=76, hits=0, map=78, ascii=0, run_time=0:00:00:27)...[0m
[1;94m[*] [0mFuzzing test case #262 (312 total, 0 crashes saved, state: started :-), mode=explore, perf_score=200, weight=1, favorite=1, was_fuzzed=1, exec_us=99, hits=0, map=257, ascii=0, run_time=0:00:00:27)...[0m
[1;94m[*] [0mFuzzing test case #195 (312 total, 0 crashes saved, state: started :-), mode=explore, perf_score=25, weight=1, favorite=1, was_fuzzed=1, exec_us=79, hits=0, map=78, ascii=0, run_time=0:00:00:27)...[0m
[1;94m[*] [0mFuzzing test case #3 (312 total, 0 crashes saved, state: started :-), mode=explore, perf_score=25, weight=1, favorite=1, was_fuzzed=1, exec_us=81, hits=0, map=47, ascii=0, run_time=0:00:00:27)...[0m
[1;94m[*] [0mFuzzing test case #185 (312 total, 0 crashes saved, state: started :-), mode=explore, perf_score=50, weight=1, favorite=1, was_fuzzed=1, exec_us=78, hits=0, map=91, ascii=0, run_time=0:00:00:27)...[0m
[1;94m[*] [0mFuzzing test case #10 (312 total, 0 crashes saved, state: started :-), mode=explore, perf_score=25, weight=1, favorite=1, was_fuzzed=1, exec_us=78, hits=0, map=79, ascii=0, run_time=0:00:00:27)...[0m
[1;94m[*] [0mFuzzing test case #231 (312 total, 0 crashes saved, state: started :-), mode=explore, perf_score=100, weight=1, favorite=1, was_fuzzed=1, exec_us=94, hits=0, map=204, ascii=0, run_time=0:00:00:27)...[0m
[1;94m[*] [0mFuzzing test case #155 (312 total, 0 crashes saved, state: started :-), mode=explore, perf_score=100, weight=1, favorite=1, was_fuzzed=1, exec_us=102, hits=0, map=293, ascii=0, run_time=0:00:00:27)...[0m
[1;94m[*] [0mFuzzing test case #8 (312 total, 0 crashes saved, state: started :-), mode=explore, perf_score=25, weight=1, favorite=1, was_fuzzed=1, exec_us=81, hits=0, map=78, ascii=0, run_time=0:00:00:27)...[0m
[1;94m[*] [0mFuzzing test case #266 (312 total, 0 crashes saved, state: started :-), mode=explore, perf_score=200, weight=1, favorite=0, was_fuzzed=1, exec_us=94, hits=0, map=206, ascii=0, run_time=0:00:00:27)...[0m
[1;94m[*] [0mFuzzing test case #290 (312 total, 0 crashes saved, state: started :-), mode=explore, perf_score=100, weight=1, favorite=1, was_fuzzed=1, exec_us=83, hits=0, map=91, ascii=0, run_time=0:00:00:27)...[0m
[1;94m[*] [0mFuzzing test case #155 (312 total, 0 crashes saved, state: started :-), mode=explore, perf_score=100, weight=1, favorite=1, was_fuzzed=1, exec_us=102, hits=0, map=293, ascii=0, run_time=0:00:00:27)...[0m
[1;94m[*] [0mFuzzing test case #308 (312 total, 0 crashes saved, state: started :-), mode=explore, perf_score=50, weight=1, favorite=1, was_fuzzed=1, exec_us=86, hits=0, map=90, ascii=0, run_time=0:00:00:27)...[0m
[1;94m[*] [0mFuzzing test case #293 (312 total, 0 crashes saved, state: started :-), mode=explore, perf_score=25, weight=1, favorite=1, was_fuzzed=1, exec_us=87, hits=0, map=66, ascii=0, run_time=0:00:00:27)...[0m
[1;94m[*] [0mFuzzing test case #33 (312 total, 0 crashes saved, state: started :-), mode=explore, perf_score=100, weight=1, favorite=0, was_fuzzed=1, exec_us=101, hits=0, map=284, ascii=0, run_time=0:00:00:27)...[0m
[1;94m[*] [0mFuzzing test case #280 (312 total, 0 crashes saved, state: started :-), mode=explore, perf_score=200, weight=1, favorite=1, was_fuzzed=1, exec_us=102, hits=0, map=287, ascii=0, run_time=0:00:00:27)...[0m
[1;94m[*] [0mFuzzing test case #243 (312 total, 0 crashes saved, state: started :-), mode=explore, perf_score=100, weight=1, favorite=1, was_fuzzed=1, exec_us=100, hits=0, map=275, ascii=0, run_time=0:00:00:27)...[0m
[1;94m[*] [0mFuzzing test case #280 (313 total, 0 crashes saved, state: started :-), mode=explore, perf_score=200, weight=1, favorite=1, was_fuzzed=1, exec_us=102, hits=0, map=287, ascii=0, run_time=0:00:00:27)...[0m
[1;94m[*] [0mFuzzing test case #243 (313 total, 0 crashes saved, state: started :-), mode=explore, perf_score=100, weight=1, favorite=1, was_fuzzed=1, exec_us=100, hits=0, map=275, ascii=0, run_time=0:00:00:27)...[0m
[1;94m[*] [0mFuzzing test case #284 (313 total, 0 crashes saved, state: started :-), mode=explore, perf_score=200, weight=1, favorite=1, was_fuzzed=1, exec_us=91, hits=0, map=238, ascii=0, run_time=0:00:00:27)...[0m
[1;94m[*] [0mFuzzing test case #180 (313 total, 0 crashes saved, state: started :-), mode=explore, perf_score=25, weight=1, favorite=1, was_fuzzed=1, exec_us=77, hits=0, map=65, ascii=0, run_time=0:00:00:27)...[0m
[1;94m[*] [0mFuzzing test case #6 (313 total, 0 crashes saved, state: started :-), mode=explore, perf_score=25, weight=1, favorite=1, was_fuzzed=1, exec_us=102, hits=0, map=57, ascii=0, run_time=0:00:00:27)...[0m
[1;94m[*] [0mFuzzing test case #290 (313 total, 0 crashes saved, state: started :-), mode=explore, perf_score=100, weight=1, favorite=1, was_fuzzed=1, exec_us=83, hits=0, map=91, ascii=0, run_time=0:00:00:27)...[0m
[1;94m[*] [0mFuzzing test case #147 (313 total, 0 crashes saved, state: started :-), mode=explore, perf_score=100, weight=1, favorite=0, was_fuzzed=1, exec_us=129, hits=0, map=292, ascii=0, run_time=0:00:00:27)...[0m
[1;94m[*] [0mFuzzing test case #168 (313 total, 0 crashes saved, state: started :-), mode=explore, perf_score=100, weight=1, favorite=1, was_fuzzed=1, exec_us=101, hits=0, map=302, ascii=0, run_time=0:00:00:27)...[0m
[1;94m[*] [0mFuzzing test case #3 (313 total, 0 crashes saved, state: started :-), mode=explore, perf_score=25, weight=1, favorite=1, was_fuzzed=1, exec_us=81, hits=0, map=47, ascii=0, run_time=0:00:00:27)...[0m
[1;94m[*] [0mFuzzing test case #233 (313 total, 0 crashes saved, state: started :-), mode=explore, perf_score=100, weight=1, favorite=1, was_fuzzed=1, exec_us=102, hits=0, map=254, ascii=0, run_time=0:00:00:27)...[0m
[1;94m[*] [0mFuzzing test case #313 (314 total, 0 crashes saved, state: started :-), mode=explore, perf_score=100, weight=1, favorite=1, was_fuzzed=0, exec_us=109, hits=0, map=251, ascii=0, run_time=0:00:00:27)...[0m
[1;94m[*] [0mFuzzing test case #283 (314 total, 0 crashes saved, state: started :-), mode=explore, perf_score=50, weight=1, favorite=1, was_fuzzed=1, exec_us=81, hits=0, map=78, ascii=0, run_time=0:00:00:27)...[0m
[1;94m[*] [0mFuzzing test case #165 (314 total, 0 crashes saved, state: started :-), mode=explore, perf_score=50, weight=1, favorite=1, was_fuzzed=1, exec_us=79, hits=0, map=89, ascii=0, run_time=0:00:00:27)...[0m
[1;94m[*] [0mFuzzing test case #289 (314 total, 0 crashes saved, state: started :-), mode=explore, perf_score=25, weight=1, favorite=1, was_fuzzed=1, exec_us=86, hits=0, map=83, ascii=0, run_time=0:00:00:27)...[0m
[1;94m[*] [0mFuzzing test case #146 (314 total, 0 crashes saved, state: started :-), mode=explore, perf_score=100, weight=0, favorite=1, was_fuzzed=1, exec_us=105, hits=0, map=285, ascii=0, run_time=0:00:00:27)...[0m
[1;94m[*] [0mFuzzing test case #160 (314 total, 0 crashes saved, state: started :-), mode=explore, perf_score=25, weight=1, favorite=1, was_fuzzed=1, exec_us=75, hits=0, map=78, ascii=0, run_time=0:00:00:27)...[0m
[1;94m[*] [0mFuzzing test case #284 (314 total, 0 crashes saved, state: started :-), mode=explore, perf_score=200, weight=1, favorite=1, was_fuzzed=1, exec_us=91, hits=0, map=238, ascii=0, run_time=0:00:00:27)...[0m
[1;94m[*] [0mFuzzing test case #162 (314 total, 0 crashes saved, state: started :-), mode=explore, perf_score=25, weight=1, favorite=1, was_fuzzed=1, exec_us=77, hits=0, map=78, ascii=0, run_time=0:00:00:27)...[0m
[1;94m[*] [0mFuzzing test case #277 (314 total, 0 crashes saved, state: started :-), mode=explore, perf_score=200, weight=1, favorite=1, was_fuzzed=1, exec_us=84, hits=0, map=182, ascii=0, run_time=0:00:00:27)...[0m
[1;94m[*] [0mFuzzing test case #10 (314 total, 0 crashes saved, state: started :-), mode=explore, perf_score=25, weight=1, favorite=1, was_fuzzed=1, exec_us=78, hits=0, map=79, ascii=0, run_time=0:00:00:27)...[0m
[1;94m[*] [0mFuzzing test case #280 (314 total, 0 crashes saved, state: started :-), mode=explore, perf_score=200, weight=1, favorite=1, was_fuzzed=1, exec_us=102, hits=0, map=287, ascii=0, run_time=0:00:00:27)...[0m
[1;94m[*] [0mFuzzing test case #229 (314 total, 0 crashes saved, state: started :-), mode=explore, perf_score=100, weight=0, favorite=1, was_fuzzed=1, exec_us=108, hits=0, map=297, ascii=0, run_time=0:00:00:27)...[0m
[1;94m[*] [0mFuzzing test case #23 (314 total, 0 crashes saved, state: started :-), mode=explore, perf_score=100, weight=0, favorite=0, was_fuzzed=1, exec_us=106, hits=0, map=245, ascii=0, run_time=0:00:00:27)...[0m
[1;94m[*] [0mFuzzing test case #247 (314 total, 0 crashes saved, state: started :-), mode=explore, perf_score=100, weight=1, favorite=1, was_fuzzed=1, exec_us=98, hits=0, map=291, ascii=0, run_time=0:00:00:27)...[0m
[1;94m[*] [0mFuzzing test case #163 (314 total, 0 crashes saved, state: started :-), mode=explore, perf_score=25, weight=1, favorite=0, was_fuzzed=1, exec_us=80, hits=0, map=78, ascii=0, run_time=0:00:00:27)...[0m
[1;94m[*] [0mFuzzing test case #155 (314 total, 0 crashes saved, state: started :-), mode=explore, perf_score=100, weight=1, favorite=1, was_fuzzed=1, exec_us=102, hits=0, map=293, ascii=0, run_time=0:00:00:27)...[0m
[1;94m[*] [0mFuzzing test case #289 (314 total, 0 crashes saved, state: started :-), mode=explore, perf_score=25, weight=1, favorite=1, was_fuzzed=1, exec_us=86, hits=0, map=83, ascii=0, run_time=0:00:00:27)...[0m
[1;94m[*] [0mFuzzing test case #155 (314 total, 0 crashes saved, state: started :-), mode=explore, perf_score=100, weight=1, favorite=1, was_fuzzed=1, exec_us=102, hits=0, map=293, ascii=0, run_time=0:00:00:27)...[0m
[1;94m[*] [0mFuzzing test case #190 (314 total, 0 crashes saved, state: started :-), mode=explore, perf_score=100, weight=1, favorite=1, was_fuzzed=1, exec_us=86, hits=0, map=171, ascii=0, run_time=0:00:00:27)...[0m
[1;94m[*] [0mFuzzing test case #284 (314 total, 0 crashes saved, state: started :-), mode=explore, perf_score=200, weight=1, favorite=1, was_fuzzed=1, exec_us=91, hits=0, map=238, ascii=0, run_time=0:00:00:27)...[0m
[1;94m[*] [0mFuzzing test case #167 (314 total, 0 crashes saved, state: started :-), mode=explore, perf_score=100, weight=1, favorite=1, was_fuzzed=1, exec_us=87, hits=0, map=172, ascii=0, run_time=0:00:00:27)...[0m
[1;94m[*] [0mFuzzing test case #218 (314 total, 0 crashes saved, state: started :-), mode=explore, perf_score=100, weight=0, favorite=1, was_fuzzed=1, exec_us=106, hits=0, map=295, ascii=0, run_time=0:00:00:27)...[0m
[1;94m[*] [0mFuzzing test case #3 (314 total, 0 crashes saved, state: started :-), mode=explore, perf_score=25, weight=1, favorite=1, was_fuzzed=1, exec_us=81, hits=0, map=47, ascii=0, run_time=0:00:00:27)...[0m
[1;94m[*] [0mFuzzing test case #271 (314 total, 0 crashes saved, state: started :-), mode=explore, perf_score=200, weight=1, favorite=1, was_fuzzed=1, exec_us=90, hits=0, map=235, ascii=0, run_time=0:00:00:27)...[0m
[1;94m[*] [0mFuzzing test case #276 (314 total, 0 crashes saved, state: started :-), mode=explore, perf_score=50, weight=1, favorite=1, was_fuzzed=1, exec_us=79, hits=0, map=90, ascii=0, run_time=0:00:00:27)...[0m
[1;94m[*] [0mFuzzing test case #254 (314 total, 0 crashes saved, state: started :-), mode=explore, perf_score=200, weight=1, favorite=1, was_fuzzed=1, exec_us=95, hits=0, map=223, ascii=0, run_time=0:00:00:27)...[0m
[1;94m[*] [0mFuzzing test case #93 (314 total, 0 crashes saved, state: started :-), mode=explore, perf_score=25, weight=0, favorite=0, was_fuzzed=0, exec_us=109, hits=0, map=69, ascii=0, run_time=0:00:00:27)...[0m
[1;94m[*] [0mFuzzing test case #216 (314 total, 0 crashes saved, state: started :-), mode=explore, perf_score=100, weight=0, favorite=0, was_fuzzed=0, exec_us=104, hits=0, map=305, ascii=0, run_time=0:00:00:27)...[0m
[1;94m[*] [0mFuzzing test case #280 (314 total, 0 crashes saved, state: started :-), mode=explore, perf_score=200, weight=1, favorite=1, was_fuzzed=1, exec_us=102, hits=0, map=287, ascii=0, run_time=0:00:00:27)...[0m
[1;94m[*] [0mFuzzing test case #292 (314 total, 0 crashes saved, state: started :-), mode=explore, perf_score=150, weight=1, favorite=1, was_fuzzed=1, exec_us=83, hits=0, map=158, ascii=0, run_time=0:00:00:27)...[0m
[1;94m[*] [0mFuzzing test case #186 (314 total, 0 crashes saved, state: started :-), mode=explore, perf_score=25, weight=1, favorite=1, was_fuzzed=1, exec_us=78, hits=0, map=68, ascii=0, run_time=0:00:00:27)...[0m
[1;94m[*] [0mFuzzing test case #155 (314 total, 0 crashes saved, state: started :-), mode=explore, perf_score=100, weight=1, favorite=1, was_fuzzed=1, exec_us=102, hits=0, map=293, ascii=0, run_time=0:00:00:27)...[0m
[1;94m[*] [0mFuzzing test case #308 (314 total, 0 crashes saved, state: started :-), mode=explore, perf_score=50, weight=1, favorite=1, was_fuzzed=1, exec_us=86, hits=0, map=90, ascii=0, run_time=0:00:00:27)...[0m
[1;94m[*] [0mFuzzing test case #168 (314 total, 0 crashes saved, state: started :-), mode=explore, perf_score=100, weight=1, favorite=1, was_fuzzed=1, exec_us=101, hits=0, map=302, ascii=0, run_time=0:00:00:27)...[0m
[1;94m[*] [0mFuzzing test case #263 (314 total, 0 crashes saved, state: started :-), mode=explore, perf_score=200, weight=1, favorite=1, was_fuzzed=1, exec_us=102, hits=0, map=255, ascii=0, run_time=0:00:00:27)...[0m
[1;94m[*] [0mFuzzing test case #188 (314 total, 0 crashes saved, state: started :-), mode=explore, perf_score=50, weight=1, favorite=1, was_fuzzed=1, exec_us=82, hits=0, map=90, ascii=0, run_time=0:00:00:27)...[0m
[1;94m[*] [0mFuzzing test case #229 (314 total, 0 crashes saved, state: started :-), mode=explore, perf_score=100, weight=0, favorite=1, was_fuzzed=1, exec_us=108, hits=0, map=297, ascii=0, run_time=0:00:00:27)...[0m
[1;94m[*] [0mFuzzing test case #186 (314 total, 0 crashes saved, state: started :-), mode=explore, perf_score=25, weight=1, favorite=1, was_fuzzed=1, exec_us=78, hits=0, map=68, ascii=0, run_time=0:00:00:27)...[0m
[1;94m[*] [0mFuzzing test case #247 (314 total, 0 crashes saved, state: started :-), mode=explore, perf_score=100, weight=1, favorite=1, was_fuzzed=1, exec_us=98, hits=0, map=291, ascii=0, run_time=0:00:00:27)...[0m
[1;94m[*] [0mFuzzing test case #303 (314 total, 0 crashes saved, state: started :-), mode=explore, perf_score=200, weight=0, favorite=0, was_fuzzed=0, exec_us=104, hits=0, map=311, ascii=0, run_time=0:00:00:28)...[0m
[1;94m[*] [0mFuzzing test case #309 (315 total, 0 crashes saved, state: started :-), mode=explore, perf_score=100, weight=1, favorite=1, was_fuzzed=1, exec_us=82, hits=0, map=90, ascii=0, run_time=0:00:00:28)...[0m
[1;94m[*] [0mFuzzing test case #247 (315 total, 0 crashes saved, state: started :-), mode=explore, perf_score=100, weight=1, favorite=1, was_fuzzed=1, exec_us=98, hits=0, map=291, ascii=0, run_time=0:00:00:28)...[0m
[1;94m[*] [0mFuzzing test case #288 (315 total, 0 crashes saved, state: started :-), mode=explore, perf_score=100, weight=1, favorite=1, was_fuzzed=1, exec_us=82, hits=0, map=88, ascii=0, run_time=0:00:00:28)...[0m
[1;94m[*] [0mFuzzing test case #283 (315 total, 0 crashes saved, state: started :-), mode=explore, perf_score=50, weight=1, favorite=1, was_fuzzed=1, exec_us=81, hits=0, map=78, ascii=0, run_time=0:00:00:28)...[0m
[1;94m[*] [0mFuzzing test case #284 (315 total, 0 crashes saved, state: started :-), mode=explore, perf_score=200, weight=1, favorite=1, was_fuzzed=1, exec_us=91, hits=0, map=238, ascii=0, run_time=0:00:00:28)...[0m
[1;94m[*] [0mFuzzing test case #6 (315 total, 0 crashes saved, state: started :-), mode=explore, perf_score=25, weight=1, favorite=1, was_fuzzed=1, exec_us=102, hits=0, map=57, ascii=0, run_time=0:00:00:28)...[0m
[1;94m[*] [0mFuzzing test case #167 (315 total, 0 crashes saved, state: started :-), mode=explore, perf_score=100, weight=1, favorite=1, was_fuzzed=1, exec_us=87, hits=0, map=172, ascii=0, run_time=0:00:00:28)...[0m
[1;94m[*] [0mFuzzing test case #15 (315 total, 0 crashes saved, state: started :-), mode=explore, perf_score=100, weight=0, favorite=1, was_fuzzed=1, exec_us=103, hits=0, map=285, ascii=0, run_time=0:00:00:28)...[0m
[1;94m[*] [0mFuzzing test case #271 (315 total, 0 crashes saved, state: started :-), mode=explore, perf_score=200, weight=1, favorite=1, was_fuzzed=1, exec_us=90, hits=0, map=235, ascii=0, run_time=0:00:00:28)...[0m
[1;94m[*] [0mFuzzing test case #6 (315 total, 0 crashes saved, state: started :-), mode=explore, perf_score=25, weight=1, favorite=1, was_fuzzed=1, exec_us=102, hits=0, map=57, ascii=0, run_time=0:00:00:28)...[0m
[1;94m[*] [0mFuzzing test case #186 (315 total, 0 crashes saved, state: started :-), mode=explore, perf_score=25, weight=1, favorite=1, was_fuzzed=1, exec_us=78, hits=0, map=68, ascii=0, run_time=0:00:00:28)...[0m
[1;94m[*] [0mFuzzing test case #188 (315 total, 0 crashes saved, state: started :-), mode=explore, perf_score=50, weight=1, favorite=1, was_fuzzed=1, exec_us=82, hits=0, map=90, ascii=0, run_time=0:00:00:28)...[0m
[1;94m[*] [0mFuzzing test case #243 (315 total, 0 crashes saved, state: started :-), mode=explore, perf_score=100, weight=1, favorite=1, was_fuzzed=1, exec_us=100, hits=0, map=275, ascii=0, run_time=0:00:00:28)...[0m
[1;94m[*] [0mFuzzing test case #126 (315 total, 0 crashes saved, state: started :-), mode=explore, perf_score=100, weight=1, favorite=0, was_fuzzed=1, exec_us=102, hits=0, map=296, ascii=0, run_time=0:00:00:28)...[0m
[1;94m[*] [0mFuzzing test case #290 (315 total, 0 crashes saved, state: started :-), mode=explore, perf_score=100, weight=1, favorite=1, was_fuzzed=1, exec_us=83, hits=0, map=91, ascii=0, run_time=0:00:00:28)...[0m
[1;94m[*] [0mFuzzing test case #180 (315 total, 0 crashes saved, state: started :-), mode=explore, perf_score=25, weight=1, favorite=1, was_fuzzed=1, exec_us=77, hits=0, map=65, ascii=0, run_time=0:00:00:28)...[0m
[1;94m[*] [0mFuzzing test case #162 (315 total, 0 crashes saved, state: started :-), mode=explore, perf_score=25, weight=1, favorite=1, was_fuzzed=1, exec_us=77, hits=0, map=78, ascii=0, run_time=0:00:00:28)...[0m
[1;94m[*] [0mFuzzing test case #81 (315 total, 0 crashes saved, state: started :-), mode=explore, perf_score=100, weight=0, favorite=1, was_fuzzed=1, exec_us=108, hits=0, map=328, ascii=0, run_time=0:00:00:28)...[0m
[1;94m[*] [0mFuzzing test case #167 (315 total, 0 crashes saved, state: started :-), mode=explore, perf_score=100, weight=1, favorite=1, was_fuzzed=1, exec_us=87, hits=0, map=172, ascii=0, run_time=0:00:00:28)...[0m
[1;94m[*] [0mFuzzing test case #10 (315 total, 0 crashes saved, state: started :-), mode=explore, perf_score=25, weight=1, favorite=1, was_fuzzed=1, exec_us=78, hits=0, map=79, ascii=0, run_time=0:00:00:28)...[0m
[1;94m[*] [0mFuzzing test case #80 (315 total, 0 crashes saved, state: started :-), mode=explore, perf_score=100, weight=0, favorite=1, was_fuzzed=1, exec_us=106, hits=0, map=320, ascii=0, run_time=0:00:00:28)...[0m
[1;94m[*] [0mFuzzing test case #96 (315 total, 0 crashes saved, state: started :-), mode=explore, perf_score=50, weight=1, favorite=1, was_fuzzed=1, exec_us=82, hits=0, map=84, ascii=0, run_time=0:00:00:28)...[0m
[1;94m[*] [0mFuzzing test case #4 (315 total, 0 crashes saved, state: started :-), mode=explore, perf_score=25, weight=1, favorite=1, was_fuzzed=1, exec_us=79, hits=0, map=47, ascii=0, run_time=0:00:00:28)...[0m
[1;94m[*] [0mFuzzing test case #186 (315 total, 0 crashes saved, state: started :-), mode=explore, perf_score=25, weight=1, favorite=1, was_fuzzed=1, exec_us=78, hits=0, map=68, ascii=0, run_time=0:00:00:28)...[0m
[1;94m[*] [0mFuzzing test case #199 (315 total, 0 crashes saved, state: started :-), mode=explore, perf_score=25, weight=1, favorite=1, was_fuzzed=1, exec_us=95, hits=0, map=79, ascii=0, run_time=0:00:00:28)...[0m
[1;94m[*] [0mFuzzing test case #160 (315 total, 0 crashes saved, state: started :-), mode=explore, perf_score=25, weight=1, favorite=1, was_fuzzed=1, exec_us=75, hits=0, map=78, ascii=0, run_time=0:00:00:28)...[0m
[1;94m[*] [0mFuzzing test case #185 (315 total, 0 crashes saved, state: started :-), mode=explore, perf_score=50, weight=1, favorite=1, was_fuzzed=1, exec_us=78, hits=0, map=91, ascii=0, run_time=0:00:00:28)...[0m
[1;94m[*] [0mFuzzing test case #190 (315 total, 0 crashes saved, state: started :-), mode=explore, perf_score=100, weight=1, favorite=1, was_fuzzed=1, exec_us=86, hits=0, map=171, ascii=0, run_time=0:00:00:28)...[0m
[1;94m[*] [0mFuzzing test case #165 (315 total, 0 crashes saved, state: started :-), mode=explore, perf_score=50, weight=1, favorite=1, was_fuzzed=1, exec_us=79, hits=0, map=89, ascii=0, run_time=0:00:00:28)...[0m
[1;94m[*] [0mFuzzing test case #288 (315 total, 0 crashes saved, state: started :-), mode=explore, perf_score=100, weight=1, favorite=1, was_fuzzed=1, exec_us=82, hits=0, map=88, ascii=0, run_time=0:00:00:28)...[0m
[1;94m[*] [0mFuzzing test case #231 (315 total, 0 crashes saved, state: started :-), mode=explore, perf_score=100, weight=1, favorite=1, was_fuzzed=1, exec_us=94, hits=0, map=204, ascii=0, run_time=0:00:00:28)...[0m
[1;94m[*] [0mFuzzing test case #19 (315 total, 0 crashes saved, state: started :-), mode=explore, perf_score=100, weight=1, favorite=0, was_fuzzed=1, exec_us=102, hits=0, map=251, ascii=0, run_time=0:00:00:28)...[0m
[1;94m[*] [0mFuzzing test case #186 (315 total, 0 crashes saved, state: started :-), mode=explore, perf_score=25, weight=1, favorite=1, was_fuzzed=1, exec_us=78, hits=0, map=68, ascii=0, run_time=0:00:00:28)...[0m
[1;94m[*] [0mFuzzing test case #0 (315 total, 0 crashes saved, state: started :-), mode=explore, perf_score=25, weight=1, favorite=1, was_fuzzed=1, exec_us=95, hits=0, map=47, ascii=0, run_time=0:00:00:28)...[0m
[1;94m[*] [0mFuzzing test case #240 (315 total, 0 crashes saved, state: started :-), mode=explore, perf_score=100, weight=1, favorite=1, was_fuzzed=1, exec_us=130, hits=0, map=294, ascii=0, run_time=0:00:00:28)...[0m
[1;94m[*] [0mFuzzing test case #167 (315 total, 0 crashes saved, state: started :-), mode=explore, perf_score=100, weight=1, favorite=1, was_fuzzed=1, exec_us=87, hits=0, map=172, ascii=0, run_time=0:00:00:28)...[0m
[1;94m[*] [0mFuzzing test case #155 (315 total, 0 crashes saved, state: started :-), mode=explore, perf_score=100, weight=1, favorite=1, was_fuzzed=1, exec_us=102, hits=0, map=293, ascii=0, run_time=0:00:00:28)...[0m
[1;94m[*] [0mFuzzing test case #305 (315 total, 0 crashes saved, state: started :-), mode=explore, perf_score=150, weight=1, favorite=1, was_fuzzed=1, exec_us=96, hits=0, map=156, ascii=0, run_time=0:00:00:28)...[0m
[1;94m[*] [0mFuzzing test case #0 (315 total, 0 crashes saved, state: started :-), mode=explore, perf_score=25, weight=1, favorite=1, was_fuzzed=1, exec_us=95, hits=0, map=47, ascii=0, run_time=0:00:00:28)...[0m
[1;94m[*] [0mFuzzing test case #88 (315 total, 0 crashes saved, state: started :-), mode=explore, perf_score=150, weight=1, favorite=1, was_fuzzed=1, exec_us=102, hits=0, map=350, ascii=0, run_time=0:00:00:28)...[0m
[1;94m[*] [0mFuzzing test case #264 (315 total, 0 crashes saved, state: started :-), mode=explore, perf_score=200, weight=0, favorite=0, was_fuzzed=1, exec_us=106, hits=0, map=302, ascii=0, run_time=0:00:00:28)...[0m
[1;94m[*] [0mFuzzing test case #254 (315 total, 0 crashes saved, state: started :-), mode=explore, perf_score=200, weight=1, favorite=1, was_fuzzed=1, exec_us=95, hits=0, map=223, ascii=0, run_time=0:00:00:28)...[0m
[1;94m[*] [0mFuzzing test case #28 (315 total, 0 crashes saved, state: started :-), mode=explore, perf_score=100, weight=0, favorite=0, was_fuzzed=0, exec_us=105, hits=0, map=280, ascii=0, run_time=0:00:00:28)...[0m
[1;94m[*] [0mFuzzing test case #167 (315 total, 0 crashes saved, state: started :-), mode=explore, perf_score=100, weight=1, favorite=1, was_fuzzed=1, exec_us=87, hits=0, map=172, ascii=0, run_time=0:00:00:28)...[0m
[1;94m[*] [0mFuzzing test case #284 (315 total, 0 crashes saved, state: started :-), mode=explore, perf_score=200, weight=1, favorite=1, was_fuzzed=1, exec_us=91, hits=0, map=238, ascii=0, run_time=0:00:00:28)...[0m
[1;94m[*] [0mFuzzing test case #161 (315 total, 0 crashes saved, state: started :-), mode=explore, perf_score=25, weight=1, favorite=1, was_fuzzed=1, exec_us=76, hits=0, map=78, ascii=0, run_time=0:00:00:28)...[0m
[1;94m[*] [0mFuzzing test case #302 (315 total, 0 crashes saved, state: started :-), mode=explore, perf_score=200, weight=0, favorite=0, was_fuzzed=0, exec_us=106, hits=0, map=313, ascii=0, run_time=0:00:00:28)...[0m
[1;94m[*] [0mFuzzing test case #94 (315 total, 0 crashes saved, state: started :-), mode=explore, perf_score=25, weight=1, favorite=0, was_fuzzed=1, exec_us=81, hits=0, map=74, ascii=0, run_time=0:00:00:28)...[0m
[1;94m[*] [0mFuzzing test case #185 (315 total, 0 crashes saved, state: started :-), mode=explore, perf_score=50, weight=1, favorite=1, was_fuzzed=1, exec_us=78, hits=0, map=91, ascii=0, run_time=0:00:00:28)...[0m
[1;94m[*] [0mFuzzing test case #94 (315 total, 0 crashes saved, state: started :-), mode=explore, perf_score=25, weight=1, favorite=0, was_fuzzed=1, exec_us=81, hits=0, map=74, ascii=0, run_time=0:00:00:28)...[0m
[1;94m[*] [0mFuzzing test case #305 (315 total, 0 crashes saved, state: started :-), mode=explore, perf_score=150, weight=1, favorite=1, was_fuzzed=1, exec_us=96, hits=0, map=156, ascii=0, run_time=0:00:00:28)...[0m
[1;94m[*] [0mFuzzing test case #270 (315 total, 0 crashes saved, state: started :-), mode=explore, perf_score=200, weight=0, favorite=0, was_fuzzed=1, exec_us=103, hits=0, map=203, ascii=0, run_time=0:00:00:28)...[0m
[1;94m[*] [0mFuzzing test case #284 (315 total, 0 crashes saved, state: started :-), mode=explore, perf_score=200, weight=1, favorite=1, was_fuzzed=1, exec_us=91, hits=0, map=238, ascii=0, run_time=0:00:00:28)...[0m
[1;94m[*] [0mFuzzing test case #83 (315 total, 0 crashes saved, state: started :-), mode=explore, perf_score=100, weight=0, favorite=1, was_fuzzed=1, exec_us=120, hits=0, map=329, ascii=0, run_time=0:00:00:28)...[0m
[1;94m[*] [0mFuzzing test case #242 (315 total, 0 crashes saved, state: started :-), mode=explore, perf_score=100, weight=1, favorite=1, was_fuzzed=1, exec_us=102, hits=0, map=277, ascii=0, run_time=0:00:00:28)...[0m
[1;94m[*] [0mFuzzing test case #5 (315 total, 0 crashes saved, state: started :-), mode=explore, perf_score=25, weight=1, favorite=1, was_fuzzed=1, exec_us=78, hits=0, map=54, ascii=0, run_time=0:00:00:28)...[0m
[1;94m[*] [0mFuzzing test case #88 (315 total, 0 crashes saved, state: started :-), mode=explore, perf_score=150, weight=1, favorite=1, was_fuzzed=1, exec_us=102, hits=0, map=350, ascii=0, run_time=0:00:00:28)...[0m
[1;94m[*] [0mFuzzing test case #280 (315 total, 0 crashes saved, state: started :-), mode=explore, perf_score=200, weight=1, favorite=1, was_fuzzed=1, exec_us=102, hits=0, map=287, ascii=0, run_time=0:00:00:28)...[0m
[1;94m[*] [0mFuzzing test case #170 (315 total, 0 crashes saved, state: started :-), mode=explore, perf_score=100, weight=1, favorite=0, was_fuzzed=1, exec_us=102, hits=0, map=262, ascii=0, run_time=0:00:00:28)...[0m
[1;94m[*] [0mFuzzing test case #292 (315 total, 0 crashes saved, state: started :-), mode=explore, perf_score=150, weight=1, favorite=1, was_fuzzed=1, exec_us=83, hits=0, map=158, ascii=0, run_time=0:00:00:28)...[0m
[1;94m[*] [0mFuzzing test case #185 (315 total, 0 crashes saved, state: started :-), mode=explore, perf_score=50, weight=1, favorite=1, was_fuzzed=1, exec_us=78, hits=0, map=91, ascii=0, run_time=0:00:00:28)...[0m
[1;94m[*] [0mFuzzing test case #284 (315 total, 0 crashes saved, state: started :-), mode=explore, perf_score=200, weight=1, favorite=1, was_fuzzed=1, exec_us=91, hits=0, map=238, ascii=0, run_time=0:00:00:28)...[0m
[1;94m[*] [0mFuzzing test case #308 (315 total, 0 crashes saved, state: started :-), mode=explore, perf_score=50, weight=1, favorite=1, was_fuzzed=1, exec_us=86, hits=0, map=90, ascii=0, run_time=0:00:00:28)...[0m
[1;94m[*] [0mFuzzing test case #126 (315 total, 0 crashes saved, state: started :-), mode=explore, perf_score=100, weight=1, favorite=0, was_fuzzed=1, exec_us=102, hits=0, map=296, ascii=0, run_time=0:00:00:28)...[0m
[1;94m[*] [0mFuzzing test case #154 (315 total, 0 crashes saved, state: started :-), mode=explore, perf_score=25, weight=1, favorite=1, was_fuzzed=1, exec_us=79, hits=0, map=75, ascii=0, run_time=0:00:00:28)...[0m
[1;94m[*] [0mFuzzing test case #8 (315 total, 0 crashes saved, state: started :-), mode=explore, perf_score=25, weight=1, favorite=1, was_fuzzed=1, exec_us=81, hits=0, map=78, ascii=0, run_time=0:00:00:28)...[0m
[1;94m[*] [0mFuzzing test case #254 (315 total, 0 crashes saved, state: started :-), mode=explore, perf_score=200, weight=1, favorite=1, was_fuzzed=1, exec_us=95, hits=0, map=223, ascii=0, run_time=0:00:00:28)...[0m
[1;94m[*] [0mFuzzing test case #0 (315 total, 0 crashes saved, state: started :-), mode=explore, perf_score=25, weight=1, favorite=1, was_fuzzed=1, exec_us=95, hits=0, map=47, ascii=0, run_time=0:00:00:28)...[0m
[1;94m[*] [0mFuzzing test case #183 (315 total, 0 crashes saved, state: started :-), mode=explore, perf_score=100, weight=0, favorite=1, was_fuzzed=1, exec_us=109, hits=0, map=326, ascii=0, run_time=0:00:00:28)...[0m
[1;94m[*] [0mFuzzing test case #284 (315 total, 0 crashes saved, state: started :-), mode=explore, perf_score=200, weight=1, favorite=1, was_fuzzed=1, exec_us=91, hits=0, map=238, ascii=0, run_time=0:00:00:28)...[0m
[1;94m[*] [0mFuzzing test case #10 (315 total, 0 crashes saved, state: started :-), mode=explore, perf_score=25, weight=1, favorite=1, was_fuzzed=1, exec_us=78, hits=0, map=79, ascii=0, run_time=0:00:00:28)...[0m
[1;94m[*] [0mFuzzing test case #293 (315 total, 0 crashes saved, state: started :-), mode=explore, perf_score=25, weight=1, favorite=1, was_fuzzed=1, exec_us=87, hits=0, map=66, ascii=0, run_time=0:00:00:28)...[0m
[1;94m[*] [0mFuzzing test case #305 (315 total, 0 crashes saved, state: started :-), mode=explore, perf_score=150, weight=1, favorite=1, was_fuzzed=1, exec_us=96, hits=0, map=156, ascii=0, run_time=0:00:00:28)...[0m
[1;94m[*] [0mFuzzing test case #10 (315 total, 0 crashes saved, state: started :-), mode=explore, perf_score=25, weight=1, favorite=1, was_fuzzed=1, exec_us=78, hits=0, map=79, ascii=0, run_time=0:00:00:28)...[0m
[1;94m[*] [0mFuzzing test case #292 (315 total, 0 crashes saved, state: started :-), mode=explore, perf_score=150, weight=1, favorite=1, was_fuzzed=1, exec_us=83, hits=0, map=158, ascii=0, run_time=0:00:00:28)...[0m
[1;94m[*] [0mFuzzing test case #2 (315 total, 0 crashes saved, state: started :-), mode=explore, perf_score=25, weight=0, favorite=1, was_fuzzed=1, exec_us=90, hits=0, map=47, ascii=0, run_time=0:00:00:28)...[0m
[1;94m[*] [0mFuzzing test case #310 (315 total, 0 crashes saved, state: started :-), mode=explore, perf_score=200, weight=1, favorite=1, was_fuzzed=1, exec_us=93, hits=0, map=199, ascii=0, run_time=0:00:00:28)...[0m
[1;94m[*] [0mFuzzing test case #0 (315 total, 0 crashes saved, state: started :-), mode=explore, perf_score=25, weight=1, favorite=1, was_fuzzed=1, exec_us=95, hits=0, map=47, ascii=0, run_time=0:00:00:28)...[0m
[1;94m[*] [0mFuzzing test case #230 (315 total, 0 crashes saved, state: started :-), mode=explore, perf_score=100, weight=0, favorite=1, was_fuzzed=1, exec_us=107, hits=0, map=291, ascii=0, run_time=0:00:00:28)...[0m
[1;94m[*] [0mFuzzing test case #288 (315 total, 0 crashes saved, state: started :-), mode=explore, perf_score=100, weight=1, favorite=1, was_fuzzed=1, exec_us=82, hits=0, map=88, ascii=0, run_time=0:00:00:28)...[0m
[1;94m[*] [0mFuzzing test case #95 (315 total, 0 crashes saved, state: started :-), mode=explore, perf_score=25, weight=1, favorite=1, was_fuzzed=1, exec_us=84, hits=0, map=78, ascii=0, run_time=0:00:00:28)...[0m
[1;94m[*] [0mFuzzing test case #38 (315 total, 0 crashes saved, state: started :-), mode=explore, perf_score=100, weight=1, favorite=0, was_fuzzed=1, exec_us=100, hits=0, map=289, ascii=0, run_time=0:00:00:28)...[0m
[1;94m[*] [0mFuzzing test case #294 (315 total, 0 crashes saved, state: started :-), mode=explore, perf_score=100, weight=1, favorite=1, was_fuzzed=1, exec_us=81, hits=0, map=89, ascii=0, run_time=0:00:00:28)...[0m
[1;94m[*] [0mFuzzing test case #26 (315 total, 0 crashes saved, state: started :-), mode=explore, perf_score=100, weight=1, favorite=0, was_fuzzed=1, exec_us=102, hits=0, map=282, ascii=0, run_time=0:00:00:28)...[0m
[1;94m[*] [0mFuzzing test case #242 (315 total, 0 crashes saved, state: started :-), mode=explore, perf_score=100, weight=1, favorite=1, was_fuzzed=1, exec_us=102, hits=0, map=277, ascii=0, run_time=0:00:00:28)...[0m
[1;94m[*] [0mFuzzing test case #312 (315 total, 0 crashes saved, state: started :-), mode=explore, perf_score=200, weight=1, favorite=0, was_fuzzed=0, exec_us=136, hits=0, map=274, ascii=0, run_time=0:00:00:28)...[0m
[1;94m[*] [0mFuzzing test case #6 (315 total, 0 crashes saved, state: started :-), mode=explore, perf_score=25, weight=1, favorite=1, was_fuzzed=1, exec_us=102, hits=0, map=57, ascii=0, run_time=0:00:00:28)...[0m
[1;94m[*] [0mFuzzing test case #2 (315 total, 0 crashes saved, state: started :-), mode=explore, perf_score=25, weight=0, favorite=1, was_fuzzed=1, exec_us=90, hits=0, map=47, ascii=0, run_time=0:00:00:28)...[0m
[1;94m[*] [0mFuzzing test case #297 (315 total, 0 crashes saved, state: started :-), mode=explore, perf_score=100, weight=0, favorite=0, was_fuzzed=0, exec_us=109, hits=0, map=308, ascii=0, run_time=0:00:00:28)...[0m
[1;94m[*] [0mFuzzing test case #3 (315 total, 0 crashes saved, state: started :-), mode=explore, perf_score=25, weight=1, favorite=1, was_fuzzed=1, exec_us=81, hits=0, map=47, ascii=0, run_time=0:00:00:28)...[0m
[1;94m[*] [0mFuzzing test case #165 (315 total, 0 crashes saved, state: started :-), mode=explore, perf_score=50, weight=1, favorite=1, was_fuzzed=1, exec_us=79, hits=0, map=89, ascii=0, run_time=0:00:00:28)...[0m
[1;94m[*] [0mFuzzing test case #231 (315 total, 0 crashes saved, state: started :-), mode=explore, perf_score=100, weight=1, favorite=1, was_fuzzed=1, exec_us=94, hits=0, map=204, ascii=0, run_time=0:00:00:28)...[0m
[1;94m[*] [0mFuzzing test case #162 (315 total, 0 crashes saved, state: started :-), mode=explore, perf_score=25, weight=1, favorite=1, was_fuzzed=1, exec_us=77, hits=0, map=78, ascii=0, run_time=0:00:00:28)...[0m
[1;94m[*] [0mFuzzing test case #254 (315 total, 0 crashes saved, state: started :-), mode=explore, perf_score=200, weight=1, favorite=1, was_fuzzed=1, exec_us=95, hits=0, map=223, ascii=0, run_time=0:00:00:28)...[0m
[1;94m[*] [0mFuzzing test case #90 (315 total, 0 crashes saved, state: started :-), mode=explore, perf_score=100, weight=1, favorite=1, was_fuzzed=1, exec_us=102, hits=0, map=309, ascii=0, run_time=0:00:00:28)...[0m
[1;94m[*] [0mFuzzing test case #271 (315 total, 0 crashes saved, state: started :-), mode=explore, perf_score=200, weight=1, favorite=1, was_fuzzed=1, exec_us=90, hits=0, map=235, ascii=0, run_time=0:00:00:28)...[0m
[1;94m[*] [0mFuzzing test case #188 (315 total, 0 crashes saved, state: started :-), mode=explore, perf_score=50, weight=1, favorite=1, was_fuzzed=1, exec_us=82, hits=0, map=90, ascii=0, run_time=0:00:00:28)...[0m
[1;94m[*] [0mFuzzing test case #292 (315 total, 0 crashes saved, state: started :-), mode=explore, perf_score=150, weight=1, favorite=1, was_fuzzed=1, exec_us=83, hits=0, map=158, ascii=0, run_time=0:00:00:28)...[0m
[1;94m[*] [0mFuzzing test case #271 (315 total, 0 crashes saved, state: started :-), mode=explore, perf_score=200, weight=1, favorite=1, was_fuzzed=1, exec_us=90, hits=0, map=235, ascii=0, run_time=0:00:00:28)...[0m
[1;94m[*] [0mFuzzing test case #93 (315 total, 0 crashes saved, state: started :-), mode=explore, perf_score=25, weight=0, favorite=1, was_fuzzed=1, exec_us=109, hits=0, map=69, ascii=0, run_time=0:00:00:28)...[0m
[1;94m[*] [0mFuzzing test case #95 (315 total, 0 crashes saved, state: started :-), mode=explore, perf_score=25, weight=1, favorite=1, was_fuzzed=1, exec_us=84, hits=0, map=78, ascii=0, run_time=0:00:00:28)...[0m
[1;94m[*] [0mFuzzing test case #256 (315 total, 0 crashes saved, state: started :-), mode=explore, perf_score=200, weight=1, favorite=1, was_fuzzed=1, exec_us=90, hits=0, map=224, ascii=0, run_time=0:00:00:28)...[0m
[1;94m[*] [0mFuzzing test case #100 (315 total, 0 crashes saved, state: started :-), mode=explore, perf_score=100, weight=1, favorite=0, was_fuzzed=1, exec_us=100, hits=0, map=251, ascii=0, run_time=0:00:00:28)...[0m
[1;94m[*] [0mFuzzing test case #20 (315 total, 0 crashes saved, state: started :-), mode=explore, perf_score=100, weight=1, favorite=0, was_fuzzed=1, exec_us=98, hits=0, map=279, ascii=0, run_time=0:00:00:28)...[0m
[1;94m[*] [0mFuzzing test case #96 (315 total, 0 crashes saved, state: started :-), mode=explore, perf_score=50, weight=1, favorite=1, was_fuzzed=1, exec_us=82, hits=0, map=84, ascii=0, run_time=0:00:00:28)...[0m
[1;94m[*] [0mFuzzing test case #262 (315 total, 0 crashes saved, state: started :-), mode=explore, perf_score=200, weight=1, favorite=1, was_fuzzed=1, exec_us=99, hits=0, map=257, ascii=0, run_time=0:00:00:28)...[0m
[1;94m[*] [0mFuzzing test case #0 (315 total, 0 crashes saved, state: started :-), mode=explore, perf_score=25, weight=1, favorite=1, was_fuzzed=1, exec_us=95, hits=0, map=47, ascii=0, run_time=0:00:00:29)...[0m
[1;94m[*] [0mFuzzing test case #293 (315 total, 0 crashes saved, state: started :-), mode=explore, perf_score=25, weight=1, favorite=1, was_fuzzed=1, exec_us=87, hits=0, map=66, ascii=0, run_time=0:00:00:29)...[0m
[1;94m[*] [0mFuzzing test case #277 (315 total, 0 crashes saved, state: started :-), mode=explore, perf_score=200, weight=1, favorite=1, was_fuzzed=1, exec_us=84, hits=0, map=182, ascii=0, run_time=0:00:00:29)...[0m
[1;94m[*] [0mFuzzing test case #22 (315 total, 0 crashes saved, state: started :-), mode=explore, perf_score=100, weight=1, favorite=0, was_fuzzed=1, exec_us=99, hits=0, map=281, ascii=0, run_time=0:00:00:29)...[0m
[1;94m[*] [0mFuzzing test case #185 (315 total, 0 crashes saved, state: started :-), mode=explore, perf_score=50, weight=1, favorite=1, was_fuzzed=1, exec_us=78, hits=0, map=91, ascii=0, run_time=0:00:00:29)...[0m
[1;94m[*] [0mFuzzing test case #3 (315 total, 0 crashes saved, state: started :-), mode=explore, perf_score=25, weight=1, favorite=1, was_fuzzed=1, exec_us=81, hits=0, map=47, ascii=0, run_time=0:00:00:29)...[0m
[1;94m[*] [0mFuzzing test case #271 (315 total, 0 crashes saved, state: started :-), mode=explore, perf_score=200, weight=1, favorite=1, was_fuzzed=1, exec_us=90, hits=0, map=235, ascii=0, run_time=0:00:00:29)...[0m
[1;94m[*] [0mFuzzing test case #280 (315 total, 0 crashes saved, state: started :-), mode=explore, perf_score=200, weight=1, favorite=1, was_fuzzed=1, exec_us=102, hits=0, map=287, ascii=0, run_time=0:00:00:29)...[0m
[1;94m[*] [0mFuzzing test case #251 (315 total, 0 crashes saved, state: started :-), mode=explore, perf_score=100, weight=1, favorite=0, was_fuzzed=1, exec_us=82, hits=0, map=174, ascii=0, run_time=0:00:00:29)...[0m
[1;94m[*] [0mFuzzing test case #146 (315 total, 0 crashes saved, state: started :-), mode=explore, perf_score=100, weight=0, favorite=1, was_fuzzed=1, exec_us=105, hits=0, map=285, ascii=0, run_time=0:00:00:29)...[0m
[1;94m[*] [0mFuzzing test case #256 (315 total, 0 crashes saved, state: started :-), mode=explore, perf_score=200, weight=1, favorite=1, was_fuzzed=1, exec_us=90, hits=0, map=224, ascii=0, run_time=0:00:00:29)...[0m
[1;94m[*] [0mFuzzing test case #165 (315 total, 0 crashes saved, state: started :-), mode=explore, perf_score=50, weight=1, favorite=1, was_fuzzed=1, exec_us=79, hits=0, map=89, ascii=0, run_time=0:00:00:29)...[0m
[1;94m[*] [0mFuzzing test case #6 (315 total, 0 crashes saved, state: started :-), mode=explore, perf_score=25, weight=1, favorite=1, was_fuzzed=1, exec_us=102, hits=0, map=57, ascii=0, run_time=0:00:00:29)...[0m
[1;94m[*] [0mFuzzing test case #188 (315 total, 0 crashes saved, state: started :-), mode=explore, perf_score=50, weight=1, favorite=1, was_fuzzed=1, exec_us=82, hits=0, map=90, ascii=0, run_time=0:00:00:29)...[0m
[1;94m[*] [0mFuzzing test case #155 (315 total, 0 crashes saved, state: started :-), mode=explore, perf_score=100, weight=1, favorite=1, was_fuzzed=1, exec_us=102, hits=0, map=293, ascii=0, run_time=0:00:00:29)...[0m
[1;94m[*] [0mFuzzing test case #10 (315 total, 0 crashes saved, state: started :-), mode=explore, perf_score=25, weight=1, favorite=1, was_fuzzed=1, exec_us=78, hits=0, map=79, ascii=0, run_time=0:00:00:29)...[0m
[1;94m[*] [0mFuzzing test case #95 (315 total, 0 crashes saved, state: started :-), mode=explore, perf_score=25, weight=1, favorite=1, was_fuzzed=1, exec_us=84, hits=0, map=78, ascii=0, run_time=0:00:00:29)...[0m
[1;94m[*] [0mFuzzing test case #247 (315 total, 0 crashes saved, state: started :-), mode=explore, perf_score=100, weight=1, favorite=1, was_fuzzed=1, exec_us=98, hits=0, map=291, ascii=0, run_time=0:00:00:29)...[0m
[1;94m[*] [0mFuzzing test case #133 (315 total, 0 crashes saved, state: started :-), mode=explore, perf_score=100, weight=0, favorite=1, was_fuzzed=1, exec_us=104, hits=0, map=331, ascii=0, run_time=0:00:00:29)...[0m
[1;94m[*] [0mFuzzing test case #242 (315 total, 0 crashes saved, state: started :-), mode=explore, perf_score=100, weight=1, favorite=1, was_fuzzed=1, exec_us=102, hits=0, map=277, ascii=0, run_time=0:00:00:29)...[0m
[1;94m[*] [0mFuzzing test case #161 (315 total, 0 crashes saved, state: started :-), mode=explore, perf_score=25, weight=1, favorite=1, was_fuzzed=1, exec_us=76, hits=0, map=78, ascii=0, run_time=0:00:00:29)...[0m
[1;94m[*] [0mFuzzing test case #44 (315 total, 0 crashes saved, state: started :-), mode=explore, perf_score=100, weight=1, favorite=0, was_fuzzed=1, exec_us=102, hits=0, map=270, ascii=0, run_time=0:00:00:29)...[0m
[1;94m[*] [0mFuzzing test case #168 (315 total, 0 crashes saved, state: started :-), mode=explore, perf_score=100, weight=1, favorite=1, was_fuzzed=1, exec_us=101, hits=0, map=302, ascii=0, run_time=0:00:00:29)...[0m
[1;94m[*] [0mFuzzing test case #95 (315 total, 0 crashes saved, state: started :-), mode=explore, perf_score=25, weight=1, favorite=1, was_fuzzed=1, exec_us=84, hits=0, map=78, ascii=0, run_time=0:00:00:29)...[0m
[1;94m[*] [0mFuzzing test case #43 (315 total, 0 crashes saved, state: started :-), mode=explore, perf_score=100, weight=1, favorite=0, was_fuzzed=1, exec_us=101, hits=0, map=285, ascii=0, run_time=0:00:00:29)...[0m
[1;94m[*] [0mFuzzing test case #152 (315 total, 0 crashes saved, state: started :-), mode=explore, perf_score=25, weight=1, favorite=0, was_fuzzed=1, exec_us=79, hits=0, map=80, ascii=0, run_time=0:00:00:29)...[0m
[1;94m[*] [0mFuzzing test case #168 (315 total, 0 crashes saved, state: started :-), mode=explore, perf_score=100, weight=1, favorite=1, was_fuzzed=1, exec_us=101, hits=0, map=302, ascii=0, run_time=0:00:00:29)...[0m
[1;94m[*] [0mFuzzing test case #310 (315 total, 0 crashes saved, state: started :-), mode=explore, perf_score=200, weight=1, favorite=1, was_fuzzed=1, exec_us=93, hits=0, map=199, ascii=0, run_time=0:00:00:29)...[0m
[1;94m[*] [0mFuzzing test case #247 (315 total, 0 crashes saved, state: started :-), mode=explore, perf_score=100, weight=1, favorite=1, was_fuzzed=1, exec_us=98, hits=0, map=291, ascii=0, run_time=0:00:00:29)...[0m
[1;94m[*] [0mFuzzing test case #160 (315 total, 0 crashes saved, state: started :-), mode=explore, perf_score=25, weight=1, favorite=1, was_fuzzed=1, exec_us=75, hits=0, map=78, ascii=0, run_time=0:00:00:29)...[0m
[1;94m[*] [0mFuzzing test case #262 (315 total, 0 crashes saved, state: started :-), mode=explore, perf_score=200, weight=1, favorite=1, was_fuzzed=1, exec_us=99, hits=0, map=257, ascii=0, run_time=0:00:00:29)...[0m
[1;94m[*] [0mFuzzing test case #280 (315 total, 0 crashes saved, state: started :-), mode=explore, perf_score=200, weight=1, favorite=1, was_fuzzed=1, exec_us=102, hits=0, map=287, ascii=0, run_time=0:00:00:29)...[0m
[1;94m[*] [0mFuzzing test case #15 (315 total, 0 crashes saved, state: started :-), mode=explore, perf_score=100, weight=0, favorite=1, was_fuzzed=1, exec_us=103, hits=0, map=285, ascii=0, run_time=0:00:00:29)...[0m
[1;94m[*] [0mFuzzing test case #187 (315 total, 0 crashes saved, state: started :-), mode=explore, perf_score=25, weight=1, favorite=0, was_fuzzed=1, exec_us=79, hits=0, map=77, ascii=0, run_time=0:00:00:29)...[0m
[1;94m[*] [0mFuzzing test case #128 (315 total, 0 crashes saved, state: started :-), mode=explore, perf_score=100, weight=0, favorite=0, was_fuzzed=1, exec_us=103, hits=0, map=299, ascii=0, run_time=0:00:00:29)...[0m
[1;94m[*] [0mFuzzing test case #231 (315 total, 0 crashes saved, state: started :-), mode=explore, perf_score=100, weight=1, favorite=1, was_fuzzed=1, exec_us=94, hits=0, map=204, ascii=0, run_time=0:00:00:29)...[0m
[1;94m[*] [0mFuzzing test case #262 (315 total, 0 crashes saved, state: started :-), mode=explore, perf_score=200, weight=1, favorite=1, was_fuzzed=1, exec_us=99, hits=0, map=257, ascii=0, run_time=0:00:00:29)...[0m
[1;94m[*] [0mFuzzing test case #180 (315 total, 0 crashes saved, state: started :-), mode=explore, perf_score=25, weight=1, favorite=1, was_fuzzed=1, exec_us=77, hits=0, map=65, ascii=0, run_time=0:00:00:29)...[0m
[1;94m[*] [0mFuzzing test case #290 (315 total, 0 crashes saved, state: started :-), mode=explore, perf_score=100, weight=1, favorite=1, was_fuzzed=1, exec_us=83, hits=0, map=91, ascii=0, run_time=0:00:00:29)...[0m
[1;94m[*] [0mFuzzing test case #188 (315 total, 0 crashes saved, state: started :-), mode=explore, perf_score=50, weight=1, favorite=1, was_fuzzed=1, exec_us=82, hits=0, map=90, ascii=0, run_time=0:00:00:29)...[0m
[1;94m[*] [0mFuzzing test case #288 (315 total, 0 crashes saved, state: started :-), mode=explore, perf_score=100, weight=1, favorite=1, was_fuzzed=1, exec_us=82, hits=0, map=88, ascii=0, run_time=0:00:00:29)...[0m
[1;94m[*] [0mFuzzing test case #97 (315 total, 0 crashes saved, state: started :-), mode=explore, perf_score=100, weight=1, favorite=0, was_fuzzed=1, exec_us=135, hits=0, map=303, ascii=0, run_time=0:00:00:29)...[0m
[1;94m[*] [0mFuzzing test case #284 (315 total, 0 crashes saved, state: started :-), mode=explore, perf_score=200, weight=1, favorite=1, was_fuzzed=1, exec_us=91, hits=0, map=238, ascii=0, run_time=0:00:00:29)...[0m
[1;94m[*] [0mFuzzing test case #271 (315 total, 0 crashes saved, state: started :-), mode=explore, perf_score=200, weight=1, favorite=1, was_fuzzed=1, exec_us=90, hits=0, map=235, ascii=0, run_time=0:00:00:29)...[0m
[1;94m[*] [0mFuzzing test case #168 (315 total, 0 crashes saved, state: started :-), mode=explore, perf_score=100, weight=1, favorite=1, was_fuzzed=1, exec_us=101, hits=0, map=302, ascii=0, run_time=0:00:00:29)...[0m
[1;94m[*] [0mFuzzing test case #3 (315 total, 0 crashes saved, state: started :-), mode=explore, perf_score=25, weight=1, favorite=1, was_fuzzed=1, exec_us=81, hits=0, map=47, ascii=0, run_time=0:00:00:29)...[0m
[1;94m[*] [0mFuzzing test case #186 (315 total, 0 crashes saved, state: started :-), mode=explore, perf_score=25, weight=1, favorite=1, was_fuzzed=1, exec_us=78, hits=0, map=68, ascii=0, run_time=0:00:00:29)...[0m
[1;94m[*] [0mFuzzing test case #40 (315 total, 0 crashes saved, state: started :-), mode=explore, perf_score=100, weight=1, favorite=0, was_fuzzed=1, exec_us=100, hits=0, map=249, ascii=0, run_time=0:00:00:29)...[0m
[1;94m[*] [0mFuzzing test case #271 (315 total, 0 crashes saved, state: started :-), mode=explore, perf_score=200, weight=1, favorite=1, was_fuzzed=1, exec_us=90, hits=0, map=235, ascii=0, run_time=0:00:00:29)...[0m
[1;94m[*] [0mFuzzing test case #4 (315 total, 0 crashes saved, state: started :-), mode=explore, perf_score=25, weight=1, favorite=1, was_fuzzed=1, exec_us=79, hits=0, map=47, ascii=0, run_time=0:00:00:29)...[0m
[1;94m[*] [0mFuzzing test case #188 (315 total, 0 crashes saved, state: started :-), mode=explore, perf_score=50, weight=1, favorite=1, was_fuzzed=1, exec_us=82, hits=0, map=90, ascii=0, run_time=0:00:00:29)...[0m
[1;94m[*] [0mFuzzing test case #315 (316 total, 0 crashes saved, state: started :-), mode=explore, perf_score=100, weight=1, favorite=1, was_fuzzed=0, exec_us=80, hits=0, map=88, ascii=0, run_time=0:00:00:29)...[0m
[1;94m[*] [0mFuzzing test case #194 (316 total, 0 crashes saved, state: started :-), mode=explore, perf_score=100, weight=1, favorite=1, was_fuzzed=1, exec_us=91, hits=0, map=193, ascii=0, run_time=0:00:00:29)...[0m
[1;94m[*] [0mFuzzing test case #305 (316 total, 0 crashes saved, state: started :-), mode=explore, perf_score=150, weight=1, favorite=1, was_fuzzed=1, exec_us=96, hits=0, map=156, ascii=0, run_time=0:00:00:29)...[0m
[1;94m[*] [0mFuzzing test case #160 (316 total, 0 crashes saved, state: started :-), mode=explore, perf_score=25, weight=1, favorite=1, was_fuzzed=1, exec_us=75, hits=0, map=78, ascii=0, run_time=0:00:00:29)...[0m
[1;94m[*] [0mFuzzing test case #254 (316 total, 0 crashes saved, state: started :-), mode=explore, perf_score=200, weight=1, favorite=1, was_fuzzed=1, exec_us=95, hits=0, map=223, ascii=0, run_time=0:00:00:29)...[0m
[1;94m[*] [0mFuzzing test case #176 (316 total, 0 crashes saved, state: started :-), mode=explore, perf_score=100, weight=1, favorite=0, was_fuzzed=1, exec_us=102, hits=0, map=268, ascii=0, run_time=0:00:00:29)...[0m
[1;94m[*] [0mFuzzing test case #189 (316 total, 0 crashes saved, state: started :-), mode=explore, perf_score=75, weight=1, favorite=0, was_fuzzed=1, exec_us=96, hits=0, map=161, ascii=0, run_time=0:00:00:29)...[0m
[1;94m[*] [0mFuzzing test case #293 (316 total, 0 crashes saved, state: started :-), mode=explore, perf_score=25, weight=1, favorite=1, was_fuzzed=1, exec_us=87, hits=0, map=66, ascii=0, run_time=0:00:00:29)...[0m
[1;94m[*] [0mFuzzing test case #190 (316 total, 0 crashes saved, state: started :-), mode=explore, perf_score=100, weight=1, favorite=1, was_fuzzed=1, exec_us=86, hits=0, map=171, ascii=0, run_time=0:00:00:29)...[0m
[1;94m[*] [0mFuzzing test case #280 (316 total, 0 crashes saved, state: started :-), mode=explore, perf_score=200, weight=1, favorite=1, was_fuzzed=1, exec_us=102, hits=0, map=287, ascii=0, run_time=0:00:00:29)...[0m
[1;94m[*] [0mFuzzing test case #231 (316 total, 0 crashes saved, state: started :-), mode=explore, perf_score=100, weight=1, favorite=1, was_fuzzed=1, exec_us=94, hits=0, map=204, ascii=0, run_time=0:00:00:29)...[0m
[1;94m[*] [0mFuzzing test case #95 (316 total, 0 crashes saved, state: started :-), mode=explore, perf_score=25, weight=1, favorite=1, was_fuzzed=1, exec_us=84, hits=0, map=78, ascii=0, run_time=0:00:00:29)...[0m
[1;94m[*] [0mFuzzing test case #247 (316 total, 0 crashes saved, state: started :-), mode=explore, perf_score=100, weight=1, favorite=1, was_fuzzed=1, exec_us=98, hits=0, map=291, ascii=0, run_time=0:00:00:29)...[0m
[1;94m[*] [0mFuzzing test case #247 (316 total, 0 crashes saved, state: started :-), mode=explore, perf_score=100, weight=1, favorite=1, was_fuzzed=1, exec_us=98, hits=0, map=291, ascii=0, run_time=0:00:00:29)...[0m
[1;94m[*] [0mFuzzing test case #128 (316 total, 0 crashes saved, state: started :-), mode=explore, perf_score=100, weight=0, favorite=0, was_fuzzed=1, exec_us=103, hits=0, map=299, ascii=0, run_time=0:00:00:29)...[0m
[1;94m[*] [0mFuzzing test case #283 (316 total, 0 crashes saved, state: started :-), mode=explore, perf_score=50, weight=1, favorite=1, was_fuzzed=1, exec_us=81, hits=0, map=78, ascii=0, run_time=0:00:00:29)...[0m
[1;94m[*] [0mFuzzing test case #12 (316 total, 0 crashes saved, state: started :-), mode=explore, perf_score=75, weight=0, favorite=0, was_fuzzed=1, exec_us=121, hits=0, map=154, ascii=0, run_time=0:00:00:29)...[0m
[1;94m[*] [0mFuzzing test case #5 (316 total, 0 crashes saved, state: started :-), mode=explore, perf_score=25, weight=1, favorite=1, was_fuzzed=1, exec_us=78, hits=0, map=54, ascii=0, run_time=0:00:00:29)...[0m
[1;94m[*] [0mFuzzing test case #161 (316 total, 0 crashes saved, state: started :-), mode=explore, perf_score=25, weight=1, favorite=1, was_fuzzed=1, exec_us=76, hits=0, map=78, ascii=0, run_time=0:00:00:29)...[0m
[1;94m[*] [0mFuzzing test case #6 (316 total, 0 crashes saved, state: started :-), mode=explore, perf_score=25, weight=1, favorite=1, was_fuzzed=1, exec_us=102, hits=0, map=57, ascii=0, run_time=0:00:00:29)...[0m
[1;94m[*] [0mFuzzing test case #88 (316 total, 0 crashes saved, state: started :-), mode=explore, perf_score=150, weight=1, favorite=1, was_fuzzed=1, exec_us=102, hits=0, map=350, ascii=0, run_time=0:00:00:29)...[0m
[1;94m[*] [0mFuzzing test case #185 (316 total, 0 crashes saved, state: started :-), mode=explore, perf_score=50, weight=1, favorite=1, was_fuzzed=1, exec_us=78, hits=0, map=91, ascii=0, run_time=0:00:00:29)...[0m
[1;94m[*] [0mFuzzing test case #180 (316 total, 0 crashes saved, state: started :-), mode=explore, perf_score=25, weight=1, favorite=1, was_fuzzed=1, exec_us=77, hits=0, map=65, ascii=0, run_time=0:00:00:29)...[0m
[1;94m[*] [0mFuzzing test case #95 (316 total, 0 crashes saved, state: started :-), mode=explore, perf_score=25, weight=1, favorite=1, was_fuzzed=1, exec_us=84, hits=0, map=78, ascii=0, run_time=0:00:00:29)...[0m
[1;94m[*] [0mFuzzing test case #254 (316 total, 0 crashes saved, state: started :-), mode=explore, perf_score=200, weight=1, favorite=1, was_fuzzed=1, exec_us=95, hits=0, map=223, ascii=0, run_time=0:00:00:29)...[0m
[1;94m[*] [0mFuzzing test case #10 (316 total, 0 crashes saved, state: started :-), mode=explore, perf_score=25, weight=1, favorite=1, was_fuzzed=1, exec_us=78, hits=0, map=79, ascii=0, run_time=0:00:00:29)...[0m
[1;94m[*] [0mFuzzing test case #240 (316 total, 0 crashes saved, state: started :-), mode=explore, perf_score=100, weight=1, favorite=1, was_fuzzed=1, exec_us=130, hits=0, map=294, ascii=0, run_time=0:00:00:29)...[0m
[1;94m[*] [0mFuzzing test case #168 (316 total, 0 crashes saved, state: started :-), mode=explore, perf_score=100, weight=1, favorite=1, was_fuzzed=1, exec_us=101, hits=0, map=302, ascii=0, run_time=0:00:00:29)...[0m
[1;94m[*] [0mFuzzing test case #263 (316 total, 0 crashes saved, state: started :-), mode=explore, perf_score=200, weight=1, favorite=1, was_fuzzed=1, exec_us=102, hits=0, map=255, ascii=0, run_time=0:00:00:29)...[0m
[1;94m[*] [0mFuzzing test case #30 (316 total, 0 crashes saved, state: started :-), mode=explore, perf_score=100, weight=1, favorite=0, was_fuzzed=1, exec_us=100, hits=0, map=265, ascii=0, run_time=0:00:00:29)...[0m
[1;94m[*] [0mFuzzing test case #0 (316 total, 0 crashes saved, state: started :-), mode=explore, perf_score=25, weight=1, favorite=1, was_fuzzed=1, exec_us=95, hits=0, map=47, ascii=0, run_time=0:00:00:29)...[0m
[1;94m[*] [0mFuzzing test case #186 (316 total, 0 crashes saved, state: started :-), mode=explore, perf_score=25, weight=1, favorite=1, was_fuzzed=1, exec_us=78, hits=0, map=68, ascii=0, run_time=0:00:00:29)...[0m
[1;94m[*] [0mFuzzing test case #8 (316 total, 0 crashes saved, state: started :-), mode=explore, perf_score=25, weight=1, favorite=1, was_fuzzed=1, exec_us=81, hits=0, map=78, ascii=0, run_time=0:00:00:29)...[0m
[1;94m[*] [0mFuzzing test case #315 (316 total, 0 crashes saved, state: started :-), mode=explore, perf_score=200, weight=1, favorite=1, was_fuzzed=1, exec_us=80, hits=0, map=88, ascii=0, run_time=0:00:00:29)...[0m
[1;94m[*] [0mFuzzing test case #6 (316 total, 0 crashes saved, state: started :-), mode=explore, perf_score=25, weight=1, favorite=1, was_fuzzed=1, exec_us=102, hits=0, map=57, ascii=0, run_time=0:00:00:29)...[0m
[1;94m[*] [0mFuzzing test case #168 (316 total, 0 crashes saved, state: started :-), mode=explore, perf_score=100, weight=1, favorite=1, was_fuzzed=1, exec_us=101, hits=0, map=302, ascii=0, run_time=0:00:00:29)...[0m
[1;94m[*] [0mFuzzing test case #305 (316 total, 0 crashes saved, state: started :-), mode=explore, perf_score=150, weight=1, favorite=1, was_fuzzed=1, exec_us=96, hits=0, map=156, ascii=0, run_time=0:00:00:29)...[0m
[1;94m[*] [0mFuzzing test case #155 (316 total, 0 crashes saved, state: started :-), mode=explore, perf_score=100, weight=1, favorite=1, was_fuzzed=1, exec_us=102, hits=0, map=293, ascii=0, run_time=0:00:00:29)...[0m
[1;94m[*] [0mFuzzing test case #80 (316 total, 0 crashes saved, state: started :-), mode=explore, perf_score=100, weight=0, favorite=1, was_fuzzed=1, exec_us=106, hits=0, map=320, ascii=0, run_time=0:00:00:29)...[0m
[1;94m[*] [0mFuzzing test case #195 (316 total, 0 crashes saved, state: started :-), mode=explore, perf_score=25, weight=1, favorite=1, was_fuzzed=1, exec_us=79, hits=0, map=78, ascii=0, run_time=0:00:00:29)...[0m
[1;94m[*] [0mFuzzing test case #2 (316 total, 0 crashes saved, state: started :-), mode=explore, perf_score=25, weight=0, favorite=1, was_fuzzed=1, exec_us=90, hits=0, map=47, ascii=0, run_time=0:00:00:29)...[0m
[1;94m[*] [0mFuzzing test case #133 (316 total, 0 crashes saved, state: started :-), mode=explore, perf_score=100, weight=0, favorite=1, was_fuzzed=1, exec_us=104, hits=0, map=331, ascii=0, run_time=0:00:00:29)...[0m
[1;94m[*] [0mFuzzing test case #292 (316 total, 0 crashes saved, state: started :-), mode=explore, perf_score=150, weight=1, favorite=1, was_fuzzed=1, exec_us=83, hits=0, map=158, ascii=0, run_time=0:00:00:29)...[0m
[1;94m[*] [0mFuzzing test case #165 (316 total, 0 crashes saved, state: started :-), mode=explore, perf_score=50, weight=1, favorite=1, was_fuzzed=1, exec_us=79, hits=0, map=89, ascii=0, run_time=0:00:00:29)...[0m
[1;94m[*] [0mFuzzing test case #3 (316 total, 0 crashes saved, state: started :-), mode=explore, perf_score=25, weight=1, favorite=1, was_fuzzed=1, exec_us=81, hits=0, map=47, ascii=0, run_time=0:00:00:29)...[0m
[1;94m[*] [0mFuzzing test case #256 (316 total, 0 crashes saved, state: started :-), mode=explore, perf_score=200, weight=1, favorite=1, was_fuzzed=1, exec_us=90, hits=0, map=224, ascii=0, run_time=0:00:00:29)...[0m
[1;94m[*] [0mFuzzing test case #221 (316 total, 0 crashes saved, state: started :-), mode=explore, perf_score=100, weight=1, favorite=0, was_fuzzed=1, exec_us=99, hits=0, map=298, ascii=0, run_time=0:00:00:29)...[0m
[1;94m[*] [0mFuzzing test case #240 (316 total, 0 crashes saved, state: started :-), mode=explore, perf_score=100, weight=1, favorite=1, was_fuzzed=1, exec_us=130, hits=0, map=294, ascii=0, run_time=0:00:00:29)...[0m
[1;94m[*] [0mFuzzing test case #271 (316 total, 0 crashes saved, state: started :-), mode=explore, perf_score=200, weight=1, favorite=1, was_fuzzed=1, exec_us=90, hits=0, map=235, ascii=0, run_time=0:00:00:29)...[0m
[1;94m[*] [0mFuzzing test case #127 (316 total, 0 crashes saved, state: started :-), mode=explore, perf_score=100, weight=0, favorite=1, was_fuzzed=1, exec_us=105, hits=0, map=293, ascii=0, run_time=0:00:00:29)...[0m
[1;94m[*] [0mFuzzing test case #234 (316 total, 0 crashes saved, state: started :-), mode=explore, perf_score=100, weight=0, favorite=1, was_fuzzed=1, exec_us=111, hits=0, map=291, ascii=0, run_time=0:00:00:29)...[0m
[1;94m[*] [0mFuzzing test case #308 (316 total, 0 crashes saved, state: started :-), mode=explore, perf_score=50, weight=1, favorite=1, was_fuzzed=1, exec_us=86, hits=0, map=90, ascii=0, run_time=0:00:00:29)...[0m
[1;94m[*] [0mFuzzing test case #316 (317 total, 0 crashes saved, state: started :-), mode=explore, perf_score=100, weight=1, favorite=1, was_fuzzed=0, exec_us=77, hits=0, map=90, ascii=0, run_time=0:00:00:29)...[0m
[1;94m[*] [0mFuzzing test case #280 (317 total, 0 crashes saved, state: started :-), mode=explore, perf_score=200, weight=1, favorite=1, was_fuzzed=1, exec_us=102, hits=0, map=287, ascii=0, run_time=0:00:00:29)...[0m
[1;94m[*] [0mFuzzing test case #154 (317 total, 0 crashes saved, state: started :-), mode=explore, perf_score=25, weight=1, favorite=1, was_fuzzed=1, exec_us=79, hits=0, map=75, ascii=0, run_time=0:00:00:29)...[0m
[1;94m[*] [0mFuzzing test case #190 (317 total, 0 crashes saved, state: started :-), mode=explore, perf_score=100, weight=1, favorite=1, was_fuzzed=1, exec_us=86, hits=0, map=171, ascii=0, run_time=0:00:00:29)...[0m
[1;94m[*] [0mFuzzing test case #277 (317 total, 0 crashes saved, state: started :-), mode=explore, perf_score=200, weight=1, favorite=1, was_fuzzed=1, exec_us=84, hits=0, map=182, ascii=0, run_time=0:00:00:29)...[0m
[1;94m[*] [0mFuzzing test case #292 (317 total, 0 crashes saved, state: started :-), mode=explore, perf_score=150, weight=1, favorite=1, was_fuzzed=1, exec_us=83, hits=0, map=158, ascii=0, run_time=0:00:00:29)...[0m
[1;94m[*] [0mFuzzing test case #305 (317 total, 0 crashes saved, state: started :-), mode=explore, perf_score=150, weight=1, favorite=1, was_fuzzed=1, exec_us=96, hits=0, map=156, ascii=0, run_time=0:00:00:29)...[0m
[1;94m[*] [0mFuzzing test case #195 (317 total, 0 crashes saved, state: started :-), mode=explore, perf_score=25, weight=1, favorite=1, was_fuzzed=1, exec_us=79, hits=0, map=78, ascii=0, run_time=0:00:00:29)...[0m
[1;94m[*] [0mFuzzing test case #231 (317 total, 0 crashes saved, state: started :-), mode=explore, perf_score=100, weight=1, favorite=1, was_fuzzed=1, exec_us=94, hits=0, map=204, ascii=0, run_time=0:00:00:29)...[0m
[1;94m[*] [0mFuzzing test case #197 (317 total, 0 crashes saved, state: started :-), mode=explore, perf_score=100, weight=0, favorite=1, was_fuzzed=1, exec_us=116, hits=0, map=330, ascii=0, run_time=0:00:00:29)...[0m
[1;94m[*] [0mFuzzing test case #168 (317 total, 0 crashes saved, state: started :-), mode=explore, perf_score=100, weight=1, favorite=1, was_fuzzed=1, exec_us=101, hits=0, map=302, ascii=0, run_time=0:00:00:29)...[0m
[1;94m[*] [0mFuzzing test case #288 (317 total, 0 crashes saved, state: started :-), mode=explore, perf_score=100, weight=1, favorite=1, was_fuzzed=1, exec_us=82, hits=0, map=88, ascii=0, run_time=0:00:00:29)...[0m
[1;94m[*] [0mFuzzing test case #167 (317 total, 0 crashes saved, state: started :-), mode=explore, perf_score=100, weight=1, favorite=1, was_fuzzed=1, exec_us=87, hits=0, map=172, ascii=0, run_time=0:00:00:30)...[0m
[?25h[1;91m

+++ Testing aborted programmatically +++
[0m[1;93m[!] [0mTime limit was reached
[1;94m[*] [0mStatistics: 315 new corpus items found, 46.14% coverage achieved, 0 crashes saved, 0 timeouts saved, total runtime 0 days, 0 hrs, 0 min, 30 sec[0m
[1;92m[+] [0mfastresume.bin successfully written with 54781 bytes.[0m
[1;94m[*] [0mcon_exec_cnt: 299044[0m
[1;94m[*] [0mcon_exec_cnt_total: 6230083.333333[0m
[1;92m[+] [0mWe're done here. Have a nice day!
[0m
